Ссылка;Название;Сайт;Телефон;Email;Рубрики
"https://icatalog.expocentr.ru/ru/exhibitions/a94ff0c2-5685-11f0-80d0-a0d3c1fab97f/exhibitors/384066?&stand=14E120";"ANHUI IAPACK MACHINERY CO. LTD";"http://www.iapack.com/";"+86 13225695685";"Sophia@ziapack.com";"Упаковочное оборудование Автоматизация пищевых производств и технологических процессов Системы автоматизации управления производственными процессами"
"https://icatalog.expocentr.ru/ru/exhibitions/a94ff0c2-5685-11f0-80d0-a0d3c1fab97f/exhibitors/384174?&stand=14C060";"ATHA MAKINA A.S.";"http://www.athapack.com/";"+90 2323757411";"info@athapack.com";"Комплексные упаковочные линии Вертикальные упаковочные машины Горизонтальные упаковочные машины Упаковочное оборудование и материалы Упаковочные линии Взвешивание сыпучих материалов в потоке, системы взвешивания емкостей"
"https://icatalog.expocentr.ru/ru/exhibitions/a94ff0c2-5685-11f0-80d0-a0d3c1fab97f/exhibitors/385100?&stand=14B130";"AXELOT";"https://www.axelot.ru/";"+7 (495) 961-2609";"info@axelot.ru";"Логистика и технология поставок Стеллажные системы Комплексные решения для предприятий пищевой промышленности Автоматизация пищевых производств и технологических процессов Промышленные роботы Системы автоматизации управления производственными процессами"
"https://icatalog.expocentr.ru/ru/exhibitions/a94ff0c2-5685-11f0-80d0-a0d3c1fab97f/exhibitors/383991?&stand=14B020";"BBVERPACKUNGSMASCHINEN GMBH";"http://www.bbverpackungsmaschinen.de/";"+49 712757997";"BBV@bbverpackungsmaschinen.de";"Оборудование для розлива Технологические линии по розливу Дозаторы для пастообразных и сложнокомпонентных продуктов Оборудование для дозирования жидких продуктов Упаковочное оборудование для жидких и пастообразных продуктов Фасовочные машины Комплексные упаковочные линии Упаковывание в картонные коробки, короба"
"https://icatalog.expocentr.ru/ru/exhibitions/a94ff0c2-5685-11f0-80d0-a0d3c1fab97f/exhibitors/383827?&stand=14C085";"BETA-PAK MAK?NE ANON?M S?RKET?";"http://www.betapak.com/";"+90 2125976990";"info@betapak.com";"Оборудование для дозирования жидких продуктов Упаковочное оборудование для жидких и пастообразных продуктов Комплексные упаковочные линии Оборудование для групповой упаковки Термоформование, наполнение и запечатывание Гибкая упаковка"
"https://icatalog.expocentr.ru/ru/exhibitions/a94ff0c2-5685-11f0-80d0-a0d3c1fab97f/exhibitors/384139?&stand=14D090";"CEHUMA";"http://www.cehuma.com/";"+90 2128070965";"sales@cehuma.com";"Упаковочное оборудование Упаковочное оборудование для жидких и пастообразных продуктов Упаковочное оборудование для овощей и фруктов Горизонтальные упаковочные машины Термоформование, наполнение и запечатывание Вакуумная упаковка"
"https://icatalog.expocentr.ru/ru/exhibitions/a94ff0c2-5685-11f0-80d0-a0d3c1fab97f/exhibitors/383860?&stand=14B060";"CESELSAN MAKINA SANAYI VE TIC. A.?";"https://www.agroprodmash-expo.ru/";"";"";"Упаковочное оборудование для сыпучих продуктов Комплексные упаковочные линии Вертикальные упаковочные машины Вакуумная упаковка Закрепление упакованной продукции на палетах Оборудование для производства снеков, сухих завтраков, сухофруктов"
"https://icatalog.expocentr.ru/ru/exhibitions/a94ff0c2-5685-11f0-80d0-a0d3c1fab97f/exhibitors/384096?&stand=14A095";"CHAOZHOU DAIDAIFA PACKAGING CO. LTD";"https://www.agroprodmash-expo.ru/";"+86 13502627772";"jiehuazhisu@126.com";"Вакуумная упаковка Гибкая упаковка Мягкая упаковка"
"https://icatalog.expocentr.ru/ru/exhibitions/a94ff0c2-5685-11f0-80d0-a0d3c1fab97f/exhibitors/384032?&stand=14B020";"CMI INDUSTRIES";"http://www.cmiindustries.it/";"+39 032191144";"info@cmiindustries.it";"Оборудование для розлива Технологические линии по розливу Дозаторы для пастообразных и сложнокомпонентных продуктов Оборудование для дозирования жидких продуктов Упаковочное оборудование для жидких и пастообразных продуктов"
"https://icatalog.expocentr.ru/ru/exhibitions/a94ff0c2-5685-11f0-80d0-a0d3c1fab97f/exhibitors/383972?&stand=14E045";"CORAZZA";"http://www.ima.it/";"+39 0514192229";"Marina.Zhrakova@ima.it";"Дозаторы для пастообразных и сложнокомпонентных продуктов Дозирующие и оборачивающие машины для масложировой продукции Фасовочные машины Комплексные упаковочные линии Оборудование для дрожжевой промышленности Оборудование для масложирового производства"
"https://icatalog.expocentr.ru/ru/exhibitions/a94ff0c2-5685-11f0-80d0-a0d3c1fab97f/exhibitors/383919?&stand=14B148";"DiAR Engineering";"http://www.diar-engineering.ru/";"8 800 550-0239";"sales@diar-engineering.ru";"Упаковочное оборудование Вакуумная упаковка Решения для контроля качества и пищевой безопасности Упаковочное оборудование и материалы Металлодетекторы для контроля качества Системы проверки качества"
"https://icatalog.expocentr.ru/ru/exhibitions/a94ff0c2-5685-11f0-80d0-a0d3c1fab97f/exhibitors/384222?&stand=14E124";"DONGGUAN AUCHAN AUTOMATION EQUIPMENT TECHNOLOGY CO. LTD";"https://www.auchantech.com/";"+86 13922538503";"Shirley@auchantech.com";"Оборудование для розлива Технологические линии по розливу Этикеточная продукция и расходные материалы для ее изготовления (бумага, картон, полимерные пленки, фольга, полиграфические краски и т. д.) Этикетировочные машины, этикетировщики, аппликаторы этикеток"
"https://icatalog.expocentr.ru/ru/exhibitions/a94ff0c2-5685-11f0-80d0-a0d3c1fab97f/exhibitors/383846?&stand=14D190";"ECOS WEAR";"http://www.ecoswear.com/";"+7 (968) 592-0545";"hello@ecoswear.com";"Спецодежда Ингредиенты по направлениям Мясные изделия Полуфабрикаты Изделия из птицы Молочные продукты, сыры"
"https://icatalog.expocentr.ru/ru/exhibitions/a94ff0c2-5685-11f0-80d0-a0d3c1fab97f/exhibitors/383968?&stand=14E045";"ERCA";"http://www.ima.it/";"+33 169828000";"svetlana.andryushina@ima.it";"Дозаторы для пастообразных и сложнокомпонентных продуктов Оборудование для дозирования жидких продуктов Упаковочное оборудование для жидких и пастообразных продуктов Комплексные упаковочные линии Термоформование, наполнение и запечатывание Оборудование для производства детского питания"
"https://icatalog.expocentr.ru/ru/exhibitions/a94ff0c2-5685-11f0-80d0-a0d3c1fab97f/exhibitors/384022?&stand=14F150";"EVERSUN MACHINERY (HENAN) CO. LTD";"http://www.vibrosievingmachine.com/";"+86 037305461999";"Sales@vibrosievingmachine.com";"Упаковочное оборудование Упаковка и упаковочные материалы"
"https://icatalog.expocentr.ru/ru/exhibitions/a94ff0c2-5685-11f0-80d0-a0d3c1fab97f/exhibitors/383969?&stand=14E045";"FILLSHAPE";"http://www.ima.it/";"+39 0516169711";"Marina.Zhrakova@ima.it";"Технологические линии по розливу Дозаторы для пастообразных и сложнокомпонентных продуктов Оборудование для дозирования жидких продуктов Упаковочное оборудование для жидких и пастообразных продуктов Оборудование для производства детского питания Оборудование для производства фруктовых и овощных соков"
"https://icatalog.expocentr.ru/ru/exhibitions/a94ff0c2-5685-11f0-80d0-a0d3c1fab97f/exhibitors/384050?&stand=14E114";"FLAVORPAC (CHANGZHOU) CO. LTD";"http://www.flavorpac.com/";"+86 51988108958";"info@flavorpac.cn";"Вакуумная упаковка Гибкая упаковка Мягкая упаковка"
"https://icatalog.expocentr.ru/ru/exhibitions/a94ff0c2-5685-11f0-80d0-a0d3c1fab97f/exhibitors/384599?&stand=14D220";"FRIBA";"https://www.agroprodmash-expo.ru/";"";"";"Комплексные решения для предприятий пищевой промышленности"
"https://icatalog.expocentr.ru/ru/exhibitions/a94ff0c2-5685-11f0-80d0-a0d3c1fab97f/exhibitors/383946?&stand=14B030";"GAMA-PLAS LLC";"http://www.gamaplas.com/";"";"gamaplas@gmail.com";"Термоформование, наполнение и запечатывание"
"https://icatalog.expocentr.ru/ru/exhibitions/a94ff0c2-5685-11f0-80d0-a0d3c1fab97f/exhibitors/383932?&stand=14B085";"GROBOTP";"http://www.crp-robot.ru/";"+7 (495) 111-7689";"om@crp-robot.ru";"Промышленные роботы"
"https://icatalog.expocentr.ru/ru/exhibitions/a94ff0c2-5685-11f0-80d0-a0d3c1fab97f/exhibitors/383961?&stand=14F045";"GUANGDONG FENGHUI PRINTING CO. LTD";"http://www.fhpack.net/";"+86 768 5814343";"fh01@fhpck.cn";"Гибкая упаковка Упаковывание в стретч-пленку Термоусадочная пленка"
"https://icatalog.expocentr.ru/ru/exhibitions/a94ff0c2-5685-11f0-80d0-a0d3c1fab97f/exhibitors/384275?&stand=14E130";"GUANGDONG HAOMINGDA AUTO PACKING MACHINE CO. LTD";"https://www.hmdpackagingmachine.com/en";"+86 18316181384";"alice@hmdmachine.com";"Оборудование для розлива Технологические линии по розливу Упаковочное оборудование для жидких и пастообразных продуктов Упаковочное оборудование для овощей и фруктов Вертикальные упаковочные машины Горизонтальные упаковочные машины"
"https://icatalog.expocentr.ru/ru/exhibitions/a94ff0c2-5685-11f0-80d0-a0d3c1fab97f/exhibitors/384092?&stand=14A100";"GUANGDONG NANXIN PRINT & PACKAGING CO. LTD";"http://www.nxpack.com/";"+86 7685883789";"sales2@nxpack.com";"Вакуумная упаковка Гибкая упаковка Многослойная упаковка Упаковывание в стретч-пленку Термоусадочная пленка"
"https://icatalog.expocentr.ru/ru/exhibitions/a94ff0c2-5685-11f0-80d0-a0d3c1fab97f/exhibitors/384181?&stand=14E144";"GUANGDONG OUMAIWEI MACHINERY CO. LTD";"http://www.oumaiwei.com/";"";"omwbianca18@163.com";"Фасовочные машины Вертикальные упаковочные машины Горизонтальные упаковочные машины Вакуумные упаковщики Блистерные и заверточные машины Оборудование и автоматизированные линии для производства кондитерских изделий"
"https://icatalog.expocentr.ru/ru/exhibitions/a94ff0c2-5685-11f0-80d0-a0d3c1fab97f/exhibitors/383888?&stand=14F135";"GUANGZHOU NOVA INTELLIGENT EQUIPMENT CO. LTD";"http://www.gz-nova.com/";"+86 2039475007";"sales@gz-nova.com";"Формирователи и заклейщики гофрокоробов Закрепление упакованной продукции на палетах Машины для палетизации Упаковывание в картонные коробки, короба Термоусадочная пленка Фасовочно-упаковочные автоматы"
"https://icatalog.expocentr.ru/ru/exhibitions/a94ff0c2-5685-11f0-80d0-a0d3c1fab97f/exhibitors/384044?&stand=14E122";"GUANGZHOU TAIYIJIA ENVIRONMENTAL PROTECTION PACKAGING PRODUCTS CO. LTD";"http://www.tayejia.com/";"+86 13113968278";"270855894@qq.com";"Упаковка и упаковочные материалы Упаковка и этикетирование"
"https://icatalog.expocentr.ru/ru/exhibitions/a94ff0c2-5685-11f0-80d0-a0d3c1fab97f/exhibitors/383884?&stand=14F130";"HANGZHOU JINHANG NEW MATERIALS CO. LTD";"https://www.jinhangxc.com/";"+86 18501305889";"albin@jinhangxc.com";"Термоусадочная пленка"
"https://icatalog.expocentr.ru/ru/exhibitions/a94ff0c2-5685-11f0-80d0-a0d3c1fab97f/exhibitors/384095?&stand=14A090";"HANSIN PACKING";"https://hansinpacking.com/";"+86 15021296830";"eunice@hansinpacking.com";"Упаковка и упаковочные материалы Гибкая упаковка Мягкая упаковка Многослойная упаковка Упаковывание в картонные коробки, короба"
"https://icatalog.expocentr.ru/ru/exhibitions/a94ff0c2-5685-11f0-80d0-a0d3c1fab97f/exhibitors/383967?&stand=14E045";"HASSIA VERPACKUNGSMASCHINEN GMBH";"http://www.ima.it/";"+49 6041810";"svetlana.andryushina@ima.it";"Дозаторы для пастообразных и сложнокомпонентных продуктов Дозирующие и оборачивающие машины для масложировой продукции Комплексные упаковочные линии Термоформование, наполнение и запечатывание Оборудование для производства детского питания Оборудование для масложирового производства"
"https://icatalog.expocentr.ru/ru/exhibitions/a94ff0c2-5685-11f0-80d0-a0d3c1fab97f/exhibitors/383908?&stand=14E162";"HEBEI ZHIDA PLASTIC PACKAGING CO. LTD";"https://www.agroprodmash-expo.ru/";"+86 3162890999";"langfangzhishun@163.com";"Гибкая упаковка Мягкая упаковка"
"https://icatalog.expocentr.ru/ru/exhibitions/a94ff0c2-5685-11f0-80d0-a0d3c1fab97f/exhibitors/384217?&stand=14E112";"HESHAN ZHENGDA COMPOSITE & PACKAGING CO. LTD";"http://www.zhengdapacking.com/";"+86 7508216688";"haiquan188@163.com";"Упаковочное оборудование Упаковка и упаковочные материалы Сырье и полуфабрикаты для производства тары и упаковки"
"https://icatalog.expocentr.ru/ru/exhibitions/a94ff0c2-5685-11f0-80d0-a0d3c1fab97f/exhibitors/383963?&stand=14F115";"HUNAN BOLE NEW MATERIAL TECHNOLOGY CO. LTD";"http://www.hbole.cn/";"+86 731-85518556";"bruce@alucontainers.com";"Оборудование для розлива Вспомогательные упаковочные изделия (крышки, колпачки, пробки, обвязочные ленты) Формы для выпечки Оборудование для производства и розлива спиртных напитков, пива и безалкогольных напитков Корма для животных и комбикорма"
"https://icatalog.expocentr.ru/ru/exhibitions/a94ff0c2-5685-11f0-80d0-a0d3c1fab97f/exhibitors/383834?&stand=14D115";"IEC ENERGY";"http://www.iec-water.ru/";"+7 (495) 799-7464";"office@iec-energy.ru";"Комплексные решения для предприятий пищевой промышленности Оборудование для нейтрализации вредных промышленных отходов Оборудование и технологии для переработки и утилизации отходов Технологии очистки Технологии и оборудование для энергоэффективности и защиты окружающей среды Проектирование, строительство и реконструкция"
"https://icatalog.expocentr.ru/ru/exhibitions/a94ff0c2-5685-11f0-80d0-a0d3c1fab97f/exhibitors/383964?&stand=14E045";"ILAPAK INTERNATIONAL SA";"http://www.ima.it/";"+41 0919605900";"Alexey.Erofeev@ima.it";"Счетные дозаторы для штучных продуктов Упаковка в модифицированной газовой среде Упаковочное оборудование для овощей и фруктов Упаковочное оборудование для штучных продуктов Комплексные упаковочные линии Горизонтальные упаковочные машины"
"https://icatalog.expocentr.ru/ru/exhibitions/a94ff0c2-5685-11f0-80d0-a0d3c1fab97f/exhibitors/383892?&stand=14F140";"JIANGSU MESURE MACHINERY CO. LTD";"http://www.mesuremachinery.com/";"+86 17751253631";"connar@mesuremachinery.com";"Оборудование для розлива Технологические линии по розливу Экструзионное и выдувное оборудование Оборудование для преформ"
"https://icatalog.expocentr.ru/ru/exhibitions/a94ff0c2-5685-11f0-80d0-a0d3c1fab97f/exhibitors/384138?&stand=14A110";"JIANGSU SIERAC PACKAGING MACHINERY CO. LTD";"https://www.sieracpack.com/";"+86 051969998088";"jerry_chen@sieractech.com";"Оборудование для дозирования жидких продуктов Комплексные упаковочные линии Горизонтальные упаковочные машины Оборудование для групповой упаковки Машины для палетизации Упаковывание в картонные коробки, короба"
"https://icatalog.expocentr.ru/ru/exhibitions/a94ff0c2-5685-11f0-80d0-a0d3c1fab97f/exhibitors/383877?&stand=14F110";"JIANGSU ZPACK MACHINERY CO. LTD";"http://www.zpackmachine.com/";"+86 13584438166";"m13584438166@163.com";"Оборудование для розлива Технологические линии по розливу Экструзионное и выдувное оборудование Оборудование для пивобезалкогольной промышленности Оборудование для производства фруктовых и овощных соков"
"https://icatalog.expocentr.ru/ru/exhibitions/a94ff0c2-5685-11f0-80d0-a0d3c1fab97f/exhibitors/384289?&stand=14E116";"JIANGXI YIXING PACKAGING CO. LTD";"https://www.agroprodmash-expo.ru/";"+86 13729240082";"info@weiyi-packaging.com";"Горизонтальные упаковочные машины Оборудование для групповой упаковки Упаковка и упаковочные материалы"
"https://icatalog.expocentr.ru/ru/exhibitions/a94ff0c2-5685-11f0-80d0-a0d3c1fab97f/exhibitors/384094?&stand=14A120";"JOYO CO. LTD";"http://www.joyopack.com/";"+86 18961228955";"info@joyopack.com";"Технологические линии по розливу Дозирующие машины Комплексные упаковочные линии Вертикальные упаковочные машины Термоформование, наполнение и запечатывание Окончательная упаковка, перемещение материалов"
"https://icatalog.expocentr.ru/ru/exhibitions/a94ff0c2-5685-11f0-80d0-a0d3c1fab97f/exhibitors/384198?&stand=14B100";"KL?CKNER PENTAPLAST";"http://www.kpfilms.com/";"+7 (495) 565-3914";"kpru.info@kpfilms.ru";"Упаковка в модифицированной газовой среде Упаковка под запайку Гибкая упаковка Многослойная упаковка Упаковывание в стретч-пленку Упаковочные материалы"
"https://icatalog.expocentr.ru/ru/exhibitions/a94ff0c2-5685-11f0-80d0-a0d3c1fab97f/exhibitors/383907?&stand=14A105";"M?LKTEK MAK?NA SAN. VE T?C. LTD. ?T?";"https://www.milktek.com.tr/";"+90 5545947755";"milktekmakina@gmail.com";"Молочные продукты, сыры"
"https://icatalog.expocentr.ru/ru/exhibitions/a94ff0c2-5685-11f0-80d0-a0d3c1fab97f/exhibitors/384089?&stand=14E180";"MONOPOL";"https://xn--k1abddbag.xn--p1ai/";"+7 343 214-5936";"monopol@tehbeton.ru";"Промышленный плинтус Наливные полы, напольные покрытия и противогрибковая защита Промышленные трапы и каналы Комплексные решения для предприятий пищевой промышленности Проектирование, строительство и реконструкция"
"https://icatalog.expocentr.ru/ru/exhibitions/a94ff0c2-5685-11f0-80d0-a0d3c1fab97f/exhibitors/383804?&stand=14F100";"MU JIA AUTOMATION TECHNOLOGY (SHANGHAI) CO. LTD";"https://hairisebelt.com/";"+86 13916922993";"2880339088@qq.com";"Упаковочное оборудование Транспортное, подъемное, погрузочное оборудование Запчасти, комплектующие, расходные материалы для оборудования Автоматизация пищевых производств и технологических процессов Спиральные конвейеры Оборудование для переработки молока и производства молочных продуктов"
"https://icatalog.expocentr.ru/ru/exhibitions/a94ff0c2-5685-11f0-80d0-a0d3c1fab97f/exhibitors/383898?&stand=14A135";"NANJING F&P PACKAGING MACHINERY CO. LTD";"http://www.njfp.cn/";"+86 02569590130";"vivi@njfp.cn";"Оборудование для производства и розлива спиртных напитков, пива и безалкогольных напитков Оборудование для производства фруктовых и овощных соков"
"https://icatalog.expocentr.ru/ru/exhibitions/a94ff0c2-5685-11f0-80d0-a0d3c1fab97f/exhibitors/383878?&stand=14F120";"NINGJIN COUNTY NINGDA CHAIN MESH BELT CO. LTD";"http://www.ningdaconveyorbelt.com/";"+86 15564438925";"sales@ningdalw.com";"Оборудование для переработки фруктов и овощей Оборудование для производства быстрозамороженных продуктов Охладительные туннели Оборудование для производства снеков, сухих завтраков, сухофруктов Хлебопекарное оборудование Холодильные и морозильные склады"
"https://icatalog.expocentr.ru/ru/exhibitions/a94ff0c2-5685-11f0-80d0-a0d3c1fab97f/exhibitors/385112?&stand=14D170";"NOW SYSTEMS CO. LTD";"https://www.agroprodmash-expo.ru/";"";"";""
"https://icatalog.expocentr.ru/ru/exhibitions/a94ff0c2-5685-11f0-80d0-a0d3c1fab97f/exhibitors/384010?&stand=14E025";"OMAG S.P.A.";"https://www.agroprodmash-expo.ru/";"";"";"Дозирующие машины Упаковочное оборудование Комплексные упаковочные линии Вертикальные упаковочные машины Горизонтальные упаковочные машины Оборудование для групповой упаковки"
"https://icatalog.expocentr.ru/ru/exhibitions/a94ff0c2-5685-11f0-80d0-a0d3c1fab97f/exhibitors/384613?&stand=14A050";"PDM MAK?NA";"http://www.pdmmakina.com.tr/";"+90 3123950278";"export2@pdmmakina.com.tr";"Оборудование для розлива Технологические линии по розливу"
"https://icatalog.expocentr.ru/ru/exhibitions/a94ff0c2-5685-11f0-80d0-a0d3c1fab97f/exhibitors/383938?&stand=14E160";"QINGDAO HICOCA CENTRAL KITCHEN INTELLIGENT TECHNOLOGY CO. LTD";"https://en.haikejia.com/";"+86 53281937887";"trade2@qdlisheng.cn";"Вертикальные упаковочные машины Горизонтальные упаковочные машины Оборудование для переработки зерна Оборудование для работы с тестом Оборудование для производства макаронных изделий Оборудование для изготовления теста, смесители, тесторазделочное оборудование"
"https://icatalog.expocentr.ru/ru/exhibitions/a94ff0c2-5685-11f0-80d0-a0d3c1fab97f/exhibitors/384238?&stand=14E148";"SHANDONG GOJON PRECISION TECH CO. LTD";"http://www.gojongroup.com/";"+86 13954298883";"info@gojon.cn";"Оборудование для розлива Этикеточная продукция и расходные материалы для ее изготовления (бумага, картон, полимерные пленки, фольга, полиграфические краски и т. д.) Логистика и технология поставок Промышленные роботы Взвешивание сыпучих материалов в потоке, системы взвешивания емкостей"
"https://icatalog.expocentr.ru/ru/exhibitions/a94ff0c2-5685-11f0-80d0-a0d3c1fab97f/exhibitors/383890?&stand=14A130";"SHANGHAI DINGJIANG PACKAGING MACHINERY MANUFACTURING CO. LTD";"https://www.shdingjiang.com.cn/";"+86 13764550916";"jolin@dj-pack.com";"Упаковочное оборудование Фасовочные машины"
"https://icatalog.expocentr.ru/ru/exhibitions/a94ff0c2-5685-11f0-80d0-a0d3c1fab97f/exhibitors/384091?&stand=14A090";"SHANGHAI GOLDCHEER MACHINERY CO. LTD";"https://www.gc-machinery.com/";"+86 2169518159";"sales@gc-machinery.com";"Оборудование для переработки овощей и фруктов Оборудование для переработки фруктов и овощей Оборудование для переработки молока и производства молочных продуктов Ингредиенты по направлениям Теплообменники, градирни, испарители, конденсаторы Холодильные агрегаты, моноблоки"
"https://icatalog.expocentr.ru/ru/exhibitions/a94ff0c2-5685-11f0-80d0-a0d3c1fab97f/exhibitors/384267?&stand=14E142";"SHANGHAI GREPACK PACKING MACHINERY CO. LTD";"http://www.grepack.com/";"+86 13601849891";"tom@grepack.com";"Оборудование для розлива Технологические линии по розливу Упаковочное оборудование Упаковочное оборудование для жидких и пастообразных продуктов Комплексные упаковочные линии Этикетировочные машины, этикетировщики, аппликаторы этикеток"
"https://icatalog.expocentr.ru/ru/exhibitions/a94ff0c2-5685-11f0-80d0-a0d3c1fab97f/exhibitors/384274?&stand=14E140";"SHANGHAI LWT INTELLIGENT TECHNOLOGY CO. LTD";"http://www.leadworld.cn/";"+86 2167691848";"lw@leadworld.net";"Оборудование для розлива Упаковочное оборудование Этикетировочные машины, этикетировщики, аппликаторы этикеток Автоматизация пищевых производств и технологических процессов Консервы Переработка овощей и фруктов"
"https://icatalog.expocentr.ru/ru/exhibitions/a94ff0c2-5685-11f0-80d0-a0d3c1fab97f/exhibitors/383894?&stand=14F055";"SHANGHAI MAXSEN MACHINERY CO. LTD";"http://www.maxsenlink.com/";"+86 19121564402";"amy@maxsenconveyor.com";"Запчасти, комплектующие, расходные материалы для оборудования"
"https://icatalog.expocentr.ru/ru/exhibitions/a94ff0c2-5685-11f0-80d0-a0d3c1fab97f/exhibitors/383903?&stand=14F160";"SHANGHAI UNIBANG GROUP CO. LTD";"https://www.agroprodmash-expo.ru/";"+86 13601870614";"anna999@unibanggroup.com";"Упаковочное оборудование Фасовочные машины Комплексные упаковочные линии Термоформование, наполнение и запечатывание Окончательная упаковка, перемещение материалов"
"https://icatalog.expocentr.ru/ru/exhibitions/a94ff0c2-5685-11f0-80d0-a0d3c1fab97f/exhibitors/383803?&stand=14F105";"SHANTOU BROADART PRINTING CO. LTD";"http://www.broadartpack.com/";"+86 13902741156";"Alley@bd-pack.com";"Гибкая упаковка Мягкая упаковка Упаковочные материалы"
"https://icatalog.expocentr.ru/ru/exhibitions/a94ff0c2-5685-11f0-80d0-a0d3c1fab97f/exhibitors/383825?&stand=14C085";"STAN TECH D.O.O.";"http://www.stantech.rs/";"+381 63640304";"office@stantech.rs";"Упаковочное оборудование Комплексные упаковочные линии Формирователи и заклейщики гофрокоробов Гофрокартон, гофротара Машины для палетизации Упаковывание в картонные коробки, короба"
"https://icatalog.expocentr.ru/ru/exhibitions/a94ff0c2-5685-11f0-80d0-a0d3c1fab97f/exhibitors/385113?&stand=14C220";"TEKSER TEKNIK SERAMIKTIC. VE SAN. A.S.";"https://www.agroprodmash-expo.ru/";"";"";""
"https://icatalog.expocentr.ru/ru/exhibitions/a94ff0c2-5685-11f0-80d0-a0d3c1fab97f/exhibitors/383786?&stand=14B090";"TREPKO A.S.";"http://www.trepko.com/";"";"info@trepko.pl";"Оборудование для розлива Упаковочное оборудование Комплексные упаковочные линии Оборудование для групповой упаковки Термоформование, наполнение и запечатывание Комплексные решения для предприятий пищевой промышленности"
"https://icatalog.expocentr.ru/ru/exhibitions/a94ff0c2-5685-11f0-80d0-a0d3c1fab97f/exhibitors/384072?&stand=14D228";"VIBROSER SERAMIK INSAAT SAN. VE TIC. LTD. STI.";"http://www.vibroser.com/";"+90 212422879596";"info@vibroser.com";"Химически устойчивые, экологически безопасные покрытия Промышленные трапы и каналы"
"https://icatalog.expocentr.ru/ru/exhibitions/a94ff0c2-5685-11f0-80d0-a0d3c1fab97f/exhibitors/383995?&stand=14F090";"WUHU ELEMOTION TECHNOLOGY CO. LTD";"http://www.elemotionpack.com/";"+86 0553 8737377";"sales@elemotionpack.com";"Упаковочное оборудование для овощей и фруктов Вертикальные упаковочные машины Термоформование, наполнение и запечатывание Тепловое оборудование Вакуумные упаковщики Термоупаковщики"
"https://icatalog.expocentr.ru/ru/exhibitions/a94ff0c2-5685-11f0-80d0-a0d3c1fab97f/exhibitors/383895?&stand=14A140";"WUXI JIANGAO MACHINERY CO. LTD";"https://qr.1688.com/s/wjuQcu5I";"+86 15190319141";"1114099649@qq.com";"Эмульгаторы Соусы, майонезы, кетчупы"
"https://icatalog.expocentr.ru/ru/exhibitions/a94ff0c2-5685-11f0-80d0-a0d3c1fab97f/exhibitors/384216?&stand=14E110";"XINXIANG CHENWEI MACHINERY CO. LTD";"http://www.sievingtech.com/";"+86 3733511260";"sievingtech@aliyun.com";"Химические реактивы и реагенты Смесеприготовительное оборудование Оборудование для сушки и вяления пищевых продуктов. Сушильные шкафы, камеры и цеха"
"https://icatalog.expocentr.ru/ru/exhibitions/a94ff0c2-5685-11f0-80d0-a0d3c1fab97f/exhibitors/384180?&stand=14E138";"ZHENGZHOU HADOF FOOD MACHINERY CO. LTD";"http://www.hadofmachinery.com/";"+86 18437976108";"molly@hadofmachinery.com";"Тепловое оборудование Упаковочное оборудование и материалы IT и автоматизация Оборудование для переработки фруктов и овощей Оборудование для производства сублимированных продуктов Оборудование для сушки и вяления пищевых продуктов. Сушильные шкафы, камеры и цеха"
"https://icatalog.expocentr.ru/ru/exhibitions/a94ff0c2-5685-11f0-80d0-a0d3c1fab97f/exhibitors/384977?&stand=14E115";"ZHONGXU INTELLIGENT EQUIPMENT (HENAN) CO. LTD";"http://www.cctzn.com/";"+86 13524006802";"alisa@stmfood.com";"Упаковочное оборудование Промышленные роботы Оборудование для переработки зерна Оборудование для производства хлебобулочных изделий Оборудование для производства пельменей, вареников, равиоли"
"https://icatalog.expocentr.ru/ru/exhibitions/a94ff0c2-5685-11f0-80d0-a0d3c1fab97f/exhibitors/384163?&stand=14E220";"АБС: СИСТЕМЫ УПРАВЛЕНИЯ ПРОИЗВОДСТВОМ, ООО";"http://www.mesbymeat.ru/";"+7 (495) 225-9535";"s.tarabarko@abs-soft.ru";"Автоматизация пищевых производств и технологических процессов Системы автоматизации управления производственными процессами IT-технологии, серверное и сетевое оборудование, программное обеспечение Информационные системы и системы связи"
"https://icatalog.expocentr.ru/ru/exhibitions/a94ff0c2-5685-11f0-80d0-a0d3c1fab97f/exhibitors/383830?&stand=14B140";"АБСОЛЮТ-М, ООО";"http://absolm.ru/";"+7 (977) 875-8496";"info@absolm.ru";"Автоматизация пищевых производств и технологических процессов Системы автоматизации управления производственными процессами Контрольно-измерительное оборудование"
"https://icatalog.expocentr.ru/ru/exhibitions/a94ff0c2-5685-11f0-80d0-a0d3c1fab97f/exhibitors/384184?&stand=14E070";"АГРОМАШ, НПО, ООО";"https://agromash74.ru/";"+7 (919) 331-9797";"npoagromasch@mail.ru";"Емкостное оборудование Монтаж, сервисное обслуживание, восстановление и ремонт оборудования Оборудование для нарезки сыров Оборудование для розлива молока Оборудование для производства кисломолочных культур и продуктов на их основе Оборудование для производства сыров Российский экспортер Оборудование для молочной промышленности Емкостное оборудование"
"https://icatalog.expocentr.ru/ru/exhibitions/a94ff0c2-5685-11f0-80d0-a0d3c1fab97f/exhibitors/383985?&stand=14A080";"АГСК";"http://www.agsk.su/";"+7 (911) 297-9820";"info@agsk.su";"Горизонтальные упаковочные машины Оборудование для маркировки Этикетировочные машины, этикетировщики, аппликаторы этикеток Взвешивание сыпучих материалов в потоке, системы взвешивания емкостей Оборудование для проверки продукции и выявления инородных включений"
"https://icatalog.expocentr.ru/ru/exhibitions/a94ff0c2-5685-11f0-80d0-a0d3c1fab97f/exhibitors/384192?&stand=14E150";"АЗИМУТ ГК, ООО";"http://www.gc-azimuth.ru/";"8 800 555-7656";"gigiena@gc-azimuth.ru";"Оборудование и технологии для убоя скота и первичной обработки Оборудование для переработки птицы, дичи Гигиеническое оборудование для персонала и санитарных постов Промышленные трапы и каналы Системы дезинфекции производственных помещений Оборудование для нарезки и порционирования"
"https://icatalog.expocentr.ru/ru/exhibitions/a94ff0c2-5685-11f0-80d0-a0d3c1fab97f/exhibitors/383956?&stand=14B205";"АЙМОЛ ЛУБРИКАНТС, ООО";"http://www.aimol.ru/";"8 800 222-3535";"info@aimol.ru";"Запчасти, комплектующие, расходные материалы для оборудования Комплексные решения для предприятий пищевой промышленности Оборудование для работы с тестом Переработка сельхозпродукции. Мини-цеха. Мини-заводы. Мини-пекарни. Мельницы, элеваторы Оборудование для производства хлебобулочных изделий Оборудование для переработки мяса"
"https://icatalog.expocentr.ru/ru/exhibitions/a94ff0c2-5685-11f0-80d0-a0d3c1fab97f/exhibitors/384232?&stand=14A055";"АКТИВНАЯ УПАКОВКА, ООО";"https://active-pack.ru/";"+7 (960) 274-5252";"s1@active-pack.ru";"Оборудование для розлива Формирователи и заклейщики гофрокоробов Групповая упаковка"
"https://icatalog.expocentr.ru/ru/exhibitions/a94ff0c2-5685-11f0-80d0-a0d3c1fab97f/exhibitors/384728?&stand=14A145";"АЛТЕРВИА";"https://alterv.ru/";"+7 (499) 520-0019";"info@alterv.ru";"Запчасти, комплектующие, расходные материалы для оборудования Российский экспортер"
"https://icatalog.expocentr.ru/ru/exhibitions/a94ff0c2-5685-11f0-80d0-a0d3c1fab97f/exhibitors/383714?&stand=14C070";"АЛЬКОР УПАК, ООО";"http://www.alkor.group/";"+7 863 209-8003";"market@tdalkor.com";"Упаковка и упаковочные материалы Упаковка жесткого давления и/или полимерная упаковка Упаковка под запайку Вспомогательные упаковочные изделия (крышки, колпачки, пробки, обвязочные ленты) Гибкая упаковка Многослойная упаковка"
"https://icatalog.expocentr.ru/ru/exhibitions/a94ff0c2-5685-11f0-80d0-a0d3c1fab97f/exhibitors/383704?&stand=14F040";"АЛЬПМА-СЕРВИС";"http://www.alpma-service.ru/";"+7 (495) 120-7537";"info@alpma.ru";"Оборудование для нарезки, измельчения и порционирования Оборудование для групповой упаковки Групповая упаковка Упаковывание в картонные коробки, короба Оборудование для нарезки сыров Оборудование для производства сыров"
"https://icatalog.expocentr.ru/ru/exhibitions/a94ff0c2-5685-11f0-80d0-a0d3c1fab97f/exhibitors/384286?&stand=14D010";"АМАТА СКЕЙЛ, ООО";"https://amatascl.com/";"+7 (812) 501-9982";"ksenia.borisova@amatascl.com";"Дозирующие машины Системы последовательного дозирования компонентов вторых готовых блюд: риса, овощей, другого Счетные дозаторы для штучных продуктов Взвешивание сыпучих материалов в потоке, системы взвешивания емкостей Металлодетекторы для контроля качества Оборудование для проверки продукции и выявления инородных включений"
"https://icatalog.expocentr.ru/ru/exhibitions/a94ff0c2-5685-11f0-80d0-a0d3c1fab97f/exhibitors/383826?&stand=14C085";"АНТАГРО, ООО";"http://www.antagro.ru/";"+7 (499) 166-5849/50";"info@antagro.ru";"Оборудование для групповой упаковки Термоформование, наполнение и запечатывание Упаковывание в картонные коробки, короба Запчасти, комплектующие, расходные материалы для оборудования Оборудование для переработки молока и производства молочных продуктов Оборудование для производства сыров"
"https://icatalog.expocentr.ru/ru/exhibitions/a94ff0c2-5685-11f0-80d0-a0d3c1fab97f/exhibitors/383675?&stand=14D085";"АПОЛЛО";"http://www.apolloproject.ru/";"+7 (495) 204-1620";"info@apolloproject.ru";"Формирователи и заклейщики гофрокоробов Упаковка и упаковочные материалы Групповая упаковка Закрепление упакованной продукции на палетах Окончательная упаковка, перемещение материалов Упаковывание в стретч-пленку"
"https://icatalog.expocentr.ru/ru/exhibitions/a94ff0c2-5685-11f0-80d0-a0d3c1fab97f/exhibitors/384188?&stand=14A068";"АРДЭКС группа компаний";"https://ardecs.group/";"+7 (499) 653-8478";"info@ardecs.group";"Запчасти, комплектующие, расходные материалы для оборудования Электротехническое оборудование Комплексные решения для предприятий пищевой промышленности Автоматизация пищевых производств и технологических процессов Промышленные роботы Монтаж, сервисное обслуживание, восстановление и ремонт оборудования"
"https://icatalog.expocentr.ru/ru/exhibitions/a94ff0c2-5685-11f0-80d0-a0d3c1fab97f/exhibitors/383750?&stand=14E215";"АРМАТУРА И АВТОМАТИЗАЦИЯ, ООО";"https://valvesautomation.ru/";"+7 (495) 792-0130";"info@valvesautomation.ru";"Запчасти, комплектующие, расходные материалы для оборудования Трубы, арматура Оборудование для водоснабжения, водоочистное оборудование, запорная арматура, оборудование для трубопроводов Автоматизация пищевых производств и технологических процессов Промышленные роботы Системы автоматизации управления производственными процессами"
"https://icatalog.expocentr.ru/ru/exhibitions/a94ff0c2-5685-11f0-80d0-a0d3c1fab97f/exhibitors/385116?&stand=14F020";"АСКАНРА";"https://www.agroprodmash-expo.ru/";"";"";""
"https://icatalog.expocentr.ru/ru/exhibitions/a94ff0c2-5685-11f0-80d0-a0d3c1fab97f/exhibitors/383707?&stand=14E015";"АСПРОМ, ООО";"https://aspromservis.ru/";"8 800 250-1741";"office-saratov@asprom.su";"Оборудование для групповой упаковки Оборудование для маркировки Этикетировочные машины, этикетировщики, аппликаторы этикеток Транспортное, подъемное, погрузочное оборудование Промышленные роботы Российский экспортер Металлодетекторы для контроля качества"
"https://icatalog.expocentr.ru/ru/exhibitions/a94ff0c2-5685-11f0-80d0-a0d3c1fab97f/exhibitors/383970?&stand=14C090";"АФ АВТОМАТИКА, ООО";"http://www.af-pack.ru/";"+7 (911) 825-6336";"info@af-pack.ru";"Упаковочное оборудование Комплексные упаковочные линии Вертикальные упаковочные машины Горизонтальные упаковочные машины Оборудование для групповой упаковки Окончательная упаковка, перемещение материалов"
"https://icatalog.expocentr.ru/ru/exhibitions/a94ff0c2-5685-11f0-80d0-a0d3c1fab97f/exhibitors/385135?&stand=14C230";"БАЗИКА ТД";"https://www.agroprodmash-expo.ru/";"";"";""
"https://icatalog.expocentr.ru/ru/exhibitions/a94ff0c2-5685-11f0-80d0-a0d3c1fab97f/exhibitors/384287?&stand=14C188";"БЕЛЫЙ ЗУБР, ООО";"http://www.belyzubr.ru/";"+7 (977) 192-2263";"info@belyzubr.ru";"Оборудование и технологии для убоя скота и первичной обработки Оборудование для переработки птицы Гигиеническое оборудование для персонала и санитарных постов Промышленные моющие и дезинфицирующие средства CIP-станции, дезинфицирующее оборудование и химические средства для мойки Сервисное обслуживание оборудования"
"https://icatalog.expocentr.ru/ru/exhibitions/a94ff0c2-5685-11f0-80d0-a0d3c1fab97f/exhibitors/383781?&stand=14C105";"БЕСТРОМ, ЗАО";"http://www.bestrom.ru/";"8 800 555-7457";"company@bestrom.ru";"Упаковочное оборудование Упаковочное оборудование для сыпучих продуктов Упаковочное оборудование для трудносыпучих продуктов Фасовочные машины Комплексные упаковочные линии Вертикальные упаковочные машины"
"https://icatalog.expocentr.ru/ru/exhibitions/a94ff0c2-5685-11f0-80d0-a0d3c1fab97f/exhibitors/383925?&stand=14E172";"БИЛТЕХ ГК, ООО";"http://www.bilteh.ru/";"+7 351 245-2500";"zakaz@bilteh.ru";"Оборудование для маркировки Автоматизация пищевых производств и технологических процессов Системы автоматизации управления производственными процессами"
"https://icatalog.expocentr.ru/ru/exhibitions/a94ff0c2-5685-11f0-80d0-a0d3c1fab97f/exhibitors/383966?&stand=14B150";"БИТРОБОТИКС";"http://www.bitrobotics.com/";"+7 (495) 798-0897";"info@bitrobotics.com";"Комплексные упаковочные линии Системы оптического контроля Автоматизация пищевых производств и технологических процессов Промышленные роботы Решения для контроля качества и пищевой безопасности Формовочное оборудование"
"https://icatalog.expocentr.ru/ru/exhibitions/a94ff0c2-5685-11f0-80d0-a0d3c1fab97f/exhibitors/383841?&stand=14C035";"БИЦЕРБА РУС, ООО";"http://www.bizerba.ru/";"+7 (499) 270-0962";"russia@bizerba.com";"Автоматизированные системы для маркировки и прослеживаемости товаров Этикетировочные машины, этикетировщики, аппликаторы этикеток Комплексные решения для предприятий пищевой промышленности Слайсеры Оборудование для проверки продукции и выявления инородных включений"
"https://icatalog.expocentr.ru/ru/exhibitions/a94ff0c2-5685-11f0-80d0-a0d3c1fab97f/exhibitors/384234?&stand=14C228";"БРАНДТРЕЙД НПП, ООО";"https://brandtrade.by/";"+375 172150506";"office@brandtrade.by";"Химически устойчивые, экологически безопасные покрытия Промышленный плинтус Наливные полы, напольные покрытия и противогрибковая защита Промышленные роботы Проектирование, строительство и реконструкция"
"https://icatalog.expocentr.ru/ru/exhibitions/a94ff0c2-5685-11f0-80d0-a0d3c1fab97f/exhibitors/384073?&stand=14E065";"ВА СИСТЕМС, ООО";"http://www.vasystems.ru/";"8 800 555-6708";"info@vasystems.ru";"Оборудование для маркировки Автоматизированные системы для маркировки и прослеживаемости товаров Этикетировочные машины, этикетировщики, аппликаторы этикеток IT-технологии, серверное и сетевое оборудование, программное обеспечение"
"https://icatalog.expocentr.ru/ru/exhibitions/a94ff0c2-5685-11f0-80d0-a0d3c1fab97f/exhibitors/383671?&stand=14E060";"ВАКУМПАК-М ПТК, ООО";"http://www.vp-m.ru/";"+7 (495) 580-7008";"info@vp-m.ru";"Упаковка в модифицированной газовой среде Вакуумная упаковка Упаковка под запайку Гибкая упаковка Мягкая упаковка Полужесткая упаковка Многослойная упаковка Флоупак Искусственные оболочки"
"https://icatalog.expocentr.ru/ru/exhibitions/a94ff0c2-5685-11f0-80d0-a0d3c1fab97f/exhibitors/383725?&stand=14E188";"ВАТЕК, ООО";"http://www.vatec.info/";"+7 (985) 928-1463";"info@vatec.info";"Рыбопереработка. Оборудование для первичной обработки, переработки рыбы и морепродуктов, судовое и береговое оборудование, сопутствующее оборудование Автоматизация пищевых производств и технологических процессов Взвешивание сыпучих материалов в потоке, системы взвешивания емкостей"
"https://icatalog.expocentr.ru/ru/exhibitions/a94ff0c2-5685-11f0-80d0-a0d3c1fab97f/exhibitors/383984?&stand=14B080";"ВОЛЬГИНСКИЙ ЗАВОД ЛИТЬЕВЫХ ПЛАСТМАСС, ООО";"http://www.vzlp.ru/";"+7 (495) 909-8187";"info@vzlp.ru";"Упаковка в модифицированной газовой среде Упаковочное оборудование для жидких и пастообразных продуктов Упаковочное оборудование для трудносыпучих продуктов Упаковочное оборудование для штучных продуктов Упаковка под запайку Упаковочное оборудование и материалы"
"https://icatalog.expocentr.ru/ru/exhibitions/a94ff0c2-5685-11f0-80d0-a0d3c1fab97f/exhibitors/383806?&stand=14C010";"ВСЕЛУГ МАШИНОСТРОИТЕЛЬНАЯ КОМПАНИЯ, ООО";"http://www.vselug.ru/";"+7 (495) 727-4466";"vselug@vselug.ru";"Дозирующие машины Упаковочное оборудование для сыпучих продуктов Упаковочное оборудование для трудносыпучих продуктов Фасовочные машины Промышленные роботы Упаковочные линии"
"https://icatalog.expocentr.ru/ru/exhibitions/a94ff0c2-5685-11f0-80d0-a0d3c1fab97f/exhibitors/384155?&stand=14A070";"ВСО ПРОФИЛЬ, ООО";"http://www.vsoprofil.com/";"+7 804 333-5004";"mail@vsoprofil.com";"Складская недвижимость: проектирование, строительство, эксплуатация"
"https://icatalog.expocentr.ru/ru/exhibitions/a94ff0c2-5685-11f0-80d0-a0d3c1fab97f/exhibitors/384606?&stand=14C065";"ГЕОРГ ПОЛИМЕР, АО";"http://www.georgpolymer.ru/";"+7 (499) 111-3779";"sales@georgpolymer.ru";"Дозирующие машины Упаковка в модифицированной газовой среде Упаковочное оборудование Комплексные упаковочные линии Упаковка и упаковочные материалы Системы оптического контроля"
"https://icatalog.expocentr.ru/ru/exhibitions/a94ff0c2-5685-11f0-80d0-a0d3c1fab97f/exhibitors/384054?&stand=14D120";"ГИДЕН ЭЛЕКТРОНИКС, ООО";"http://giden.ru/";"+7 (495) 225-5452";"sale@giden.ru";"Оборудование для маркировки Автоматизированные системы для маркировки и прослеживаемости товаров Этикетировочные машины, этикетировщики, аппликаторы этикеток Запчасти, комплектующие, расходные материалы для оборудования Автоматизация пищевых производств и технологических процессов Промышленные роботы"
"https://icatalog.expocentr.ru/ru/exhibitions/a94ff0c2-5685-11f0-80d0-a0d3c1fab97f/exhibitors/384204?&stand=14E070";"ГРАН ПРИ";"http://www.granpri.pro/";"+7 351 211-0292";"zam.dir@granpri.pro";"Гигиеническое оборудование для персонала и санитарных постов Промышленная санитария Промышленные моющие и дезинфицирующие средства Системы дезинфекции производственных помещений CIP-станции, дезинфицирующее оборудование и химические средства для мойки Уборочное оборудование"
"https://icatalog.expocentr.ru/ru/exhibitions/a94ff0c2-5685-11f0-80d0-a0d3c1fab97f/exhibitors/383974?&stand=14E105";"ГРЕЙТ ИНЖИНИРИНГ, ООО";"http://www.great-eng.ru/";"+7 (901) 509-5232";"info@great-eng.ru";"Упаковка в модифицированной газовой среде Упаковочное оборудование Упаковка и упаковочные материалы Упаковка под запайку"
"https://icatalog.expocentr.ru/ru/exhibitions/a94ff0c2-5685-11f0-80d0-a0d3c1fab97f/exhibitors/383782?&stand=14B170";"ГРЭНТ, ООО";"http://www.grent.ru/";"8 800 500-7663";"info@grent.ru";"Гигиеническое оборудование для персонала и санитарных постов Промышленная санитария Промышленные трапы и каналы Комплексные решения для предприятий пищевой промышленности Промышленные машины для мойки и сушки Оборудование для гигиены персонала"
"https://icatalog.expocentr.ru/ru/exhibitions/a94ff0c2-5685-11f0-80d0-a0d3c1fab97f/exhibitors/384761?&stand=14D234";"ДЕЗОН, ООО";"http://dezon.pro/";"+7 (499) 653-5153";"info@dezon.pro";"Промышленная санитария Промышленные моющие и дезинфицирующие средства"
"https://icatalog.expocentr.ru/ru/exhibitions/a94ff0c2-5685-11f0-80d0-a0d3c1fab97f/exhibitors/384015?&stand=14C045";"ДЖИ. МОНДИНИ, ООО";"http://www.gmondini.com/";"+7 (916) 704-2295";"dmitry_andreev@gmondini.com";"Дозирующие машины Упаковка в модифицированной газовой среде Упаковочное оборудование Комплексные упаковочные линии Упаковка под запайку Упаковочное оборудование и материалы"
"https://icatalog.expocentr.ru/ru/exhibitions/a94ff0c2-5685-11f0-80d0-a0d3c1fab97f/exhibitors/383757?&stand=14F190";"ДИАЭМ, ООО";"http://dia-m.ru/";"+7 (495) 745-0508";"info@dia-m.ru";"Комплексные решения для предприятий пищевой промышленности Аналитическое и лабораторное оборудование Оснащение пищевых лабораторий. Лабораторная мебель, оборудование, приборы, расходные материалы, реактивы"
"https://icatalog.expocentr.ru/ru/exhibitions/a94ff0c2-5685-11f0-80d0-a0d3c1fab97f/exhibitors/383979?&stand=14C050";"ДИКАЙ ТЕХНОЛОДЖИ, ООО";"http://www.dkcoding.ru/";"+7 (495) 789-0950";"info@dkcoding.ru";"Этикеточная продукция и расходные материалы для ее изготовления (бумага, картон, полимерные пленки, фольга, полиграфические краски и т. д.) Оборудование для маркировки Автоматизированные системы для маркировки и прослеживаемости товаров Этикетировочные машины, этикетировщики, аппликаторы этикеток"
"https://icatalog.expocentr.ru/ru/exhibitions/a94ff0c2-5685-11f0-80d0-a0d3c1fab97f/exhibitors/384025?&stand=14E210";"ДИСКРЕТА, ООО";"https://discreta.ru/";"+7 (916) 356-3698";"info@discreta.ru";"Кормопроизводство и кормозаготовка Системы оптического контроля Автоматизированные системы для маркировки и прослеживаемости товаров Автоматизация пищевых производств и технологических процессов Промышленные роботы Оборудование и автоматизированные линии для производства кондитерских изделий"
"https://icatalog.expocentr.ru/ru/exhibitions/a94ff0c2-5685-11f0-80d0-a0d3c1fab97f/exhibitors/383901?&stand=14F220";"ДХ4РУ, ООО";"http://www.cmt-product.ru/";"8 800 250-3100";"zakaz@cmt-product.ru";"Химически устойчивые, экологически безопасные покрытия Промышленный плинтус Наливные полы, напольные покрытия и противогрибковая защита Комплексные решения для предприятий пищевой промышленности Проектирование, строительство и реконструкция"
"https://icatalog.expocentr.ru/ru/exhibitions/a94ff0c2-5685-11f0-80d0-a0d3c1fab97f/exhibitors/384150?&stand=14D160";"ЕВРОПРИБОР, ООО";"http://eupribor.ru/";"8 800 770-0906";"info@eupribor.ru";"Оборудование для маркировки Запчасти, комплектующие, расходные материалы для оборудования Насосы и насосное оборудование Системы автоматизации управления производственными процессами Контрольно-измерительное оборудование Монтаж оборудования Пусконаладочные работы Оборудование для производства мороженого Оборудование для производства и розлива спиртных напитков, пива и безалкогольных напитков Оборудование для переработки молока и производства молочных продуктов"
"https://icatalog.expocentr.ru/ru/exhibitions/a94ff0c2-5685-11f0-80d0-a0d3c1fab97f/exhibitors/383661?&stand=14F170";"ЕМС ИНТЕГРАЦИЯ, ООО";"https://ems-tech.ru/";"+7 (812) 679-2778";"sales@ems-tech.ru";"Автоматизация пищевых производств и технологических процессов Промышленные роботы Системы автоматизации управления производственными процессами Весовое и измерительное оборудование IT и автоматизация Решения для автоматизации"
"https://icatalog.expocentr.ru/ru/exhibitions/a94ff0c2-5685-11f0-80d0-a0d3c1fab97f/exhibitors/384261?&stand=14A060";"ЗАВОД ИМ В.А. ДЕГТЯРЁВА, АО";"http://www.zid.ru/";"+7 4923291701";"trostin_vp@zid.ru";"Дозирующие и оборачивающие машины для масложировой продукции Упаковочное оборудование для жидких и пастообразных продуктов Вертикальные упаковочные машины Горизонтальные упаковочные машины Российский экспортер"
"https://icatalog.expocentr.ru/ru/exhibitions/a94ff0c2-5685-11f0-80d0-a0d3c1fab97f/exhibitors/383756?&stand=14F030";"ЗАВОД ТЕХНИЧЕСКИХ ПОЛИМЕРНЫХ ИЗДЕЛИЙ (ЗТПИ), ООО";"https://ztpi.ru/";"+7 (499) 350-2200";"zakaz@ztpi.ru";"Пресс-формы Вспомогательные упаковочные изделия (крышки, колпачки, пробки, обвязочные ленты) ПЭТ-преформы"
"https://icatalog.expocentr.ru/ru/exhibitions/a94ff0c2-5685-11f0-80d0-a0d3c1fab97f/exhibitors/384125?&stand=14C160";"ИЖСИНТЕЗ-ХИМПРОМ, ООО";"http://www.pk-izhsintez.ru/";"8 800 250-1813";"marketing-prom@pk-izhsintez.ru";"Промышленная санитария Промышленные моющие и дезинфицирующие средства CIP-станции, дезинфицирующее оборудование и химические средства для мойки Оборудование для нарезки и порционирования Гигиена производства Тепловое оборудование Российский экспортер"
"https://icatalog.expocentr.ru/ru/exhibitions/a94ff0c2-5685-11f0-80d0-a0d3c1fab97f/exhibitors/383962?&stand=14E045";"ИЛАПАК СНГ, ООО";"http://www.ima.it/";"+7 (495) 234-1992";"info.ilapak.ru@ima.it";"Упаковка в модифицированной газовой среде Упаковочное оборудование для овощей и фруктов Упаковочное оборудование для сыпучих продуктов Упаковочное оборудование для штучных продуктов Вертикальные упаковочные машины Горизонтальные упаковочные машины"
"https://icatalog.expocentr.ru/ru/exhibitions/a94ff0c2-5685-11f0-80d0-a0d3c1fab97f/exhibitors/383673?&stand=14B010";"ИЛПРА РУС, ООО";"https://ilpragroup.ru/";"+7 (495) 773-4470";"russia@ilpra.com";"Упаковка в модифицированной газовой среде Упаковочное оборудование Комплексные упаковочные линии Горизонтальные упаковочные машины Термоформование, наполнение и запечатывание Дозирующее оборудование"
"https://icatalog.expocentr.ru/ru/exhibitions/a94ff0c2-5685-11f0-80d0-a0d3c1fab97f/exhibitors/385118?&stand=14C130";"ИНДАСТРИАЛПРАЙМГРУПП";"https://www.agroprodmash-expo.ru/";"";"";""
"https://icatalog.expocentr.ru/ru/exhibitions/a94ff0c2-5685-11f0-80d0-a0d3c1fab97f/exhibitors/384215?&stand=14E070";"ИНДУКЦИЯ СКБ, ООО";"https://skbind.ru/";"+7 351 701-2944";"info@skbind.ru";"Запчасти, комплектующие, расходные материалы для оборудования Системы управления, регуляторы, датчики"
"https://icatalog.expocentr.ru/ru/exhibitions/a94ff0c2-5685-11f0-80d0-a0d3c1fab97f/exhibitors/383763?&stand=14F050";"ИНДУСТРИАЛЬНЫЙ СЕРВИС, ООО";"http://www.in-service.tech/";"+7 (495) 723-8456";"info@in-service.tech";"Упаковочное оборудование Вертикальные упаковочные машины Горизонтальные упаковочные машины Запчасти, комплектующие, расходные материалы для оборудования Автоматизация пищевых производств и технологических процессов Оборудование для нарезки сыров"
"https://icatalog.expocentr.ru/ru/exhibitions/a94ff0c2-5685-11f0-80d0-a0d3c1fab97f/exhibitors/384236?&stand=14E070";"ИНДУСТРИЯ УПАКОВКИ, ТД, OOO";"http://www.inupak.ru/";"+7 351 220-7710";"ovsyannikova@gc-souz.ru";"Упаковка в модифицированной газовой среде Упаковка под запайку Полужесткая упаковка"
"https://icatalog.expocentr.ru/ru/exhibitions/a94ff0c2-5685-11f0-80d0-a0d3c1fab97f/exhibitors/383886?&stand=14D128";"ИНДУТЕХ, ООО";"http://www.indutech.ru/";"+7 (812) 458-5998";"sales@indutech.ru";"Автоматизированные системы для маркировки и прослеживаемости товаров Автоматизация пищевых производств и технологических процессов Промышленные роботы Решения для автоматизации Технологический аудит и услуги по модернизации предприятий Системы проверки качества"
"https://icatalog.expocentr.ru/ru/exhibitions/a94ff0c2-5685-11f0-80d0-a0d3c1fab97f/exhibitors/383944?&stand=14C200";"ИНЖЕРОС, ООО";"https://ingeros.ru/";"+7 (495) 967-8080";"info@ingeros.ru";"Комплексные упаковочные линии Оборудование для групповой упаковки Системы оптического контроля Автоматизация пищевых производств и технологических процессов Промышленные роботы Системы проверки качества"
"https://icatalog.expocentr.ru/ru/exhibitions/a94ff0c2-5685-11f0-80d0-a0d3c1fab97f/exhibitors/384179?&stand=14B045";"ИНСПАИР, ООО";"https://inspair.ru/";"+7 (923) 400-1146";"sales@inspair.ru";"Оборудование для групповой упаковки Групповая упаковка Автоматизация пищевых производств и технологических процессов Промышленные роботы Системы автоматизации управления производственными процессами"
"https://icatalog.expocentr.ru/ru/exhibitions/a94ff0c2-5685-11f0-80d0-a0d3c1fab97f/exhibitors/384179?&stand=14E195";"ИНСПАИР, ООО";"https://inspair.ru/";"+7 (923) 400-1146";"sales@inspair.ru";"Оборудование для групповой упаковки Групповая упаковка Автоматизация пищевых производств и технологических процессов Промышленные роботы Системы автоматизации управления производственными процессами"
"https://icatalog.expocentr.ru/ru/exhibitions/a94ff0c2-5685-11f0-80d0-a0d3c1fab97f/exhibitors/383868?&stand=14B185";"ИНСПАЙРЕМ РУС";"http://www.inspirem.ru/";"+7 (495) 647-9744";"info@inspirem.ru";"Комплексные решения для предприятий пищевой промышленности Проектирование, строительство и реконструкция"
"https://icatalog.expocentr.ru/ru/exhibitions/a94ff0c2-5685-11f0-80d0-a0d3c1fab97f/exhibitors/383952?&stand=14C095";"ИНТЕГРАЛ ПЛЮС, ООО";"http://www.xn--80aaf5abwe5a.xn--p1ai/";"+7 843 567-5315";"integralrop@gmail.com";"Упаковочное оборудование для сыпучих продуктов Упаковочное оборудование для штучных продуктов Фасовочные машины Вертикальные упаковочные машины Горизонтальные упаковочные машины Оборудование для групповой упаковки"
"https://icatalog.expocentr.ru/ru/exhibitions/a94ff0c2-5685-11f0-80d0-a0d3c1fab97f/exhibitors/383986?&stand=14D075";"ИНТЕЛТЕСТ, ООО";"https://smtest.ru/";"+7 (499) 753-3226";"info@inteltest.ru";"Аналитическое и лабораторное оборудование Оборудование для оценки качества готовой продукции Контрольно-измерительное оборудование Оснащение пищевых лабораторий. Лабораторная мебель, оборудование, приборы, расходные материалы, реактивы Системы проверки качества"
"https://icatalog.expocentr.ru/ru/exhibitions/a94ff0c2-5685-11f0-80d0-a0d3c1fab97f/exhibitors/384018?&stand=14A045";"ИНТЕРМИК РУСТЕХ, ООО";"http://www.intermik.ru/";"+7 (495) 231-1900";"intermik@intermik.ru";"Оборудование и технологии для убоя скота и первичной обработки Оборудование для переработки птицы Упаковочное оборудование Промышленная санитария Оборудование для переработки мяса Оборудование для изготовления колбасных изделий"
"https://icatalog.expocentr.ru/ru/exhibitions/a94ff0c2-5685-11f0-80d0-a0d3c1fab97f/exhibitors/383861?&stand=14A035";"ИТАГРО ГРУПП, ООО";"http://www.itagrogroup.ru/";"+7 (812) 389-3062";"info@itagrogroup.ru";"Вспомогательные упаковочные изделия (крышки, колпачки, пробки, обвязочные ленты) Оборудование для маркировки Запчасти, комплектующие, расходные материалы для оборудования Комплексные решения для предприятий пищевой промышленности Автоматизация пищевых производств и технологических процессов Промышленные роботы"
"https://icatalog.expocentr.ru/ru/exhibitions/a94ff0c2-5685-11f0-80d0-a0d3c1fab97f/exhibitors/384202?&stand=14C110";"К-РОБОТИКС, ООО";"http://www.k-robotics.ru/";"8 800 234-6996";"viktoriyagovorova@k-solutions.ru";"Оборудование и технологии для убоя скота и первичной обработки Комплексные решения для предприятий пищевой промышленности Автоматизация пищевых производств и технологических процессов Промышленные роботы Системы автоматизации управления производственными процессами Российский экспортер Холодильные и морозильные склады"
"https://icatalog.expocentr.ru/ru/exhibitions/a94ff0c2-5685-11f0-80d0-a0d3c1fab97f/exhibitors/383800?&stand=14C020";"КАЛЛИСТО ВИЖН, ООО";"http://www.callistovision.ru/";"+7 (499) 130-7471";"info@callistovision.ru";"Оборудование для маркировки Автоматизированные системы для маркировки и прослеживаемости товаров"
"https://icatalog.expocentr.ru/ru/exhibitions/a94ff0c2-5685-11f0-80d0-a0d3c1fab97f/exhibitors/383880?&stand=14B095";"КАМОЦЦИ ПНЕВМАТИКА, ООО";"http://www.camozzi.ru/";"+7 (495) 786-6585";"info@camozzi.ru";"Запчасти, комплектующие, расходные материалы для оборудования Оборудование для водоснабжения, водоочистное оборудование, запорная арматура, оборудование для трубопроводов Автоматизация пищевых производств и технологических процессов Системы автоматизации управления производственными процессами"
"https://icatalog.expocentr.ru/ru/exhibitions/a94ff0c2-5685-11f0-80d0-a0d3c1fab97f/exhibitors/384241?&stand=14E100";"КВАНТРОН ГРУПП, ООО";"http://www.kvantron.com/";"+7 4912 722270";"contact@kvantron.com";"Оборудование для преформ Системы оптического контроля Оборудование для маркировки Автоматизированные системы для маркировки и прослеживаемости товаров IT-технологии, серверное и сетевое оборудование, программное обеспечение Оборудование для оценки качества готовой продукции"
"https://icatalog.expocentr.ru/ru/exhibitions/a94ff0c2-5685-11f0-80d0-a0d3c1fab97f/exhibitors/383726?&stand=14D205";"КВИ ИНТЕРНЭШНЛ, ООО";"http://www.kwi.ru/";"+7 (812) 449-4900";"info@kwi.ru";"Оборудование для нейтрализации вредных промышленных отходов Технологии очистки"
"https://icatalog.expocentr.ru/ru/exhibitions/a94ff0c2-5685-11f0-80d0-a0d3c1fab97f/exhibitors/384242?&stand=14D122";"КЕВ-РУС, ООО (KR AUTOMATION TM)";"http://www.kr-drive.ru/";"+7 4922 372480";"info@kr-drive.ru";"Этикетировочные машины, этикетировщики, аппликаторы этикеток Комплексные решения для предприятий пищевой промышленности Автоматизация пищевых производств и технологических процессов Промышленные роботы Системы автоматизации управления производственными процессами Куттеры, мясорубки, фаршемешалки"
"https://icatalog.expocentr.ru/ru/exhibitions/a94ff0c2-5685-11f0-80d0-a0d3c1fab97f/exhibitors/383715?&stand=14B065";"КЛАРИТИ";"http://www.claritynn.ru/";"+7 8313 314562";"sale@claritynn.ru";"Упаковка и упаковочные материалы Упаковка под запайку Окончательная упаковка, перемещение материалов Упаковывание в стретч-пленку Термоусадочная пленка Флоупак"
"https://icatalog.expocentr.ru/ru/exhibitions/a94ff0c2-5685-11f0-80d0-a0d3c1fab97f/exhibitors/384257?&stand=14D230";"КЛАССИКА ЧИСТОТЫ, ООО";"https://chistoklass.ru/";"8 800 511-5610";"hello@chistoklass.ru";"Гигиеническое оборудование для персонала и санитарных постов Промышленные моющие и дезинфицирующие средства Уборочное оборудование"
"https://icatalog.expocentr.ru/ru/exhibitions/a94ff0c2-5685-11f0-80d0-a0d3c1fab97f/exhibitors/383954?&stand=14B055";"КЛИМАНОВ, ООО";"http://www.klimanov-tech.ru/";"8 800 550-4212";"inf@klimanov-tech.ru";"Дозирующие машины Упаковка в модифицированной газовой среде Упаковочное оборудование Комплексные упаковочные линии Термоформование, наполнение и запечатывание Упаковка и упаковочные материалы"
"https://icatalog.expocentr.ru/ru/exhibitions/a94ff0c2-5685-11f0-80d0-a0d3c1fab97f/exhibitors/384570?&stand=14C175";"КЛИНИН, ООО";"http://www.klinin.com/";"8 800 500-9449";"hello@klinin.com";"Оборудование и технологии для убоя скота и первичной обработки Гигиеническое оборудование для персонала и санитарных постов Промышленные моющие и дезинфицирующие средства CIP-станции, дезинфицирующее оборудование и химические средства для мойки Комплексные решения для предприятий пищевой промышленности Средства для обработки поверхностей"
"https://icatalog.expocentr.ru/ru/exhibitions/a94ff0c2-5685-11f0-80d0-a0d3c1fab97f/exhibitors/383957?&stand=14A175";"КОЛОДКИНА И ТИТУХИНА, ООО";"https://kolodkinatitukhina.com/";"+7 (999) 927-5332";"info@kolodkinatitukhina.com";"Дозирующие машины Автоматизация пищевых производств и технологических процессов Дозирующее оборудование Оборудование для мини-пекарен, кондитерских мини-цехов Формовочно-отливочное оборудование для предприятий кондитерской промышленности Оборудование и автоматизированные линии для производства кондитерских изделий"
"https://icatalog.expocentr.ru/ru/exhibitions/a94ff0c2-5685-11f0-80d0-a0d3c1fab97f/exhibitors/384271?&stand=14B072";"КОМИТАС, ООО";"http://www.comitas.ru/";"+7 (499) 551-5577";"info@comitas.ru";"Машины для палетизации Складское оборудование. Хранение Стеллажные системы Транспортное, подъемное, погрузочное оборудование Промышленные роботы Системы автоматизации управления производственными процессами"
"https://icatalog.expocentr.ru/ru/exhibitions/a94ff0c2-5685-11f0-80d0-a0d3c1fab97f/exhibitors/383723?&stand=14D248";"КПД, ООО";"http://www.ifloors.ru/";"+7 (985) 410-8632";"kpd@acrylicon.ru";"Химически устойчивые, экологически безопасные покрытия Промышленный плинтус Наливные полы, напольные покрытия и противогрибковая защита Промышленные трапы и каналы Проектирование, строительство и реконструкция Холодильные и морозильные склады"
"https://icatalog.expocentr.ru/ru/exhibitions/a94ff0c2-5685-11f0-80d0-a0d3c1fab97f/exhibitors/383663?&stand=14F080";"КРИПТ, ООО";"http://www.kript.info/";"+7 (921) 985-9708";"clt@kript.info";"Транспортное, подъемное, погрузочное оборудование Оборудование для производства кофе, чая и табака Оборудование для производства и розлива спиртных напитков, пива и безалкогольных напитков Оборудование для производства фруктовых и овощных соков Оборудование для производства хлебобулочных изделий Оборудование для производства сыров"
"https://icatalog.expocentr.ru/ru/exhibitions/a94ff0c2-5685-11f0-80d0-a0d3c1fab97f/exhibitors/383686?&stand=14C170";"КТП";"http://www.qtp.ru/";"8 800 775-7659";"agro@qtp.ru";"Химически устойчивые, экологически безопасные покрытия Промышленный плинтус Наливные полы, напольные покрытия и противогрибковая защита Промышленная санитария Промышленные моющие и дезинфицирующие средства Российский экспортер"
"https://icatalog.expocentr.ru/ru/exhibitions/a94ff0c2-5685-11f0-80d0-a0d3c1fab97f/exhibitors/383735?&stand=14E208";"КУРСКИЙ ЭЛЕКТРОАППАРАТНЫЙ ЗАВОД (КЭАЗ), АО";"http://www.keaz.ru/";"+7 (4712) 399-911";"keaz@keaz.ru";"Электротехническое оборудование Системы автоматизации управления производственными процессами"
"https://icatalog.expocentr.ru/ru/exhibitions/a94ff0c2-5685-11f0-80d0-a0d3c1fab97f/exhibitors/384273?&stand=14E070";"КЭП Лаборатория вариаторов, ООО";"http://labovar.ru/";"+7 351 230-5840";"labovar@yandex.ru";"Оборудование для переработки птицы Рыбопереработка. Оборудование для первичной обработки, переработки рыбы и морепродуктов, судовое и береговое оборудование, сопутствующее оборудование Запчасти, комплектующие, расходные материалы для оборудования Российский экспортер"
"https://icatalog.expocentr.ru/ru/exhibitions/a94ff0c2-5685-11f0-80d0-a0d3c1fab97f/exhibitors/384734?&stand=14C238";"ЛАВТЕЧ, ООО";"https://lovetech.pro/";"8 800 600-4504";"office@lovetech.pro";"Гигиеническое оборудование для персонала и санитарных постов Промышленная санитария Промышленные моющие и дезинфицирующие средства Системы дезинфекции производственных помещений CIP-станции, дезинфицирующее оборудование и химические средства для мойки Контрактное производство, производство изделий на заказ"
"https://icatalog.expocentr.ru/ru/exhibitions/a94ff0c2-5685-11f0-80d0-a0d3c1fab97f/exhibitors/384084?&stand=14C130";"ЛАМИСТЕРИЯ, ООО";"http://www.lamisteriya.ru/";"+7 (925) 822-1790";"info@lamisteriya.ru";"Оборудование для розлива Технологические линии по розливу"
"https://icatalog.expocentr.ru/ru/exhibitions/a94ff0c2-5685-11f0-80d0-a0d3c1fab97f/exhibitors/384190?&stand=14C155";"ЛИТ НПО";"http://lit-uv.ru/";"+7 (495) 197-7658";"lit@lit-uv.ru";"Оборудование для производства и розлива спиртных напитков, пива и безалкогольных напитков Оборудование для производства фруктовых и овощных соков Оборудование для переработки мяса Оборудование для изготовления колбасных изделий Оборудование для переработки молока и производства молочных продуктов Системы вентиляции, кондиционирования, климат-контроля. Сплит-системы"
"https://icatalog.expocentr.ru/ru/exhibitions/a94ff0c2-5685-11f0-80d0-a0d3c1fab97f/exhibitors/383760?&stand=14E040";"ЛЭЙБЛ ГРУПП, ООО";"http://www.labelgroup.ru/";"+7 (495) 740-4069";"info@labelgroup.ru";"Упаковочное оборудование Комплексные упаковочные линии Этикетировочные машины, этикетировщики, аппликаторы этикеток Упаковочное оборудование и материалы Упаковочные линии"
"https://icatalog.expocentr.ru/ru/exhibitions/a94ff0c2-5685-11f0-80d0-a0d3c1fab97f/exhibitors/384003?&stand=14B050";"МАКРО ТЕХНОЛОДЖИ, ООО";"http://www.makro-technology.ru/";"+7 (495) 642-6846";"office@makro-technology.ru";"Оборудование для маркировки Автоматизированные системы для маркировки и прослеживаемости товаров Этикетировочные машины, этикетировщики, аппликаторы этикеток"
"https://icatalog.expocentr.ru/ru/exhibitions/a94ff0c2-5685-11f0-80d0-a0d3c1fab97f/exhibitors/384231?&stand=14B200";"МАКСВАТЕР, ООО";"https://max-water.ru/";"8 800 222-7004";"maxwater@max-mail.ru";"Оборудование для животноводческих комплексов Оборудование для переработки птицы, дичи Оборудование для нейтрализации вредных промышленных отходов Оборудование и технологии для переработки и утилизации отходов Технологии очистки Технологии и оборудование для энергоэффективности и защиты окружающей среды"
"https://icatalog.expocentr.ru/ru/exhibitions/a94ff0c2-5685-11f0-80d0-a0d3c1fab97f/exhibitors/383978?&stand=14E052";"МАРКДЖЕТ";"http://www.markjet.ru/";"8 800 222-1230";"zakaz@markjet.ru";"Оборудование для маркировки Автоматизированные системы для маркировки и прослеживаемости товаров Этикетировочные машины, этикетировщики, аппликаторы этикеток Комплексные решения для предприятий пищевой промышленности Автоматизация пищевых производств и технологических процессов"
"https://icatalog.expocentr.ru/ru/exhibitions/a94ff0c2-5685-11f0-80d0-a0d3c1fab97f/exhibitors/384252?&stand=14C100";"МАРКИРОВКА ПЛЮС, ООО";"http://www.mark-pack.ru/";"+7 (925) 090-7332";"info@mark-pack.ru";"Оборудование для маркировки Автоматизированные системы для маркировки и прослеживаемости товаров Этикетировочные машины, этикетировщики, аппликаторы этикеток"
"https://icatalog.expocentr.ru/ru/exhibitions/a94ff0c2-5685-11f0-80d0-a0d3c1fab97f/exhibitors/384028?&stand=14C040";"МАШИНАРИУМ, ООО";"http://machinarium.com/";"+7 (495) 657-8651";"gen_mail@eciltdusa.com";"Горизонтальные упаковочные машины Оборудование для групповой упаковки Термоформование, наполнение и запечатывание"
"https://icatalog.expocentr.ru/ru/exhibitions/a94ff0c2-5685-11f0-80d0-a0d3c1fab97f/exhibitors/383764?&stand=14F060";"МАЯК, ООО";"http://www.v-upak.ru/";"+7 (4832) 32-22-00";"mayak.bk@bk.ru";"Вакуумная упаковка Гибкая упаковка Многослойная упаковка Российский экспортер Упаковка и упаковочные материалы"
"https://icatalog.expocentr.ru/ru/exhibitions/a94ff0c2-5685-11f0-80d0-a0d3c1fab97f/exhibitors/383973?&stand=14B120";"МЕКИНК, ООО";"http://www.mekink.ru/";"8 800 550-3655";"sales@mekink.ru";"Оборудование для маркировки Автоматизированные системы для маркировки и прослеживаемости товаров Этикетировочные машины, этикетировщики, аппликаторы этикеток"
"https://icatalog.expocentr.ru/ru/exhibitions/a94ff0c2-5685-11f0-80d0-a0d3c1fab97f/exhibitors/384191?&stand=14E070";"МИАССКИЙ ЗАВОД ПРОМЫШЛЕННОГО ОБОРУДОВАНИЯ, ООО";"https://mzpo-74.ru/";"+7 351 354-3337";"yarushin@mzpo74.ru";"Насосы и насосное оборудование Оборудование для водоснабжения, водоочистное оборудование, запорная арматура, оборудование для трубопроводов"
"https://icatalog.expocentr.ru/ru/exhibitions/a94ff0c2-5685-11f0-80d0-a0d3c1fab97f/exhibitors/383747?&stand=14A040";"МИЛТЕХ, ООО";"http://www.meal-box.ru/";"+7 (977) 444-4848";"sale4@mealbox.pro";"Готовая упаковка Упаковочные материалы Запайщики пакетов и лотков"
"https://icatalog.expocentr.ru/ru/exhibitions/a94ff0c2-5685-11f0-80d0-a0d3c1fab97f/exhibitors/383987?&stand=14A180";"МИР ХОМУТОВ, ООО";"http://www.homut.ru/";"+7 (495) 127-0986";"mx@homut.ru";"Оборудование для животноводческих комплексов Оборудование и сырье для выращивания и содержания птицы, свиней и КРС Оборудование для переработки птицы, дичи Оборудование и технологии для оснащения рыбных ферм Оборудование для овощехранилищ Оборудование для теплиц"
"https://icatalog.expocentr.ru/ru/exhibitions/a94ff0c2-5685-11f0-80d0-a0d3c1fab97f/exhibitors/384212?&stand=14C228";"МИРПРОМПОЛОВ, ООО (БАЗИС, ТМ)";"http://xn--80abkaeyzwdt.xn--p1ai/";"+7 (928) 378-9288";"mirprompolov@mail.ru";"Химически устойчивые, экологически безопасные покрытия Промышленный плинтус Наливные полы, напольные покрытия и противогрибковая защита Проектирование, строительство и реконструкция"
"https://icatalog.expocentr.ru/ru/exhibitions/a94ff0c2-5685-11f0-80d0-a0d3c1fab97f/exhibitors/383728?&stand=14D070";"МУЛЬТИВАК РУС, ООО";"http://www.multivacrus.ru/";"+7 (495) 990-4902";"office@ru.multivac.com";"Комплексные упаковочные линии Термоформование, наполнение и запечатывание Упаковка и упаковочные материалы Запчасти, комплектующие, расходные материалы для оборудования Комплексные решения для предприятий пищевой промышленности Оборудование для нарезки и порционирования Оборудование для работы с тестом Упаковочное оборудование и материалы Аренда оборудования Выкуп оборудования Лизинг оборудования Монтаж, сервисное обслуживание, восстановление и ремонт оборудования"
"https://icatalog.expocentr.ru/ru/exhibitions/a94ff0c2-5685-11f0-80d0-a0d3c1fab97f/exhibitors/384151?&stand=14D080";"МУЛЬТИПАК ИНОСТРАННОЕ ПРОИЗВОДСТВЕННОЕ УНИТАРНОЕ ПРЕДПРИЯТИЕ";"http://www.multipack.by/";"+375 232212587";"";"Упаковка в модифицированной газовой среде Термоформование, наполнение и запечатывание Упаковка и упаковочные материалы Упаковка под запайку Термоусадочная пленка Сырье и полуфабрикаты для производства тары и упаковки"
"https://icatalog.expocentr.ru/ru/exhibitions/a94ff0c2-5685-11f0-80d0-a0d3c1fab97f/exhibitors/383959?&stand=14C205";"НИКОР НПО, АО";"http://www.nikor.ru/";"+7 3822 900915";"nikor@nikor.ru";"Промышленная санитария Системы дезинфекции производственных помещений CIP-станции, дезинфицирующее оборудование и химические средства для мойки Системы для поддержания микроклимата, очистки воздуха"
"https://icatalog.expocentr.ru/ru/exhibitions/a94ff0c2-5685-11f0-80d0-a0d3c1fab97f/exhibitors/383817?&stand=14F068";"НОВА ЭТИКЕТИРОВОЧНОЕ ОБОРУДОВАНИЕ, ООО";"http://www.nova.ru.net/";"+7 (925) 499-2128";"sales@nova.ru.net";"Оборудование для маркировки Автоматизированные системы для маркировки и прослеживаемости товаров Этикетировочные машины, этикетировщики, аппликаторы этикеток Комплексные решения для предприятий пищевой промышленности Автоматизация пищевых производств и технологических процессов Промышленные роботы"
"https://icatalog.expocentr.ru/ru/exhibitions/a94ff0c2-5685-11f0-80d0-a0d3c1fab97f/exhibitors/383791?&stand=14E190";"НОВАТЕКС, ООО";"https://novatex34.ru/";"+7 (961) 680-2268";"info@novatex34.ru";"Оборудование для розлива Технологические линии по розливу Автоматизация пищевых производств и технологических процессов Промышленные роботы Системы автоматизации управления производственными процессами Проектирование, строительство и реконструкция"
"https://icatalog.expocentr.ru/ru/exhibitions/a94ff0c2-5685-11f0-80d0-a0d3c1fab97f/exhibitors/383824?&stand=14E095";"НОВОКОД ГРУППА, ООО";"http://www.xn--b1aerkfbb.xn--p1ai/";"+7 (495) 970-9706";"info@novocod.ru";"Формирователи и заклейщики гофрокоробов Оборудование для маркировки Автоматизированные системы для маркировки и прослеживаемости товаров Этикетировочные машины, этикетировщики, аппликаторы этикеток Весовое и измерительное оборудование"
"https://icatalog.expocentr.ru/ru/exhibitions/a94ff0c2-5685-11f0-80d0-a0d3c1fab97f/exhibitors/383916?&stand=14C208";"НОВЭЛХИМ, ООО";"http://www.novelhim.ru/";"+7 (495) 640-1757";"info@novelhim.ru";"Гигиеническое оборудование для персонала и санитарных постов Наливные полы, напольные покрытия и противогрибковая защита Промышленная санитария Промышленные моющие и дезинфицирующие средства Системы дезинфекции производственных помещений CIP-станции, дезинфицирующее оборудование и химические средства для мойки"
"https://icatalog.expocentr.ru/ru/exhibitions/a94ff0c2-5685-11f0-80d0-a0d3c1fab97f/exhibitors/384097?&stand=14F070";"ОКОМА, ООО";"https://okoma.ru/";"+7 (812) 448-5348";"info@okoma.ru";"Логистика и технология поставок Комплексные решения для предприятий пищевой промышленности Выкуп оборудования"
"https://icatalog.expocentr.ru/ru/exhibitions/a94ff0c2-5685-11f0-80d0-a0d3c1fab97f/exhibitors/383948?&stand=14C090";"ОПТИРЕЙ, ООО";"http://www.opti-ray.ru/";"+7 (903) 583-9031";"evgeniiapetukhova@opti-ray.ru";"Оборудование для маркировки Автоматизированные системы для маркировки и прослеживаемости товаров Этикетировочные машины, этикетировщики, аппликаторы этикеток Металлодетекторы для контроля качества Оборудование для проверки продукции и выявления инородных включений Системы проверки качества"
"https://icatalog.expocentr.ru/ru/exhibitions/a94ff0c2-5685-11f0-80d0-a0d3c1fab97f/exhibitors/384571?&stand=14E170";"ОС-ТЕХНОЛОДЖИ, ООО";"http://www.os-tech.ru/";"8 800 555-8226";"info@os-tech.ru";"Оборудование для маркировки IT-технологии, серверное и сетевое оборудование, программное обеспечение Взвешивание сыпучих материалов в потоке, системы взвешивания емкостей Оборудование для оценки качества готовой продукции Металлодетекторы для контроля качества Оборудование для проверки продукции и выявления инородных включений"
"https://icatalog.expocentr.ru/ru/exhibitions/a94ff0c2-5685-11f0-80d0-a0d3c1fab97f/exhibitors/383738?&stand=14D090";"ОСТПАК, ООО";"http://www.ostpack.ru/";"+7 (495) 212-0700";"info@ostpack.ru";"Оборудование для розлива Дозирующие и оборачивающие машины для масложировой продукции Комплексные упаковочные линии Оборудование для групповой упаковки Термоформование, наполнение и запечатывание Оборудование для нарезки сыров"
"https://icatalog.expocentr.ru/ru/exhibitions/a94ff0c2-5685-11f0-80d0-a0d3c1fab97f/exhibitors/383983?&stand=14D100";"ПАКТЕХ, OOO";"http://www.packtechpro.com/";"+7 863 333-2074";"info@packtechpro.com";"Упаковочное оборудование для сыпучих продуктов Комплексные упаковочные линии Вертикальные упаковочные машины Горизонтальные упаковочные машины Оборудование для групповой упаковки Упаковывание в картонные коробки, короба"
"https://icatalog.expocentr.ru/ru/exhibitions/a94ff0c2-5685-11f0-80d0-a0d3c1fab97f/exhibitors/383692?&stand=14A030";"ПАРМАТЕК, ООО";"http://www.parmatek.ru/";"+7 (495) 980-0418";"secretary@parmatek.ru";"Оборудование для розлива Оборудование для групповой упаковки Групповая упаковка Окончательная упаковка, перемещение материалов Этикетировочные машины, этикетировщики, аппликаторы этикеток Оборудование для производства и розлива спиртных напитков, пива и безалкогольных напитков"
"https://icatalog.expocentr.ru/ru/exhibitions/a94ff0c2-5685-11f0-80d0-a0d3c1fab97f/exhibitors/383819?&stand=14B032";"ПЕТРОПОЛИМЕР, ООО";"http://www.petropolimer.ru/";"+7 (996) 783-9617";"office@petropolimer.ru";"Упаковка и упаковочные материалы Упаковка жесткого давления и/или полимерная упаковка Упаковка под запайку Полужесткая упаковка Готовая упаковка Упаковка и этикетирование"
"https://icatalog.expocentr.ru/ru/exhibitions/a94ff0c2-5685-11f0-80d0-a0d3c1fab97f/exhibitors/383680?&stand=14B025";"ПК ИНЖИНИРИНГ, ООО";"http://www.rexnord.su/";"+7 (495) 223-4770";"info@rexnord.su";"Оборудование для розлива Оборудование для розлива молока Оборудование для производства и розлива спиртных напитков, пива и безалкогольных напитков"
"https://icatalog.expocentr.ru/ru/exhibitions/a94ff0c2-5685-11f0-80d0-a0d3c1fab97f/exhibitors/383928?&stand=14E230";"ПОЛИМЕР ПРО, ООО";"https://linolit.ru/";"8 800 500-3095";"info@linolit-rus.ru";"Химически устойчивые, экологически безопасные покрытия Промышленный плинтус Наливные полы, напольные покрытия и противогрибковая защита Промышленная санитария Промышленные роботы Проектирование, строительство и реконструкция Российский экспортер Оборудование для гигиены предприятия Промышленные трапы и каналы"
"https://icatalog.expocentr.ru/ru/exhibitions/a94ff0c2-5685-11f0-80d0-a0d3c1fab97f/exhibitors/384154?&stand=14B035";"ПОЛИЭР, ООО";"http://www.polyer.ru/";"+7 (495) 741-4446";"sales@polyer.ru";"Упаковка и упаковочные материалы Упаковка под запайку Гибкая упаковка Многослойная упаковка Флоупак"
"https://icatalog.expocentr.ru/ru/exhibitions/a94ff0c2-5685-11f0-80d0-a0d3c1fab97f/exhibitors/384016?&stand=14E080";"ПРАЙМКАРТОНПАК, АО";"http://www.primecartonpak.com/";"+7 (917) 579-6650";"info@primecartonpak.com";"Оборудование для розлива Технологические линии по розливу Оборудование для розлива молока Оборудование для переработки молока и производства молочных продуктов"
"https://icatalog.expocentr.ru/ru/exhibitions/a94ff0c2-5685-11f0-80d0-a0d3c1fab97f/exhibitors/383951?&stand=14A150";"ПРИВОДНАЯ ТЕХНИКА, НТЦ, ООО (STC DRIVE TECHNIQUE TM)";"http://www.privod.ru/";"+7 (495) 786-2100";"info@privod.ru";"Запчасти, комплектующие, расходные материалы для оборудования Электротехническое оборудование"
"https://icatalog.expocentr.ru/ru/exhibitions/a94ff0c2-5685-11f0-80d0-a0d3c1fab97f/exhibitors/384262?&stand=14E055";"ПРОДАКШЕН ЛАЙН";"http://www.prodline.ru/";"+7 (812) 347-9309";"mmm@prodline.ru";"Упаковочное оборудование для овощей и фруктов Упаковка под запайку Гибкая упаковка Готовая упаковка Упаковочные линии"
"https://icatalog.expocentr.ru/ru/exhibitions/a94ff0c2-5685-11f0-80d0-a0d3c1fab97f/exhibitors/384227?&stand=14C148";"ПРОМРЕШЕНИЕ ЭКСПОРТ, ООО";"http://promreshenie.ru/";"8 804 333-4050";"office@promreshenie.ru";"Автоматизация пищевых производств и технологических процессов Промышленные роботы Системы автоматизации управления производственными процессами"
"https://icatalog.expocentr.ru/ru/exhibitions/a94ff0c2-5685-11f0-80d0-a0d3c1fab97f/exhibitors/384292?&stand=14F035";"ПРОМТАРА, ООО";"http://www.promtara.ru/";"+7 (960) 573-7455";"promtara@promtara.ru";"Гофрокартон, гофротара Термоконтейнеры Упаковочное оборудование и материалы Готовая упаковка Контрактное производство, производство изделий на заказ"
"https://icatalog.expocentr.ru/ru/exhibitions/a94ff0c2-5685-11f0-80d0-a0d3c1fab97f/exhibitors/383684?&stand=14F010";"ПРОСТОР-К, ООО";"http://prostor-k.com/";"+7 (495) 517-2842";"info@prostor-k.ru";"Упаковочное оборудование Комплексные упаковочные линии Вертикальные упаковочные машины Горизонтальные упаковочные машины Оборудование для групповой упаковки Термоформование, наполнение и запечатывание"
"https://icatalog.expocentr.ru/ru/exhibitions/a94ff0c2-5685-11f0-80d0-a0d3c1fab97f/exhibitors/383662?&stand=14F065";"ПРОТЕКТ";"http://proteflon.ru/";"+7 (921) 961-6746";"info@proteflon.ru";"Упаковка и упаковочные материалы Производственный инвентарь Сервисное обслуживание оборудования"
"https://icatalog.expocentr.ru/ru/exhibitions/a94ff0c2-5685-11f0-80d0-a0d3c1fab97f/exhibitors/383737?&stand=14E020";"ПРОТЕКТПАК, ООО";"http://www.protectpack.ru/";"+7 (495) 324-0034";"info@protectpack.ru";"Упаковка в модифицированной газовой среде Термоформование, наполнение и запечатывание Упаковка и упаковочные материалы Упаковка под запайку Сырье и полуфабрикаты для производства тары и упаковки Виды ингредиентов"
"https://icatalog.expocentr.ru/ru/exhibitions/a94ff0c2-5685-11f0-80d0-a0d3c1fab97f/exhibitors/384055?&stand=14E050";"ПРОТЭК ХОЛДИНГ, ООО";"http://www.protekgroup.com/";"+7 (495) 775-3047";"info@protekgroup.com";"Упаковка в модифицированной газовой среде Упаковка и упаковочные материалы Вакуумная упаковка Полужесткая упаковка Комплексные решения для предприятий пищевой промышленности Упаковка и этикетирование"
"https://icatalog.expocentr.ru/ru/exhibitions/a94ff0c2-5685-11f0-80d0-a0d3c1fab97f/exhibitors/383793?&stand=14C075";"ПРОФИТЭКС, ООО";"http://www.profitex.ru/";"+7 8793 989282";"profitex@profitex.ru";"Оборудование для розлива Дозирующие и оборачивающие машины для масложировой продукции Оборудование для дозирования жидких продуктов Автоматизация пищевых производств и технологических процессов Упаковочное оборудование и материалы"
"https://icatalog.expocentr.ru/ru/exhibitions/a94ff0c2-5685-11f0-80d0-a0d3c1fab97f/exhibitors/384277?&stand=14E225";"РаДиаТех";"http://radiatech.ru/";"+7 (812) 409-9695";"rdt@radiatech.ru";"Оборудование для оценки качества готовой продукции Контрольно-измерительное оборудование Оборудование для проверки продукции и выявления инородных включений Системы проверки качества"
"https://icatalog.expocentr.ru/ru/exhibitions/a94ff0c2-5685-11f0-80d0-a0d3c1fab97f/exhibitors/383771?&stand=14C128";"РИТЕЙЛ БИЗНЕС СОЛЮШНЗ, ООО";"https://rbs-retail.ru/";"+7 (495) 797-4440";"a.logunova@rbs-retail.ru";"Оборудование для маркировки Автоматизированные системы для маркировки и прослеживаемости товаров Этикетировочные машины, этикетировщики, аппликаторы этикеток Комплексные решения для предприятий пищевой промышленности Автоматизация пищевых производств и технологических процессов Весовое и измерительное оборудование"
"https://icatalog.expocentr.ru/ru/exhibitions/a94ff0c2-5685-11f0-80d0-a0d3c1fab97f/exhibitors/383838?&stand=14D130";"РОБОВИЗАРД, ООО";"https://www.robowizard.ru/";"+7 (812) 209-1103";"info@robowizard.ru";"Комплексные упаковочные линии Транспортное, подъемное, погрузочное оборудование Автоматизация пищевых производств и технологических процессов Промышленные роботы Системы автоматизации управления производственными процессами"
"https://icatalog.expocentr.ru/ru/exhibitions/a94ff0c2-5685-11f0-80d0-a0d3c1fab97f/exhibitors/384595?&stand=14D130";"РОБОКОМ, ООО";"https://robocom.pro/";"+7 (900) 596-9696";"office@robocom.pro";"Автоматизация пищевых производств и технологических процессов Промышленные роботы Сервисное обслуживание оборудования Технологическое проектирование и консалтинг Технологический аудит и услуги по модернизации предприятий"
"https://icatalog.expocentr.ru/ru/exhibitions/a94ff0c2-5685-11f0-80d0-a0d3c1fab97f/exhibitors/385129?&stand=14D128";"РОБОПРО";"https://www.agroprodmash-expo.ru/";"";"";""
"https://icatalog.expocentr.ru/ru/exhibitions/a94ff0c2-5685-11f0-80d0-a0d3c1fab97f/exhibitors/384167?&stand=14D105";"РОБОТОКС";"http://robotox.ru/";"+7 473 254-3050";"sales@robotox.ru";"Транспортное, подъемное, погрузочное оборудование Комплексные решения для предприятий пищевой промышленности Автоматизация пищевых производств и технологических процессов Промышленные роботы Системы автоматизации управления производственными процессами"
"https://icatalog.expocentr.ru/ru/exhibitions/a94ff0c2-5685-11f0-80d0-a0d3c1fab97f/exhibitors/383955?&stand=14D130";"РУС-ИНДУСТРИЯ, АО (FOODTECH TM)";"http://www.foodtech.su/";"+7 (4722) 73-50-50 (доб. 50 / ext. 50)";"ks@foodtech.su";"Дозирующие машины Оборудование для маркировки Автоматизированные системы для маркировки и прослеживаемости товаров Этикетировочные машины, этикетировщики, аппликаторы этикеток Запчасти, комплектующие, расходные материалы для оборудования Российский экспортер"
"https://icatalog.expocentr.ru/ru/exhibitions/a94ff0c2-5685-11f0-80d0-a0d3c1fab97f/exhibitors/383776?&stand=14A170";"РУСБАНА, ООО";"http://www.rusbana.ru/";"+7 (495) 212-0576";"rusbana@yandex.ru";"Комплексные упаковочные линии Термоформование, наполнение и запечатывание Оборудование для нарезки сыров Оборудование для переработки фруктов и овощей Оборудование для производства продуктов глубокой заморозки Оборудование для переработки картофеля"
"https://icatalog.expocentr.ru/ru/exhibitions/a94ff0c2-5685-11f0-80d0-a0d3c1fab97f/exhibitors/384024?&stand=14E070";"РЭДИ РОБОТ, ООО";"http://www.readypack.ru/";"8 800 550-3074";"vev@readyrobot.ru";"Промышленные роботы Системы автоматизации управления производственными процессами Российский экспортер"
"https://icatalog.expocentr.ru/ru/exhibitions/a94ff0c2-5685-11f0-80d0-a0d3c1fab97f/exhibitors/383822?&stand=14D155";"СЕНСОРЕН ЭЛЕКТРО, ООО";"http://www.sensoren.ru/";"+7 (495) 150-4800";"info@sensoren.ru";"Технологические линии по розливу Оборудование для дозирования жидких продуктов Емкостное оборудование Упаковка и упаковочные материалы Автоматизированные системы для маркировки и прослеживаемости товаров Автоматизация пищевых производств и технологических процессов"
"https://icatalog.expocentr.ru/ru/exhibitions/a94ff0c2-5685-11f0-80d0-a0d3c1fab97f/exhibitors/383682?&stand=14E030";"СИГНАЛ-ПАК ВКП, ООО";"http://www.signal-pack.com/";"+7 (343) 304-6040";"pradun@signal-pack.com";"Дозирующие машины Упаковочное оборудование Упаковочное оборудование для жидких и пастообразных продуктов Упаковочное оборудование для трудносыпучих продуктов Фасовочные машины Комплексные упаковочные линии Вертикальные упаковочные машины Оборудование для групповой упаковки Термоформование, наполнение и запечатывание Спиральные конвейеры Упаковочное оборудование и материалы Вакуумные упаковщики Дозирующее оборудование Запайщики пакетов и лотков Картонажные машины Оборудование для производства макаронных изделий Оборудование для производства продуктов быстрого приготовления Оборудование для производства продуктов глубокой заморозки Оборудование для производства пельменей, вареников, равиоли Российский экспортер Оборудование для производства пельменей, вареников, равиоли Упаковочное оборудование Оборудование для расфасовки и упаковки, розлива"
"https://icatalog.expocentr.ru/ru/exhibitions/a94ff0c2-5685-11f0-80d0-a0d3c1fab97f/exhibitors/383981?&stand=14D050";"СИЛД ЭЙР КАУСТИК, АО";"http://xn--d1aheg1ab1g.xn--p1ai/";"+7 (495) 795-0101";"Reception.Moscow@sealedairrf.ru";"Упаковочное оборудование Комплексные упаковочные линии Вертикальные упаковочные машины Упаковка и упаковочные материалы Вакуумная упаковка Термоусадочная пленка"
"https://icatalog.expocentr.ru/ru/exhibitions/a94ff0c2-5685-11f0-80d0-a0d3c1fab97f/exhibitors/383835?&stand=14E075";"СИМЭКС, ООО";"http://www.simecs.ru/";"+7 (812) 677-0057";"info@simecs.ru";"Автоматизация пищевых производств и технологических процессов Промышленные роботы Системы автоматизации управления производственными процессами"
"https://icatalog.expocentr.ru/ru/exhibitions/a94ff0c2-5685-11f0-80d0-a0d3c1fab97f/exhibitors/384081?&stand=14D055";"СИНЕРГИЯ НП, ООО";"http://www.sinergia.by/";"+375 172968840";"marketing@sinergia.by";"Упаковочное оборудование Комплексные упаковочные линии Вертикальные упаковочные машины Горизонтальные упаковочные машины Оборудование для групповой упаковки Оборудование для дозировки и формирования"
"https://icatalog.expocentr.ru/ru/exhibitions/a94ff0c2-5685-11f0-80d0-a0d3c1fab97f/exhibitors/384598?&stand=14B190";"СИР ТК, ООО";"http://syrstore.ru/";"+7 (499) 110-7337";"store@syrstore.ru";"Уборочное оборудование Комплексные решения для предприятий пищевой промышленности Средства для обработки поверхностей Оснащение пищевых лабораторий. Лабораторная мебель, оборудование, приборы, расходные материалы, реактивы"
"https://icatalog.expocentr.ru/ru/exhibitions/a94ff0c2-5685-11f0-80d0-a0d3c1fab97f/exhibitors/384263?&stand=14B062";"СИРЕЙН ВОСТОК, ООО";"http://www.sirane.ru/";"+7 (495) 258-4582";"info@sirane.ru";"Вакуумная упаковка"
"https://icatalog.expocentr.ru/ru/exhibitions/a94ff0c2-5685-11f0-80d0-a0d3c1fab97f/exhibitors/384233?&stand=14C150";"СИСТЕМЫ ЭЛЕКТРОПРИВОДА, ООО";"http://www.reductors.com/";"+7 (495) 122-2033";"info@reductors.com";"Электротехническое оборудование Автоматизация пищевых производств и технологических процессов Системы автоматизации управления производственными процессами"
"https://icatalog.expocentr.ru/ru/exhibitions/a94ff0c2-5685-11f0-80d0-a0d3c1fab97f/exhibitors/384090?&stand=14D170";"СКЕЙЛ ЭНТЕРПРАЙЗ, ООО";"http://www.scale.ru/";"+7 (495) 748-9970";"inspection.systems@scale.ru";"Автоматизированные системы для маркировки и прослеживаемости товаров Этикетировочные машины, этикетировщики, аппликаторы этикеток Комплексные решения для предприятий пищевой промышленности Контрольно-измерительное оборудование Металлодетекторы для контроля качества Оборудование для проверки продукции и выявления инородных включений"
"https://icatalog.expocentr.ru/ru/exhibitions/a94ff0c2-5685-11f0-80d0-a0d3c1fab97f/exhibitors/383754?&stand=14A010";"СМАРТ АВТОМАТИЗАЦИЯ, ООО";"http://www.smarta.ru/";"8 800 550-3487";"sales@smarta.ru";"Групповая упаковка Комплексные решения для предприятий пищевой промышленности Автоматизация пищевых производств и технологических процессов Оборудование для розлива молока Оборудование для производства мороженого Оборудование для дозирования ингредиентов"
"https://icatalog.expocentr.ru/ru/exhibitions/a94ff0c2-5685-11f0-80d0-a0d3c1fab97f/exhibitors/383927?&stand=14C080";"СмартПакСервис, ООО";"http://www.palletizing.ru/";"+7 (812) 603-4484";"info@sps.ru.com";"Дозирующие машины Комплексные упаковочные линии Комплексные решения для предприятий пищевой промышленности Автоматизация пищевых производств и технологических процессов Оборудование для переработки овощей и фруктов Упаковочное оборудование и материалы"
"https://icatalog.expocentr.ru/ru/exhibitions/a94ff0c2-5685-11f0-80d0-a0d3c1fab97f/exhibitors/384077?&stand=14D210";"СовПлим, АО";"http://sovplym.ru/";"8 800 555-8303";"info@sovplym.ru";"Вытяжные и вентиляционные установки для хранилищ и стойл Промышленная санитария Системы для поддержания микроклимата, очистки воздуха Оборудование для переработки зерна Оборудование для защиты от взрывов, от избыточного давления и вакуума Системы вентиляции, кондиционирования, климат-контроля. Сплит-системы"
"https://icatalog.expocentr.ru/ru/exhibitions/a94ff0c2-5685-11f0-80d0-a0d3c1fab97f/exhibitors/383917?&stand=14B140";"СОЛИСОФТ, ООО";"http://www.solisoft.group/";"+7 (495) 640-5506";"info@solisoft.group";"Автоматизация пищевых производств и технологических процессов Системы автоматизации управления производственными процессами IT-технологии, серверное и сетевое оборудование, программное обеспечение Технологический аудит и услуги по модернизации предприятий Системы проверки качества"
"https://icatalog.expocentr.ru/ru/exhibitions/a94ff0c2-5685-11f0-80d0-a0d3c1fab97f/exhibitors/384266?&stand=14E070";"СОЧЕР, ООО";"https://beskonta.ru/";"8 800 777-7589";"info@beskonta.ru";"Автоматизация пищевых производств и технологических процессов Системы автоматизации управления производственными процессами Российский экспортер"
"https://icatalog.expocentr.ru/ru/exhibitions/a94ff0c2-5685-11f0-80d0-a0d3c1fab97f/exhibitors/384211?&stand=14E090";"СОЮЗ-ПОЛИМЕР, ПТК, ООО";"http://www.ptk-sp.ru/";"8 800 222-8515";"info@ptk-sp.ru";"Упаковка в модифицированной газовой среде Упаковка под запайку Гибкая упаковка Флоупак"
"https://icatalog.expocentr.ru/ru/exhibitions/a94ff0c2-5685-11f0-80d0-a0d3c1fab97f/exhibitors/383679?&stand=14C190";"СТАНДАРТПАРК, ООО";"http://www.standartpark.ru/";"+7 (499) 322-4981";"offer@standartpark.ru";"Промышленная санитария Промышленные трапы и каналы Проектирование, строительство и реконструкция Российский экспортер"
"https://icatalog.expocentr.ru/ru/exhibitions/a94ff0c2-5685-11f0-80d0-a0d3c1fab97f/exhibitors/384582?&stand=14E238";"СТИЛМАТИК, ООО";"http://www.steelmatic.ru/";"+7 (495) 175-4973";"info@steelmatic.ru";"Комплексные решения для предприятий пищевой промышленности Системы шоковой заморозки (спиральные, тоннельные шкафы и агрегаты) хлебобулочных и кондитерских изделий"
"https://icatalog.expocentr.ru/ru/exhibitions/a94ff0c2-5685-11f0-80d0-a0d3c1fab97f/exhibitors/384067?&stand=14C120";"СТОИК, ПРОМЫШЛЕННАЯ АВТОМАТИЗАЦИЯ, ООО";"https://optimusdrive.ru/catalog";"+7 (495) 280-1942";"news@optimusdrive.ru";"Автоматизированные системы для маркировки и прослеживаемости товаров Автоматизация пищевых производств и технологических процессов Системы автоматизации управления производственными процессами Оборудование для проверки продукции и выявления инородных включений Системы проверки качества Системы управления, регуляторы, датчики"
"https://icatalog.expocentr.ru/ru/exhibitions/a94ff0c2-5685-11f0-80d0-a0d3c1fab97f/exhibitors/384603?&stand=14B010";"СФОДЖАТЕК, ООО";"http://www.sfoggiatech.com/";"+7 (903) 129-5050";"sfoggiatech.russia@gmail.com";"Оборудование для винодельческой промышленности Оборудование для производства фруктовых и овощных соков Оборудование для приема и первичной обработки молока Оборудование для производства кисломолочных культур и продуктов на их основе Оборудование для производства сыров Ферменты"
"https://icatalog.expocentr.ru/ru/exhibitions/a94ff0c2-5685-11f0-80d0-a0d3c1fab97f/exhibitors/383690?&stand=14D060";"ТАВИЛ РУС, ООО";"http://www.tavil.com/";"+7 (495) 938-3945";"konstantinaglitsky@tavil.net";"Групповая упаковка Складская недвижимость: проектирование, строительство, эксплуатация Складское оборудование. Хранение Стеллажные системы Комплексные решения для предприятий пищевой промышленности Автоматизация пищевых производств и технологических процессов"
"https://icatalog.expocentr.ru/ru/exhibitions/a94ff0c2-5685-11f0-80d0-a0d3c1fab97f/exhibitors/384597?&stand=14B130";"ТАЛАРИКС, ООО";"http://www.talarix.ru/";"8 800 301-5490";"info@talarix.ru";"Комплексные решения для предприятий пищевой промышленности Автоматизация пищевых производств и технологических процессов Промышленные роботы Системы автоматизации управления производственными процессами IT-технологии, серверное и сетевое оборудование, программное обеспечение Информационные системы и системы связи"
"https://icatalog.expocentr.ru/ru/exhibitions/a94ff0c2-5685-11f0-80d0-a0d3c1fab97f/exhibitors/384290?&stand=14D010";"ТАУРАС-ПЛАСТ";"http://www.tauras-pack.ru/";"+7 (812) 320-4204";"gonchar.l@tauras-pack.ru";"Упаковка и упаковочные материалы Упаковка под запайку Гибкая упаковка Многослойная упаковка Готовая упаковка"
"https://icatalog.expocentr.ru/ru/exhibitions/a94ff0c2-5685-11f0-80d0-a0d3c1fab97f/exhibitors/384281?&stand=14D010";"ТАУРАС-ФЕНИКС, АО";"http://www.taurasfenix.com/";"+ 7 (812) 329-4910";"tplant@taurasfenix.com";"Упаковочное оборудование Комплексные упаковочные линии Вертикальные упаковочные машины Горизонтальные упаковочные машины Формирователи и заклейщики гофрокоробов Комплексные решения для предприятий пищевой промышленности"
"https://icatalog.expocentr.ru/ru/exhibitions/a94ff0c2-5685-11f0-80d0-a0d3c1fab97f/exhibitors/384068?&stand=14E070";"ТЕКО, НПК, АО";"https://teko-com.ru/";"8 800 333-7075";"sale@teko-com.ru";"Электротехническое оборудование Автоматизация пищевых производств и технологических процессов Промышленные роботы Системы автоматизации управления производственными процессами Российский экспортер Оборудование для выращивания и содержания птицы, свиней и КРС Запчасти, комплектующие для оборудования Контрольно-измерительное оборудование Контрольно-измерительное оборудование Системы управления, регуляторы, датчики"
"https://icatalog.expocentr.ru/ru/exhibitions/a94ff0c2-5685-11f0-80d0-a0d3c1fab97f/exhibitors/383931?&stand=14F010";"ТЕКО, НПФ, ЗАО";"http://teko-makiz.ru/";"+7 (902) 892-6737";"efimov@teko-makiz.ru";"Дозирующие машины Упаковка в модифицированной газовой среде Упаковочное оборудование Упаковочное оборудование для сыпучих продуктов Вертикальные упаковочные машины Оборудование для производства макаронных изделий"
"https://icatalog.expocentr.ru/ru/exhibitions/a94ff0c2-5685-11f0-80d0-a0d3c1fab97f/exhibitors/383665?&stand=14D150";"ТЕНЗО-М, ВЕСОИЗМЕРИТЕЛЬНАЯ КОМПАНИЯ, АО";"http://www.tenso-m.ru/";"+7 (495) 745-3030";"tenso@tenso-m.ru";"Рыбопереработка. Оборудование для первичной обработки, переработки рыбы и морепродуктов, судовое и береговое оборудование, сопутствующее оборудование Системы автоматизации управления производственными процессами Дозирующее оборудование Весовое и измерительное оборудование Взвешивание сыпучих материалов в потоке, системы взвешивания емкостей"
"https://icatalog.expocentr.ru/ru/exhibitions/a94ff0c2-5685-11f0-80d0-a0d3c1fab97f/exhibitors/383820?&stand=14F228";"ТЕРМОДАТ, ТМ (СИСТЕМЫ КОНТРОЛЯ НПП, ООО)";"http://www.termodat.ru/";"+7 342 213-9949";"mail@termodat.ru";"Комплексные решения для предприятий пищевой промышленности Оборудование для овощехранилищ Оборудование для производства консервов (мясных, рыбных, фруктовых/овощных) Термическое оборудование Оборудование для сушки и вяления пищевых продуктов. Сушильные шкафы, камеры и цеха Контрольно-измерительное оборудование"
"https://icatalog.expocentr.ru/ru/exhibitions/a94ff0c2-5685-11f0-80d0-a0d3c1fab97f/exhibitors/384148?&stand=14B045";"ТЕСВЕЛ, ООО";"http://www.teswel.ru/";"8 800 511-1050";"sales@teswel.ru";"Комплексные решения для предприятий пищевой промышленности Автоматизация пищевых производств и технологических процессов Промышленные роботы"
"https://icatalog.expocentr.ru/ru/exhibitions/a94ff0c2-5685-11f0-80d0-a0d3c1fab97f/exhibitors/384572?&stand=14B070";"ТЕХНОПАК-ФЛЕКС, ООО";"http://www.technopack.spb.ru/";"+7 (812) 318-3890";"k.smolin@technopack.spb.ru";"Вакуумная упаковка Гибкая упаковка Мягкая упаковка Многослойная упаковка Групповая упаковка Флоупак"
"https://icatalog.expocentr.ru/ru/exhibitions/a94ff0c2-5685-11f0-80d0-a0d3c1fab97f/exhibitors/383840?&stand=14B105";"ТИАМАТ, ООО";"http://www.termoformer.com/";"+7 (985) 998-6207";"info@dkg-group.ru";"Упаковка в модифицированной газовой среде Упаковочное оборудование Термоформование, наполнение и запечатывание Вакуумная упаковка Системы / устройства контроля герметичности Упаковочные линии"
"https://icatalog.expocentr.ru/ru/exhibitions/a94ff0c2-5685-11f0-80d0-a0d3c1fab97f/exhibitors/383720?&stand=14F075";"ТРАСКО";"http://trasko.ru/";"+7 (495) 564-8714";"info@trasko.ru";"Логистика и технология поставок Складские услуги"
"https://icatalog.expocentr.ru/ru/exhibitions/a94ff0c2-5685-11f0-80d0-a0d3c1fab97f/exhibitors/383849?&stand=14D030";"УЛЬМА ПАКАДЖИНГ, ООО";"http://www.ulmapackaging.ru/";"8 800 707-4939";"info@ulmapackaging.ru";"Упаковка в модифицированной газовой среде Упаковочное оборудование Комплексные упаковочные линии Вертикальные упаковочные машины Горизонтальные упаковочные машины Комплексные решения для предприятий пищевой промышленности"
"https://icatalog.expocentr.ru/ru/exhibitions/a94ff0c2-5685-11f0-80d0-a0d3c1fab97f/exhibitors/384106?&stand=14F225";"УПАКЪ";"http://www.abtpack.ru/";"+7 (931) 178-0552";"zakaz@abtip.ru";"Упаковка и упаковочные материалы"
"https://icatalog.expocentr.ru/ru/exhibitions/a94ff0c2-5685-11f0-80d0-a0d3c1fab97f/exhibitors/384034?&stand=14B180";"УРАЛЦЕНТРКОМПЛЕКТ, ООО";"http://www.uck.ru.com/";"+7 (912) 778-7048";"info@uck.ru.com";"Оборудование для групповой упаковки Этикетировочные машины, этикетировщики, аппликаторы этикеток Комплексные решения для предприятий пищевой промышленности Оборудование для производства детского питания Оборудование для производства консервов (мясных, рыбных, фруктовых/овощных) Оборудование для переработки мяса Российский экспортер"
"https://icatalog.expocentr.ru/ru/exhibitions/a94ff0c2-5685-11f0-80d0-a0d3c1fab97f/exhibitors/384177?&stand=14B040";"ФЛЕКСИАР, ООО";"http://www.flexiar.ru/";"+7 (925) 318-0903";"";"Упаковочное оборудование Горизонтальные упаковочные машины Упаковка и упаковочные материалы Гибкая упаковка"
"https://icatalog.expocentr.ru/ru/exhibitions/a94ff0c2-5685-11f0-80d0-a0d3c1fab97f/exhibitors/383688?&stand=14E010";"ФОРИНТЕК, НТЦ АТ, ЗАО";"http://forintek.ru/";"+7 (495) 781-6146";"forlntek@forintek.ru";"Этикеточная продукция и расходные материалы для ее изготовления (бумага, картон, полимерные пленки, фольга, полиграфические краски и т. д.) Оборудование для маркировки Автоматизированные системы для маркировки и прослеживаемости товаров Этикетировочные машины, этикетировщики, аппликаторы этикеток"
"https://icatalog.expocentr.ru/ru/exhibitions/a94ff0c2-5685-11f0-80d0-a0d3c1fab97f/exhibitors/384285?&stand=14C055";"ФРЕШПАК СОЛЮШЕНС, ООО";"http://www.freshpack.by/";"+375 232215518";"sales@freshpack.by";"Упаковка и упаковочные материалы Вакуумная упаковка Упаковка под запайку Многослойная упаковка Термоусадочная пленка Флоупак"
"https://icatalog.expocentr.ru/ru/exhibitions/a94ff0c2-5685-11f0-80d0-a0d3c1fab97f/exhibitors/383669?&stand=14C168";"ФРУКТОНАД ГРУПП, ООО";"http://www.fructonad.ru/";"+7 (499) 929-9500";"sales@fructonad.ru";"Оборудование для групповой упаковки Групповая упаковка Окончательная упаковка, перемещение материалов Автоматизация пищевых производств и технологических процессов Промышленные роботы Системы автоматизации управления производственными процессами"
"https://icatalog.expocentr.ru/ru/exhibitions/a94ff0c2-5685-11f0-80d0-a0d3c1fab97f/exhibitors/384265?&stand=14E070";"ХАМЕЛЕОН 74, ООО";"https://chameleon74.ru/";"+7 351 700-7761";"chameleon74@mail.ru";"Упаковка и упаковочные материалы"
"https://icatalog.expocentr.ru/ru/exhibitions/a94ff0c2-5685-11f0-80d0-a0d3c1fab97f/exhibitors/384199?&stand=14B128";"ХОЙФТ ЕВРАЗИЯ, ООО";"https://heuft.com/ru";"+7 (495) 935-8704";"eurasia@heuft-ru.com";"Технологические линии по розливу Комплексные упаковочные линии Формирователи и заклейщики гофрокоробов Термоформование, наполнение и запечатывание Системы оптического контроля ПЭТ-преформы"
"https://icatalog.expocentr.ru/ru/exhibitions/a94ff0c2-5685-11f0-80d0-a0d3c1fab97f/exhibitors/384070?&stand=14E195";"ЦЕНТР РАЗВИТИЯ ПРОМЫШЛЕННОЙ РОБОТОТЕХНИКИ ТГУ";"http://www.crpr.tsu.ru/";"+7 (952) 041-0398";"Robo@mail.tsu.ru";"Машины для палетизации Автоматизированные системы для маркировки и прослеживаемости товаров Этикетировочные машины, этикетировщики, аппликаторы этикеток Транспортное, подъемное, погрузочное оборудование Автоматизация пищевых производств и технологических процессов Промышленные роботы"
"https://icatalog.expocentr.ru/ru/exhibitions/a94ff0c2-5685-11f0-80d0-a0d3c1fab97f/exhibitors/383716?&stand=14C180";"ЧИСТОЗОР, ООО";"https://chistozor.ru/";"+7 (495) 789-9541";"info@chistozor.ru";"Гигиеническое оборудование для персонала и санитарных постов Промышленная санитария Промышленные трапы и каналы"
"https://icatalog.expocentr.ru/ru/exhibitions/a94ff0c2-5685-11f0-80d0-a0d3c1fab97f/exhibitors/384291?&stand=14E070";"ЧИСТЫЙ УРАЛ, ООО";"https://clean-ural.ru/";"+7 351 729-3956";"da@o-clean.ru";"Гигиеническое оборудование для персонала и санитарных постов Промышленная санитария Промышленные моющие и дезинфицирующие средства CIP-станции, дезинфицирующее оборудование и химические средства для мойки Средства для обработки поверхностей Химические реактивы и реагенты"
"https://icatalog.expocentr.ru/ru/exhibitions/a94ff0c2-5685-11f0-80d0-a0d3c1fab97f/exhibitors/383872?&stand=14D200";"ЧСТ СТАНДАРТ, ООО";"http://www.chst-standart.ru/";"+7 (499) 322-4114, (919) 998-4114";"office@chst-standart.ru";"Производственный инвентарь Гигиеническое оборудование для персонала и санитарных постов Промышленные моющие и дезинфицирующие средства Системы дезинфекции производственных помещений CIP-станции, дезинфицирующее оборудование и химические средства для мойки Уборочное оборудование"
"https://icatalog.expocentr.ru/ru/exhibitions/a94ff0c2-5685-11f0-80d0-a0d3c1fab97f/exhibitors/384612?&stand=14C225";"ШПИЦЕНРАИТЕР, ООО";"https://spitzenreiter.ru/";"+7 (495) 988-9596";"info@spitzenreiter.ru";"Оборудование и технологии для оснащения рыбных ферм Оборудование для розлива Упаковка в модифицированной газовой среде Оборудование для производства снеков, сухих завтраков, сухофруктов Оборудование для производства и розлива спиртных напитков, пива и безалкогольных напитков Оборудование для производства фруктовых и овощных соков Российский экспортер Оборудование для производства продуктов питания и напитков Оборудование для расфасовки и упаковки, розлива"
"https://icatalog.expocentr.ru/ru/exhibitions/a94ff0c2-5685-11f0-80d0-a0d3c1fab97f/exhibitors/383762?&stand=14C210";"ЭКОХИММАШ, ЗАО";"http://ecochim.ru/";"+7 (494) 354-4142";"question@ecochim.ru";"Гигиеническое оборудование для персонала и санитарных постов Промышленная санитария Промышленные моющие и дезинфицирующие средства Системы дезинфекции производственных помещений CIP-станции, дезинфицирующее оборудование и химические средства для мойки Комплексные решения для предприятий пищевой промышленности"
"https://icatalog.expocentr.ru/ru/exhibitions/a94ff0c2-5685-11f0-80d0-a0d3c1fab97f/exhibitors/384133?&stand=14B110";"ЭЛЕВИОН, ООО";"http://elevion.zzbo.ru/";"+7 (351) 200-3748";"elevion@zzbo.ru";"Транспортное, подъемное, погрузочное оборудование Комплексные решения для предприятий пищевой промышленности"
"https://icatalog.expocentr.ru/ru/exhibitions/a94ff0c2-5685-11f0-80d0-a0d3c1fab97f/exhibitors/384162?&stand=14F221";"ЭЛТЕМИКС ЛАБ, ООО";"http://www.eltemiks.ru/";"+7 473 204-5302";"info@eltemiks.ru";"Оборудование для зерноочистки, сортировки зерна Оборудование для переработки зерна Контрольно-измерительное оборудование Весовое и измерительное оборудование Аналитическое и лабораторное оборудование Оснащение пищевых лабораторий. Лабораторная мебель, оборудование, приборы, расходные материалы, реактивы"
"https://icatalog.expocentr.ru/ru/exhibitions/a94ff0c2-5685-11f0-80d0-a0d3c1fab97f/exhibitors/383705?&stand=14F038";"ЭМПАК, ООО";"http://www.empack.ru/";"+7 (499) 398-2187";"rus@empack.ru";"Упаковка в модифицированной газовой среде Упаковочное оборудование Комплексные упаковочные линии Вертикальные упаковочные машины Горизонтальные упаковочные машины Оборудование для групповой упаковки"
"https://icatalog.expocentr.ru/ru/exhibitions/a94ff0c2-5685-11f0-80d0-a0d3c1fab97f/exhibitors/384156?&stand=14E165";"ЭНА-ТРЭЙД, ООО";"http://www.enatrade.ru/";"+7 (928) 210-9696";"svetlana.s@enatrade.ru";"Упаковка и упаковочные материалы Вакуумная упаковка Гибкая упаковка Мягкая упаковка"
"https://icatalog.expocentr.ru/ru/exhibitions/a94ff0c2-5685-11f0-80d0-a0d3c1fab97f/exhibitors/383797?&stand=14B175";"ЭНЕРГО-СТАНДАРТ, ООО";"http://www.energo-standart.ru/";"+7 (900) 244-6600";"office@energo-standart.ru";"Оборудование и сырье для выращивания и содержания птицы, свиней и КРС Комплексные решения для предприятий пищевой промышленности Оборудование, материалы, инвентарь для производства кондитерских изделий и шоколада Оборудование для производства консервов (мясных, рыбных, фруктовых/овощных) Оборудование для производства и розлива спиртных напитков, пива и безалкогольных напитков Оборудование для переработки молока и производства молочных продуктов"
"https://icatalog.expocentr.ru/ru/exhibitions/a94ff0c2-5685-11f0-80d0-a0d3c1fab97f/exhibitors/383976?&stand=14A020";"ЭРСТВАК, ООО";"http://www.erstvak.com/";"+7 (499) 703-0636";"info@erstvak.com";"Вакуумная упаковка Насосы и насосное оборудование Оборудование для пищевой экструзии Оборудование для производства и розлива спиртных напитков, пива и безалкогольных напитков Генерация холода, морозильные аппараты, специальные холодильники, льдогенераторы, льдоаккумуляторы"
"https://icatalog.expocentr.ru/ru/exhibitions/a94ff0c2-5685-11f0-80d0-a0d3c1fab97f/exhibitors/383937?&stand=14D214";"Эско Восток КОМ, ООО";"http://www.eskovostok.ru/";"+7 (495) 974-2460";"esko@eskovostok.ru";"Автоматизированные системы для маркировки и прослеживаемости товаров Электротехническое оборудование Автоматизация пищевых производств и технологических процессов Системы автоматизации управления производственными процессами Автоматизированные системы Системы управления, регуляторы, датчики"
"https://icatalog.expocentr.ru/ru/exhibitions/a94ff0c2-5685-11f0-80d0-a0d3c1fab97f/exhibitors/383667?&stand=14D095";"ЭФФЕКТИВНАЯ ТЕХНИКА, ООО";"https://vekpmt.ru/";"+7 (495) 707-1404";"7071404@vekpmt.ru";"Дозирующие машины Упаковочное оборудование Комплексные упаковочные линии Термоформование, наполнение и запечатывание Упаковка и упаковочные материалы"
"https://icatalog.expocentr.ru/ru/exhibitions/a94ff0c2-5685-11f0-80d0-a0d3c1fab97f/exhibitors/384745?&stand=14E200";"ЮВЛ, ООО";"https://uvl.ru/";"+7 (903) 755-1237";"info@uvl.ru";"Оборудование для водоснабжения, водоочистное оборудование, запорная арматура, оборудование для трубопроводов Системы дезинфекции производственных помещений Системы для поддержания микроклимата, очистки воздуха Средства для обработки поверхностей Оборудование для нейтрализации вредных промышленных отходов Контроль качества и безопасность продукции"
"https://icatalog.expocentr.ru/ru/exhibitions/a94ff0c2-5685-11f0-80d0-a0d3c1fab97f/exhibitors/383712?&stand=14C030";"ЮНИВАК, ООО";"https://univac.by/";"+375 296510890";"info@univac.by";"Упаковка в модифицированной газовой среде Упаковка и упаковочные материалы Вакуумная упаковка Гибкая упаковка Мягкая упаковка"
"https://icatalog.expocentr.ru/ru/exhibitions/a94ff0c2-5685-11f0-80d0-a0d3c1fab97f/exhibitors/384956?&stand=14A058";"ЮНИМОН";"http://unimon.ru/";"+7 (499) 288-0782";"mail@unimon.ru";"Логистика и технология поставок Складское оборудование. Хранение Промышленные холодильники и морозильники Размораживающее оборудование Контрольно-измерительное оборудование Системы управления, регуляторы, датчики"
