Ссылка;Название;Сайт;Телефон;Email;Страна
"https://icatalog.expocentr.ru/ru/exhibitions/f33d045e-98f8-11ef-80ce-a0d3c1fab97f/exhibitors/382751?stand=1D050";"3DLAM";"https://3dlam.com/";"+7 (812) 622-6222";"print@3dlam.com";"Россия"
"https://icatalog.expocentr.ru/ru/exhibitions/f33d045e-98f8-11ef-80ce-a0d3c1fab97f/exhibitors/382721?stand=1C070";"3Д ВИЖН ДИСТРИБЬЮШЕН, ООО";"http://www.3dvision.su/";"8 800 333-0758";"info@3dvision.su";"Россия"
"https://icatalog.expocentr.ru/ru/exhibitions/f33d045e-98f8-11ef-80ce-a0d3c1fab97f/exhibitors/382176?stand=7B015";"3Д КОНТРОЛЬ, ООО";"http://www.3d-control.ru/";"+7 (919) 034-4774";"info@3d-control.ru";"Россия"
"https://icatalog.expocentr.ru/ru/exhibitions/f33d045e-98f8-11ef-80ce-a0d3c1fab97f/exhibitors/382710?stand=1D080";"3Д-ИНТЕГРАЦИЯ НПО, ООО";"https://am-tech.ru/";"+7 (495) 109-1191";"info@am-tech.ru";"Россия"
"https://icatalog.expocentr.ru/ru/exhibitions/f33d045e-98f8-11ef-80ce-a0d3c1fab97f/exhibitors/383499?stand=5F040";"ABOVE MATERIAL TECHNOLOGY CO. LTD";"http://www.amt-alloys.com/";"+86 1082609473";"export@amt-alloys.com";"Китай"
"https://icatalog.expocentr.ru/ru/exhibitions/f33d045e-98f8-11ef-80ce-a0d3c1fab97f/exhibitors/382457?stand=7B166";"ADVANCED NANO COATING TECHNOLOGY CO. LTD";"http://www.czanc.com/";"+86 13621856226";"leo.feng@vip.163.com";"Китай"
"https://icatalog.expocentr.ru/ru/exhibitions/f33d045e-98f8-11ef-80ce-a0d3c1fab97f/exhibitors/383584?stand=6D110";"AKKO MAK?NA SANAY? VE T?CARET A.?.";"https://www.akko.com.tr/tr";"+90 543 338 25 56";"russia2@akko.com.tr";"Турция"
"https://icatalog.expocentr.ru/ru/exhibitions/f33d045e-98f8-11ef-80ce-a0d3c1fab97f/exhibitors/383512?stand=8B040";"ALUMICA";"http://xn--80aaxidg9j.xn--p1ai/";"8 800 505-4953";"mail@alumica.ru";"Россия"
"https://icatalog.expocentr.ru/ru/exhibitions/f33d045e-98f8-11ef-80ce-a0d3c1fab97f/exhibitors/382698?stand=15E132";"ANDREEV MACHINES";"https://andreevmachines.com/";"+7 (904) 556-0411";"andreevmachines@gmail.com";"Россия"
"https://icatalog.expocentr.ru/ru/exhibitions/f33d045e-98f8-11ef-80ce-a0d3c1fab97f/exhibitors/383200?stand=14C225";"ANHUI ADVANCED MACHINERY CO. LTD";"https://www.advgrinding.com/";"+86 15656556997";"melody@advanpolish.com";"Китай"
"https://icatalog.expocentr.ru/ru/exhibitions/f33d045e-98f8-11ef-80ce-a0d3c1fab97f/exhibitors/382651?stand=14B216";"ANHUI HARTING MACHINERY TECHNOLOGY CO. LTD";"http://www.miharting.com/";"+86 18949589551";"albert@miharting.com";"Китай"
"https://icatalog.expocentr.ru/ru/exhibitions/f33d045e-98f8-11ef-80ce-a0d3c1fab97f/exhibitors/383211?stand=14C085";"ANHUI LIYUAN CNC BLADE MOLD MANUFACTURING CO. LTD";"https://www.metobr-expo.ru/";"+86 5556765968";"sales03@ahliyuan.com";"Китай"
"https://icatalog.expocentr.ru/ru/exhibitions/f33d045e-98f8-11ef-80ce-a0d3c1fab97f/exhibitors/383217?stand=14E234";"ANHUI RUNBANG HEAVY INDUSTRY MACHINERY CO. LTD";"http://www.rbqlty.com/";"+86 13855367553";"rbzg@rbqlty.com";"Китай"
"https://icatalog.expocentr.ru/ru/exhibitions/f33d045e-98f8-11ef-80ce-a0d3c1fab97f/exhibitors/383204?stand=8D150";"ANHUI TECHFLY ROBOTICS TECHNOLOGY CO. LTD";"http://techflyrobot.com/";"+86 18356576525";"hufengguang@techflyrobot.com";"Китай"
"https://icatalog.expocentr.ru/ru/exhibitions/f33d045e-98f8-11ef-80ce-a0d3c1fab97f/exhibitors/383219?stand=8B111";"ANHUI TONGCHI CNC MACHINE TOOL CO. LTD";"https://cntkmt.1688.com/";"+86 13851583930";"276166878@qq.com";"Китай"
"https://icatalog.expocentr.ru/ru/exhibitions/f33d045e-98f8-11ef-80ce-a0d3c1fab97f/exhibitors/382498?stand=7B210";"ANHUI UCUT PRECISION MACHINERY CO. LTD";"http://www.ucutknife.com/";"+86 18055539760";"maxim.zhai@ucutknife.com";"Китай"
"https://icatalog.expocentr.ru/ru/exhibitions/f33d045e-98f8-11ef-80ce-a0d3c1fab97f/exhibitors/382429?stand=15B173";"ANYANG XINHENG MACHINE TOOL CO. LTD";"http://www.ayxhmt.com/";"+86 13353647612";"info@ayxhmt.com";"Китай"
"https://icatalog.expocentr.ru/ru/exhibitions/f33d045e-98f8-11ef-80ce-a0d3c1fab97f/exhibitors/382673?stand=14E025";"ARCUS";"http://www.arcus.ru/";"+7 (495) 500-5053";"info@arcus.ru";"Россия"
"https://icatalog.expocentr.ru/ru/exhibitions/f33d045e-98f8-11ef-80ce-a0d3c1fab97f/exhibitors/382259?stand=6D035";"AREATEK";"http://www.areatek.ru/";"8 800 201-5575";"info@areatek.ru";"Россия"
"https://icatalog.expocentr.ru/ru/exhibitions/f33d045e-98f8-11ef-80ce-a0d3c1fab97f/exhibitors/382225?stand=7A050";"ARKA";"http://www.arka-tools.ru/";"+7 4922 771020";"info@arka-tools.ru";"Россия"
"https://icatalog.expocentr.ru/ru/exhibitions/f33d045e-98f8-11ef-80ce-a0d3c1fab97f/exhibitors/383358?stand=8B025";"ATAU, ООО";"https://atau.ru/";"+7 (919) 908-0000";"info@atau.ru";"Россия"
"https://icatalog.expocentr.ru/ru/exhibitions/f33d045e-98f8-11ef-80ce-a0d3c1fab97f/exhibitors/382397?stand=2D010";"AVERTUM";"http://www.avertum.ru/";"+7 (499) 640-0000";"info@avertum.ru";"Россия"
"https://icatalog.expocentr.ru/ru/exhibitions/f33d045e-98f8-11ef-80ce-a0d3c1fab97f/exhibitors/382774?stand=1C080";"AVP ZIAS";"http://www.zias-machinery.ru/";"+7 (495) 970-8892";"BPrint@zias-machinery.com";"Россия"
"https://icatalog.expocentr.ru/ru/exhibitions/f33d045e-98f8-11ef-80ce-a0d3c1fab97f/exhibitors/383635?stand=7C136";"BANGTAI NEW MATERIALS TECHNOLOGY CO. LTD";"http://www.bangtaitools.com/";"+86 18068506577";"tangxuwei100@qq.com";"Китай"
"https://icatalog.expocentr.ru/ru/exhibitions/f33d045e-98f8-11ef-80ce-a0d3c1fab97f/exhibitors/382928?stand=7B193";"BAOLIFENG (SHANDONG) CNC TOOL CO. LTD";"http://www.blftool.com/";"+86 13356396975";"qdblftool@163.com";"Китай"
"https://icatalog.expocentr.ru/ru/exhibitions/f33d045e-98f8-11ef-80ce-a0d3c1fab97f/exhibitors/383356?stand=6B060";"BAYDARLAR MAKINA TAKIM SAN. TIC. LTD. STI.";"https://baydarlar.com/";"+90 5462387873";"export@baydarlar.com";"Турция"
"https://icatalog.expocentr.ru/ru/exhibitions/f33d045e-98f8-11ef-80ce-a0d3c1fab97f/exhibitors/383634?stand=15C232";"BDEFU MACHINERY TECHNOLOGY (CHANGZHOU) CO. LTD";"https://www.metobr-expo.ru/";"+86 519 81296887";"naomi@bdfkp.com";"Китай"
"https://icatalog.expocentr.ru/ru/exhibitions/f33d045e-98f8-11ef-80ce-a0d3c1fab97f/exhibitors/382708?stand=8D136";"BEILUN FUTUO MECHANICAL TOOLS CO. LTD";"http://www.futuo.com/";"+86 574 86108314";"susan@futuo.com";"Китай"
"https://icatalog.expocentr.ru/ru/exhibitions/f33d045e-98f8-11ef-80ce-a0d3c1fab97f/exhibitors/382593?stand=15B194";"BENGBU SANFORD MACHINERY CO. LTD";"http://www.sanford-machine.com/";"+86 13865009190";"andy@sanford-machine.com";"Китай"
"https://icatalog.expocentr.ru/ru/exhibitions/f33d045e-98f8-11ef-80ce-a0d3c1fab97f/exhibitors/382414?stand=7C150";"BENXI TOOL CO. LTD";"http://www.bxtool.net/";"+86 24-45567008";"lion@liontool.com.cn";"Китай"
"https://icatalog.expocentr.ru/ru/exhibitions/f33d045e-98f8-11ef-80ce-a0d3c1fab97f/exhibitors/382704?stand=8G120";"BOHO MACHINERY (DONGGUAN) CO. LTD";"http://www.bohocnc.cn/";"+86 769 8225 9729";"info@bohocnc.cn";"Китай"
"https://icatalog.expocentr.ru/ru/exhibitions/f33d045e-98f8-11ef-80ce-a0d3c1fab97f/exhibitors/382572?stand=7B142";"BOYO CUTTING TOOLS CO. LTD";"http://www.boyocuttingtools.com/";"+86 731 2284 0880";"sales@boyocuttingtools.com";"Китай"
"https://icatalog.expocentr.ru/ru/exhibitions/f33d045e-98f8-11ef-80ce-a0d3c1fab97f/exhibitors/382077?stand=8B059";"BUHMWOO CHEMICAL IND. CO. LTD";"https://www.metobr-expo.ru/";"";"";"Республика Корея"
"https://icatalog.expocentr.ru/ru/exhibitions/f33d045e-98f8-11ef-80ce-a0d3c1fab97f/exhibitors/383226?stand=8B140";"CANGZHOU JINAO TRADING CO. LTD";"http://www.jinaobellowscover.com/";"+86 15530450768";"admin@jin-ao.net";"Китай"
"https://icatalog.expocentr.ru/ru/exhibitions/f33d045e-98f8-11ef-80ce-a0d3c1fab97f/exhibitors/382590?stand=7C196";"CARBIDEPRO GLOBAL LTD";"http://www.carbideprotool.com/";"+86 18010612170";"sales@carbideprotool.com";"Китай"
"https://icatalog.expocentr.ru/ru/exhibitions/f33d045e-98f8-11ef-80ce-a0d3c1fab97f/exhibitors/382519?stand=5C125";"CEBORA-РОССИЯ";"https://cebora.ru/";"8 800 222-9016";"info@cebora.ru";"Россия"
"https://icatalog.expocentr.ru/ru/exhibitions/f33d045e-98f8-11ef-80ce-a0d3c1fab97f/exhibitors/382474?stand=8F136";"CELETOGETHER MACHINERY (KUNSHAN) CO. LTD";"http://www.celetogether.com/";"+86 512-55000948";"Sales@celetogether.com";"Китай"
"https://icatalog.expocentr.ru/ru/exhibitions/f33d045e-98f8-11ef-80ce-a0d3c1fab97f/exhibitors/382267?stand=15D212";"CHANGCHUN CHANGGUANG QIHENG SENSOR TECHNOLOGY CO. LTD";"http://www.encoders.com.cn/";"+86 43185543703";"sales@encoders.com.cn";"Китай"
"https://icatalog.expocentr.ru/ru/exhibitions/f33d045e-98f8-11ef-80ce-a0d3c1fab97f/exhibitors/382469?stand=8D128";"CHANGCHUN RONGDE OPTICS CO. LTD";"http://www.roundss.cc/";"+86 13604323604";"Irisbao@roundss.com.cn";"Китай"
"https://icatalog.expocentr.ru/ru/exhibitions/f33d045e-98f8-11ef-80ce-a0d3c1fab97f/exhibitors/383492?stand=5B012";"CHANGSHA TIANYI INTELLIGENT TECHNOLOGY CO. LTD";"http://www.tianyiweld.com/";"+86 73186135398";"tyhj@tianyiweld.com";"Китай"
"https://icatalog.expocentr.ru/ru/exhibitions/f33d045e-98f8-11ef-80ce-a0d3c1fab97f/exhibitors/382571?stand=14D275";"CHANGXING HUARUI MECHANICAL EQUIPMENT CO. LTD";"http://www.cxhuarui.com/";"+86 572 6068610";"info@cxhuarui.com";"Китай"
"https://icatalog.expocentr.ru/ru/exhibitions/f33d045e-98f8-11ef-80ce-a0d3c1fab97f/exhibitors/382389?stand=7A120";"CHANGZHOU AITEFASI TOOLS CO. LTD";"http://www.eitfs.com/";"+86 519 83980885";"dale.zhang@cnatfs.com";"Китай"
"https://icatalog.expocentr.ru/ru/exhibitions/f33d045e-98f8-11ef-80ce-a0d3c1fab97f/exhibitors/382650?stand=7B183";"CHANGZHOU CHINA MACHINERY TECHNOLOGY CO. LTD";"http://www.china-end-mill.com/";"+86 18115801286";"lubin@china-end-mill.com";"Китай"
"https://icatalog.expocentr.ru/ru/exhibitions/f33d045e-98f8-11ef-80ce-a0d3c1fab97f/exhibitors/382887?stand=15B228";"CHANGZHOU DRAKE INTERNATIONAL TRADE CO. LTD";"http://www.drake-machinery.com/";"+86 519-83856060";"joanna@drakecn.com";"Китай"
"https://icatalog.expocentr.ru/ru/exhibitions/f33d045e-98f8-11ef-80ce-a0d3c1fab97f/exhibitors/382556?stand=7B114";"CHANGZHOU HANDERK PRECISION TOOLS CO. LTD";"http://www.hdktools.com/";"+86 19956325282";"sherry@hdktool.com";"Китай"
"https://icatalog.expocentr.ru/ru/exhibitions/f33d045e-98f8-11ef-80ce-a0d3c1fab97f/exhibitors/382628?stand=8G091";"CHANGZHOU HIBOO TOOLS CO. LTD";"http://www.hiboo-tools.cn/";"+86 13651500333";"sales@hiboo-tool.com";"Китай"
"https://icatalog.expocentr.ru/ru/exhibitions/f33d045e-98f8-11ef-80ce-a0d3c1fab97f/exhibitors/382585?stand=7B051";"CHANGZHOU JINGNUO TOOLS CO. LTD";"http://jinootools.com/";"+86 519 83431629";"info@jntools.cn";"Китай"
"https://icatalog.expocentr.ru/ru/exhibitions/f33d045e-98f8-11ef-80ce-a0d3c1fab97f/exhibitors/382643?stand=7B158";"CHANGZHOU JUNZHUO TOOLS CO. LTD";"https://www.metobr-expo.ru/";"+86 15861877921";"1224669189@qq.com";"Китай"
"https://icatalog.expocentr.ru/ru/exhibitions/f33d045e-98f8-11ef-80ce-a0d3c1fab97f/exhibitors/382926?stand=7B200";"CHANGZHOU KAIRUILI MECHANICAL EQUIPMENT CO. LTD";"https://www.metobr-expo.ru/";"+86 18112313533";"1405087811@qq.com";"Китай"
"https://icatalog.expocentr.ru/ru/exhibitions/f33d045e-98f8-11ef-80ce-a0d3c1fab97f/exhibitors/382436?stand=7C162";"CHANGZHOU KANEI PRECISION GRINDING TOOLS CO. LTD";"http://www.czkanei.cn/";"+86 519-88521333";"Chenxinhai1975@163.com";"Китай"
"https://icatalog.expocentr.ru/ru/exhibitions/f33d045e-98f8-11ef-80ce-a0d3c1fab97f/exhibitors/382318?stand=8D095";"CHANGZHOU LINGFA CNC EQUIPMENT CO. LTD";"https://www.ch-ru.cn/";"+86 13914346968";"hengli@ch-ru.cn";"Китай"
"https://icatalog.expocentr.ru/ru/exhibitions/f33d045e-98f8-11ef-80ce-a0d3c1fab97f/exhibitors/382879?stand=8G130";"CHANGZHOU NINEVIBE PRECISION MACHINERY CO. LTD";"http://www.masditools.com/";"+86 18900656098";"aaron@xfctool.com";"Китай"
"https://icatalog.expocentr.ru/ru/exhibitions/f33d045e-98f8-11ef-80ce-a0d3c1fab97f/exhibitors/382667?stand=7C116";"CHANGZHOU NINGSHUN TOOL MANUFACTURING CO. LTD";"http://www.nisuntool.com/";"+86 13701506293";"nisuntools@163.com";"Китай"
"https://icatalog.expocentr.ru/ru/exhibitions/f33d045e-98f8-11ef-80ce-a0d3c1fab97f/exhibitors/383448?stand=14D241";"CHANGZHOU SWAYSUN MACHINERY & ELECTRONICS INDUSTRY CO. LTD";"http://www.etchmax.com/";"+86-519-85956766";"sales@etchmax.com";"Китай"
"https://icatalog.expocentr.ru/ru/exhibitions/f33d045e-98f8-11ef-80ce-a0d3c1fab97f/exhibitors/382655?stand=14B172";"CHANGZHOU TAISHENG MACHINERY CO. LTD";"http://www.tsblasting.com/";"+86 519 8551 4586";"Info@tsblasting.com";"Китай"
"https://icatalog.expocentr.ru/ru/exhibitions/f33d045e-98f8-11ef-80ce-a0d3c1fab97f/exhibitors/382888?stand=7C126";"CHANGZHOU YOUMI TRADING CO. LTD";"https://ru.lodxy.com/";"+86 18914056250";"lizinan@lodxy.com";"Китай"
"https://icatalog.expocentr.ru/ru/exhibitions/f33d045e-98f8-11ef-80ce-a0d3c1fab97f/exhibitors/382601?stand=7A090";"CHENGDU FENGKE PRECISION TOOL CO. LTD";"http://www.fhonk.com/";"+86 28-88267272";"sam@fengketool.com";"Китай"
"https://icatalog.expocentr.ru/ru/exhibitions/f33d045e-98f8-11ef-80ce-a0d3c1fab97f/exhibitors/382641?stand=8E116";"CHENGDU GUTEOK CARBIDE TOOL CO. LTD";"http://www.carbideprecisiontools.com/";"+86 182 1567 0293";"sales@zweimentool.com";"Китай"
"https://icatalog.expocentr.ru/ru/exhibitions/f33d045e-98f8-11ef-80ce-a0d3c1fab97f/exhibitors/382582?stand=7B164";"CHENGDU JOINT CARBIDE CO. LTD";"http://www.wuwtools.com/";"+86 17711576672";"Stephen@groupkts.com";"Китай"
"https://icatalog.expocentr.ru/ru/exhibitions/f33d045e-98f8-11ef-80ce-a0d3c1fab97f/exhibitors/383332?stand=7C124";"CHENGDU MINJIANG PRECISION CUTTING TOOL CO. LTD";"https://www.tungstencarbide-parts.com/";"+86 028-82631290";"mkt@cdmjdj.cn";"Китай"
"https://icatalog.expocentr.ru/ru/exhibitions/f33d045e-98f8-11ef-80ce-a0d3c1fab97f/exhibitors/382898?stand=7C122";"CHENGDU NEW CHENGLIANG TOOLS CO. LTD";"https://chinachengliang.com/";"+86 13980054262";"lrw68@foxmail.com";"Китай"
"https://icatalog.expocentr.ru/ru/exhibitions/f33d045e-98f8-11ef-80ce-a0d3c1fab97f/exhibitors/382554?stand=15D238";"CHENGDU PREMITOOLS CO. LTD";"http://www.premitools.com/";"+86 18782132787";"info@premitools.com";"Китай"
"https://icatalog.expocentr.ru/ru/exhibitions/f33d045e-98f8-11ef-80ce-a0d3c1fab97f/exhibitors/382502?stand=8C116";"CHENGDU SHUYAN PRECISION MACHINERY MANUFACTURING CO. LTD";"http://mlcc-tj.com/index.php/d-3-0";"+86 18955952298";"minglun888@126.com";"Китай"
"https://icatalog.expocentr.ru/ru/exhibitions/f33d045e-98f8-11ef-80ce-a0d3c1fab97f/exhibitors/383331?stand=8E112";"CHENGDU XIN-THREAD TOOLS CO. LTD";"http://www.xin-thread.com/";"+86 13518110635";"2905691876@qq.com";"Китай"
"https://icatalog.expocentr.ru/ru/exhibitions/f33d045e-98f8-11ef-80ce-a0d3c1fab97f/exhibitors/382426?stand=7C178";"CHENGDU YOUYIDE CUTTING TOOLS CO. LTD";"https://www.metobr-expo.ru/";"+86 18123466657";"872159687@qq.com";"Китай"
"https://icatalog.expocentr.ru/ru/exhibitions/f33d045e-98f8-11ef-80ce-a0d3c1fab97f/exhibitors/382473?stand=15B248";"CHINA UNION ST EQUIPMENT & ENGINEERING CO. LTD";"http://www.cust-cnc.com/";"+86 18610029728";"bjcust@163.com";"Китай"
"https://icatalog.expocentr.ru/ru/exhibitions/f33d045e-98f8-11ef-80ce-a0d3c1fab97f/exhibitors/383545?stand=14C222";"CHINA YANCHENG DERUN HEAT TREATMENT CO. LTD";"http://derunfurnace.com/";"+86 13851005555";"13851005555@jssllj.com.cn";"Китай"
"https://icatalog.expocentr.ru/ru/exhibitions/f33d045e-98f8-11ef-80ce-a0d3c1fab97f/exhibitors/383595?stand=8F033";"CHONGQING YINGRUITUO TOOLS CO. LTD";"http://yrttools.com/";"+86 13272678081";"jcdtools@163.com";"Китай"
"https://icatalog.expocentr.ru/ru/exhibitions/f33d045e-98f8-11ef-80ce-a0d3c1fab97f/exhibitors/382525?stand=15C220";"CHUZHOU HUIHUANG INTELLIGENT TECHNOLOGY CO. LTD";"https://www.cz-hhjx.com/";"+86 13655738885";"web@cz-hhjx.com";"Китай"
"https://icatalog.expocentr.ru/ru/exhibitions/f33d045e-98f8-11ef-80ce-a0d3c1fab97f/exhibitors/383620?stand=7B050";"CINCY PRECISION TECHNOLOGY (SUZHOU) CO. LTD";"http://www.cincy.group/";"+86 769-85447747";"md-2@cincy.group";"Китай"
"https://icatalog.expocentr.ru/ru/exhibitions/f33d045e-98f8-11ef-80ce-a0d3c1fab97f/exhibitors/382716?stand=15B250";"CIXI DONI MACHINERY CO. LTD";"http://www.ksdncnc.com/";"+86 574-63757737";"lily@ksdncnc.com";"Китай"
"https://icatalog.expocentr.ru/ru/exhibitions/f33d045e-98f8-11ef-80ce-a0d3c1fab97f/exhibitors/382632?stand=7C090";"CORTOOL MANUFACTURING GROUP CO. LTD";"http://www.cortool.cn/";"+86 411-84396800";"vera@cortool.cn";"Китай"
"https://icatalog.expocentr.ru/ru/exhibitions/f33d045e-98f8-11ef-80ce-a0d3c1fab97f/exhibitors/382396?stand=14A110";"COWBOY LASER";"http://cowboy-tech.ru/";"+7 (495) 128-1727";"Info@cowboy-tech.ru";"Россия"
"https://icatalog.expocentr.ru/ru/exhibitions/f33d045e-98f8-11ef-80ce-a0d3c1fab97f/exhibitors/382409?stand=14E100";"DALGAKIRAN";"http://www.dalgakiran.ru/";"+7 (495) 668-5094";"info@dalgakiran.ru";"Россия"
"https://icatalog.expocentr.ru/ru/exhibitions/f33d045e-98f8-11ef-80ce-a0d3c1fab97f/exhibitors/382423?stand=15C200";"DALIAN FULLTON MACHINERY CO. LTD";"http://www.fulltontech.com/";"+86 411 82767678/79";"fullton@fulltontech.com";"Китай"
"https://icatalog.expocentr.ru/ru/exhibitions/f33d045e-98f8-11ef-80ce-a0d3c1fab97f/exhibitors/382265?stand=15C150";"DALIAN HAISEN MACHINERY CO. LTD";"https://hs-machinetools.com/";"+86 041188702340";"haisen@hs-machinetools.com";"Китай"
"https://icatalog.expocentr.ru/ru/exhibitions/f33d045e-98f8-11ef-80ce-a0d3c1fab97f/exhibitors/382895?stand=15A118";"DALIAN XINLEI DEEP HOLE TOOLS MANUFACTURING CO. LTD";"http://www.dlxlqz.com/";"+86 041186303633";"biz@dlxlqz.com";"Китай"
"https://icatalog.expocentr.ru/ru/exhibitions/f33d045e-98f8-11ef-80ce-a0d3c1fab97f/exhibitors/382321?stand=8B145";"DANYANG HAIWANG CEMENTED CARBIDE TOOLS CO. LTD";"http://www.jsldh.com/";"+86 13815193008";"911187691@qq.com";"Китай"
"https://icatalog.expocentr.ru/ru/exhibitions/f33d045e-98f8-11ef-80ce-a0d3c1fab97f/exhibitors/382298?stand=7C182";"DANYANG HEGONG TOOLS CO. LTD";"https://hegong-tools.com/";"+86 13706100994";"leochen@hegong-tools.com";"Китай"
"https://icatalog.expocentr.ru/ru/exhibitions/f33d045e-98f8-11ef-80ce-a0d3c1fab97f/exhibitors/382447?stand=7B202";"DANYANG XINHANG PRECISION MACHINERY CO. LTD";"https://www.metobr-expo.ru/";"+86 15051129818";"dyxh@xhcuttingtool.com";"Китай"
"https://icatalog.expocentr.ru/ru/exhibitions/f33d045e-98f8-11ef-80ce-a0d3c1fab97f/exhibitors/383599?stand=7C140";"DARDI INTERNATIONAL CORPORATION";"http://www.dardiwaterjet.com/";"+86 18851630918";"libero1999@dardi.cn";"Китай"
"https://icatalog.expocentr.ru/ru/exhibitions/f33d045e-98f8-11ef-80ce-a0d3c1fab97f/exhibitors/382432?stand=7B112";"DASQUA TECHNOLOGY LTD";"http://www.dasquatools.com/";"+86 28-86741971";"service@dasquatools.com";"Китай"
"https://icatalog.expocentr.ru/ru/exhibitions/f33d045e-98f8-11ef-80ce-a0d3c1fab97f/exhibitors/382467?stand=7B090";"DE ONE GRAM PRECISION TOOLS (SUZHOU) CO. LTD";"http://www.xmtectool.com/";"+86 512 66355680";"admin@xmtectool.com";"Китай"
"https://icatalog.expocentr.ru/ru/exhibitions/f33d045e-98f8-11ef-80ce-a0d3c1fab97f/exhibitors/382348?stand=6E001";"DELTA TOOLS";"http://www.delta-tools.kz/";"";"info@delta-tools.kz";"Республика Казахстан"
"https://icatalog.expocentr.ru/ru/exhibitions/f33d045e-98f8-11ef-80ce-a0d3c1fab97f/exhibitors/383311?stand=14E244";"DEZHOU BOAO MACHINERY CO. LTD";"http://www.dzjichuang.com/";"+86 0534-2429518";"boao@dzjc.cc";"Китай"
"https://icatalog.expocentr.ru/ru/exhibitions/f33d045e-98f8-11ef-80ce-a0d3c1fab97f/exhibitors/382882?stand=8G110";"DEZHOU DASHENG PRECISION MACHINERY CO. LTD";"http://www.colletset.com/";"+86 15969637563";"dzdrjj@qq.com";"Китай"
"https://icatalog.expocentr.ru/ru/exhibitions/f33d045e-98f8-11ef-80ce-a0d3c1fab97f/exhibitors/382897?stand=7C194";"DEZHOU DRILLSTAR CUTTING TOOL CO. LTD";"http://en.drillstar.cn/";"+86 13869206100";"jennifer.pang@drillstar.cn";"Китай"
"https://icatalog.expocentr.ru/ru/exhibitions/f33d045e-98f8-11ef-80ce-a0d3c1fab97f/exhibitors/382656?stand=15C160";"DEZHOU GUANLU PRECISION MACHINERY CO. LTD";"http://www.dzgljc.com/";"+86 15165964868";"dzguanlu@dzguanlu.com";"Китай"
"https://icatalog.expocentr.ru/ru/exhibitions/f33d045e-98f8-11ef-80ce-a0d3c1fab97f/exhibitors/382488?stand=8G115";"DEZHOU GUOCHANG MACHINERY CO. LTD";"http://www.sdgc-tools.com/";"+86 15053432677";"admin@sdgctools.com";"Китай"
"https://icatalog.expocentr.ru/ru/exhibitions/f33d045e-98f8-11ef-80ce-a0d3c1fab97f/exhibitors/383210?stand=15B118";"DEZHOU PRECION MACHINE TOOL CO. LTD";"http://www.dzjc.com/";"+86 5348032662";"precion@dzjc.com";"Китай"
"https://icatalog.expocentr.ru/ru/exhibitions/f33d045e-98f8-11ef-80ce-a0d3c1fab97f/exhibitors/383319?stand=14C135";"D?R?NLER MAK?NA SAN. VE T?C. A.?.";"http://www.dirinler.com.tr/";"+90 2323767200";"dirinler@dirinler.com.tr";"Турция"
"https://icatalog.expocentr.ru/ru/exhibitions/f33d045e-98f8-11ef-80ce-a0d3c1fab97f/exhibitors/383523?stand=14C140";"DOK? DI? T?C. LTD. ?T?.";"https://doki-inc.com/";"+90 5335676484";"info@doki-inc.com";"Турция"
"https://icatalog.expocentr.ru/ru/exhibitions/f33d045e-98f8-11ef-80ce-a0d3c1fab97f/exhibitors/383462?stand=14E218";"DONGGUAN BOJUE PRECISION MACHINERY TECHNOLOGY CO. LTD";"https://bojuecnc.com/";"+86 18271882741";"scott@bojue-precision.com";"Китай"
"https://icatalog.expocentr.ru/ru/exhibitions/f33d045e-98f8-11ef-80ce-a0d3c1fab97f/exhibitors/382443?stand=7B108";"DONGGUAN CHENGZHENG TOOL CO. LTD";"https://www.cz-tool.com/";"+86 18103855965";"ella@cz-tooling.com";"Китай"
"https://icatalog.expocentr.ru/ru/exhibitions/f33d045e-98f8-11ef-80ce-a0d3c1fab97f/exhibitors/382908?stand=8E150";"DONGGUAN CHUANSHANJIA PRECISION CUTTING TOOL CO. LTD";"http://www.cnudrill.com/";"+86 13302645059";"lyy@cnudrill.com";"Китай"
"https://icatalog.expocentr.ru/ru/exhibitions/f33d045e-98f8-11ef-80ce-a0d3c1fab97f/exhibitors/382514?stand=7B156";"DONGGUAN CITY TERMA ELECTRONICS CO. LTD";"http://www.termatools.com/";"+86 769 85382030";"jinghong_lin@termatools.com";"Китай"
"https://icatalog.expocentr.ru/ru/exhibitions/f33d045e-98f8-11ef-80ce-a0d3c1fab97f/exhibitors/383455?stand=8C146";"DONGGUAN DOHRE CNC TOOL CO. LTD";"http://www.dohrecnc.com/";"+86 18046990089";"sales@dohrecnc.com";"Китай"
"https://icatalog.expocentr.ru/ru/exhibitions/f33d045e-98f8-11ef-80ce-a0d3c1fab97f/exhibitors/382932?stand=8C130";"DONGGUAN FANGCHANG INDUSTRIAL CO. LTD";"https://www.machine-probe.com/";"+86 13129882020";"1353612530@qq.com";"Китай"
"https://icatalog.expocentr.ru/ru/exhibitions/f33d045e-98f8-11ef-80ce-a0d3c1fab97f/exhibitors/382530?stand=15B255";"DONGGUAN FUDAO GENERAL MACHINERY CO. LTD";"http://www.fudaocnc.com/";"+86 769 81887699";"fudao988@126.com";"Китай"
"https://icatalog.expocentr.ru/ru/exhibitions/f33d045e-98f8-11ef-80ce-a0d3c1fab97f/exhibitors/382531?stand=7B172";"DONGGUAN HANZHI PRECISION TOOLS CO. LTD";"https://www.metobr-expo.ru/";"+86 18938186006";"24787591@qq.com";"Китай"
"https://icatalog.expocentr.ru/ru/exhibitions/f33d045e-98f8-11ef-80ce-a0d3c1fab97f/exhibitors/383212?stand=7D120";"DONGGUAN HENGKAI TUNGSTEN STEEL TOOLS CO. LTD";"https://hengkaicc.net/ru";"+86 15711056740";"Hengkai2002@126.com";"Китай"
"https://icatalog.expocentr.ru/ru/exhibitions/f33d045e-98f8-11ef-80ce-a0d3c1fab97f/exhibitors/383471?stand=15B271";"DONGGUAN HONGJI HARDWARE PRECISION TECHNOLOGY CO. LTD";"http://www.hongjimx668.com/";"+86 13631192393";"jack@hongjimx668.com";"Китай"
"https://icatalog.expocentr.ru/ru/exhibitions/f33d045e-98f8-11ef-80ce-a0d3c1fab97f/exhibitors/382653?stand=7B180";"DONGGUAN HUIYUCHANG CNC TOOLS CO. LTD";"http://www.gcnctool.com/";"+86 13509675695";"284766333@qq.com";"Китай"
"https://icatalog.expocentr.ru/ru/exhibitions/f33d045e-98f8-11ef-80ce-a0d3c1fab97f/exhibitors/383423?stand=14E092";"DONGGUAN JICHUAN CHEMICAL ADDITIVES ENVIRONMENTAL TECHNOLOGY CO. LTD";"https://jichuan-chemical.com/";"+86 13631798281";"zhengjiping@jichuan-chemical.com";"Китай"
"https://icatalog.expocentr.ru/ru/exhibitions/f33d045e-98f8-11ef-80ce-a0d3c1fab97f/exhibitors/382315?stand=7C165";"DONGGUAN JIMMY CNC TOOL CO. LTD";"http://www.jimmytool.com/";"+86 15362883951";"info@jimmytool.com";"Китай"
"https://icatalog.expocentr.ru/ru/exhibitions/f33d045e-98f8-11ef-80ce-a0d3c1fab97f/exhibitors/382922?stand=8F112";"DONGGUAN KEBAO PRECISON HARDWARE PRODUCTS CO. LTD";"http://www.kebaoph.com/";"+86 13925583406";"jerry@kebaoph.com";"Китай"
"https://icatalog.expocentr.ru/ru/exhibitions/f33d045e-98f8-11ef-80ce-a0d3c1fab97f/exhibitors/382576?stand=7D050";"DONGGUAN LINHONG PRECISION CUTTING TOOLS CO. LTD";"https://www.metobr-expo.ru/";"+86 0769-87029597";"851472790@qq.com";"Китай"
"https://icatalog.expocentr.ru/ru/exhibitions/f33d045e-98f8-11ef-80ce-a0d3c1fab97f/exhibitors/382709?stand=15D228";"DONGGUAN LIYANG INTELLIGENT TECHNOLOGY CO. LTD";"https://www.leyomachine.com/";"+86 16602027530";"sales@dgleyo.com";"Китай"
"https://icatalog.expocentr.ru/ru/exhibitions/f33d045e-98f8-11ef-80ce-a0d3c1fab97f/exhibitors/382553?stand=7C129";"DONGGUAN MINGZE HARDWARE MACHINERY CO. LTD";"http://www.mzg8.com/";"+86 13929492387";"eva@mzgtool.cn";"Китай"
"https://icatalog.expocentr.ru/ru/exhibitions/f33d045e-98f8-11ef-80ce-a0d3c1fab97f/exhibitors/383457?stand=8G100";"DONGGUAN PTJ HARDWARE PRODUCTS CO. LTD";"https://www.metobr-expo.ru/";"+86 13790416309";"Info@pintejin.com";"Китай"
"https://icatalog.expocentr.ru/ru/exhibitions/f33d045e-98f8-11ef-80ce-a0d3c1fab97f/exhibitors/382918?stand=8A080";"DONGGUAN QIYUE CNC TOOL CO. LTD";"https://www.metobr-expo.ru/";"+86 15112780546";"3052046319@qq.com";"Китай"
"https://icatalog.expocentr.ru/ru/exhibitions/f33d045e-98f8-11ef-80ce-a0d3c1fab97f/exhibitors/382685?stand=7C188";"DONGGUAN REMEX CEMENTED CARBIDE CO. LTD";"https://ruimeigesi.tmall.com/";"+86 18666431808";"396497211qq@.com";"Китай"
"https://icatalog.expocentr.ru/ru/exhibitions/f33d045e-98f8-11ef-80ce-a0d3c1fab97f/exhibitors/382500?stand=15B230";"DONGGUAN RUINA PRECISION TOOL CO. LTD";"http://www.alpha-tech-global.com/";"+86 13901604818";"thomas.wang@alpha-tech-dev.com";"Китай"
"https://icatalog.expocentr.ru/ru/exhibitions/f33d045e-98f8-11ef-80ce-a0d3c1fab97f/exhibitors/382478?stand=8F130";"DONGGUAN SIMP TECH CO. LTD";"http://www.silvercnc.com/";"+86 18098920890";"liuxuan@silvercnc.com";"Китай"
"https://icatalog.expocentr.ru/ru/exhibitions/f33d045e-98f8-11ef-80ce-a0d3c1fab97f/exhibitors/382920?stand=15B204";"DONGGUAN TAIYANG PRECISION MACHINERY CO. LTD";"http://www.taiyangjx.com/";"+86 13537157072";"13537157072@163.com";"Китай"
"https://icatalog.expocentr.ru/ru/exhibitions/f33d045e-98f8-11ef-80ce-a0d3c1fab97f/exhibitors/382382?stand=8G070";"DONGGUAN THRIVING METAL PARTS CO. LTD";"http://www.tmetalparts.com/";"+86 076982022336";"sales10@tmetalparts.com";"Китай"
"https://icatalog.expocentr.ru/ru/exhibitions/f33d045e-98f8-11ef-80ce-a0d3c1fab97f/exhibitors/382666?stand=7C146";"DONGGUAN THRIVING PRECISION ABRASIVES CO. LTD";"http://www.dgsenyong.com/";"+86 0769-88681696";"syzhanghq@163.com";"Китай"
"https://icatalog.expocentr.ru/ru/exhibitions/f33d045e-98f8-11ef-80ce-a0d3c1fab97f/exhibitors/382256?stand=14C256";"DONGGUAN TIMS AUTOMATIC EQUIPMENT CO. LTD";"http://www.tims.com.cn/";"+86 076981028676";"timscoating@timscoating.com";"Китай"
"https://icatalog.expocentr.ru/ru/exhibitions/f33d045e-98f8-11ef-80ce-a0d3c1fab97f/exhibitors/383294?stand=14F232";"DONGGUAN TOPSINN INTELLIGENT EQUIPMENT CO. LTD";"http://www.topsinn.com/";"+86 0769-85991109";"topsinnk@163.com";"Китай"
"https://icatalog.expocentr.ru/ru/exhibitions/f33d045e-98f8-11ef-80ce-a0d3c1fab97f/exhibitors/382327?stand=7C100";"DONGGUAN WEIDERUI PRECISION TOOL CO. LTD";"http://www.zzwdr.com/";"+86 17706863735";"2987238832@qq.com";"Китай"
"https://icatalog.expocentr.ru/ru/exhibitions/f33d045e-98f8-11ef-80ce-a0d3c1fab97f/exhibitors/382909?stand=8E118";"DONGGUAN WEIKETE CUTTING TOOLS CO. LTD";"https://waltetap.en.alibaba.com/";"+86 13592734916";"237677298@qq.com";"Китай"
"https://icatalog.expocentr.ru/ru/exhibitions/f33d045e-98f8-11ef-80ce-a0d3c1fab97f/exhibitors/382901?stand=8D130";"DONGGUAN XINDI MECHANICAL TOOL CO. LTD";"https://pandecn.com/";"+86 15625737637";"sales1@xinditools.com";"Китай"
"https://icatalog.expocentr.ru/ru/exhibitions/f33d045e-98f8-11ef-80ce-a0d3c1fab97f/exhibitors/383460?stand=8E152";"DONGGUAN XINQIDA PRECISION HARDWARE ACCESSORIES CO. LTD";"http://www.xqdmachining.com/";"+86 0769 28828126";"husld888@163.com";"Китай"
"https://icatalog.expocentr.ru/ru/exhibitions/f33d045e-98f8-11ef-80ce-a0d3c1fab97f/exhibitors/383452?stand=8G125";"DONGGUAN XINRUIDA PRECISION TECHNOLOGY CO. LTD";"http://www.mulmic.com/";"+86 769 8100 0182";"info@mulmic.com";"Китай"
"https://icatalog.expocentr.ru/ru/exhibitions/f33d045e-98f8-11ef-80ce-a0d3c1fab97f/exhibitors/382702?stand=8C135";"DONGUAN ZHUOCHUANG PRECISION MACHINERY CO. LTD";"http://www.zcxxjsj.com/";"+86 769-88007050";"473946087@qq.com";"Китай"
"https://icatalog.expocentr.ru/ru/exhibitions/f33d045e-98f8-11ef-80ce-a0d3c1fab97f/exhibitors/382260?stand=14C230";"DOWIN TECHNOLOGY CO. LTD";"http://www.dowinlaser.com/";"+86 037155917783";"info@dowinlaser.com";"Китай"
"https://icatalog.expocentr.ru/ru/exhibitions/f33d045e-98f8-11ef-80ce-a0d3c1fab97f/exhibitors/383355?stand=14C105";"ELEMENT BOYA SAN. VE T?C. A.?.";"http://www.elementboya.com/";"+90 2165932980";"export@elementboya.com";"Турция"
"https://icatalog.expocentr.ru/ru/exhibitions/f33d045e-98f8-11ef-80ce-a0d3c1fab97f/exhibitors/382296?stand=14C060";"ENCO LASER";"https://www.encolaser.com/";"+86 18615672219";"info@encolaser.com";"Китай"
"https://icatalog.expocentr.ru/ru/exhibitions/f33d045e-98f8-11ef-80ce-a0d3c1fab97f/exhibitors/382323?stand=15D211";"ENITUICE ENTERPRISE CO. LTD";"https://www.enituice.com/";"+886 33564957";"global@enituice.com.tw";"Китай"
"https://icatalog.expocentr.ru/ru/exhibitions/f33d045e-98f8-11ef-80ce-a0d3c1fab97f/exhibitors/382886?stand=7B208";"ENWA SUPPLY & MANUFACTURING LTD";"http://www.enwacuttingtools.com/";"+86 13817743222";"enwacuttingtools@126.com";"Китай"
"https://icatalog.expocentr.ru/ru/exhibitions/f33d045e-98f8-11ef-80ce-a0d3c1fab97f/exhibitors/383443?stand=7B001";"ER-EL MAK?NA YEDEK PAR?A ?MALAT SAN. VE T?C. LTD. ?T?.";"http://www.er-el.com.tr/";"+90 2625021160";"info@er-el.com.tr";"Турция"
"https://icatalog.expocentr.ru/ru/exhibitions/f33d045e-98f8-11ef-80ce-a0d3c1fab97f/exhibitors/383354?stand=14C130";"ERKUR MAK?NE ?MALAT PLAST?K ?? VE DI? T?C. LTD. ?T?.";"https://konveyor.erkur.com/";"+90 2126550072";"sales4@erkur.com";"Турция"
"https://icatalog.expocentr.ru/ru/exhibitions/f33d045e-98f8-11ef-80ce-a0d3c1fab97f/exhibitors/382637?stand=15B256";"ESSOR PRECISION MACHINERY INC.";"http://www.essor-cn.com/";"+86 573-88081238";"sales13@essor-cn.com";"Китай"
"https://icatalog.expocentr.ru/ru/exhibitions/f33d045e-98f8-11ef-80ce-a0d3c1fab97f/exhibitors/382578?stand=14D216";"EZHONG HEAVY MACHINERY CO. LIMITED";"http://www.ezhonggroup.com/";"+86 18607172902";"doris@ezhonggroup.com";"Китай"
"https://icatalog.expocentr.ru/ru/exhibitions/f33d045e-98f8-11ef-80ce-a0d3c1fab97f/exhibitors/382013?stand=5B050";"FAIRINO";"http://www.fairino.ru/";"8 800 222-9091";"info@fairino.ru";"Россия"
"https://icatalog.expocentr.ru/ru/exhibitions/f33d045e-98f8-11ef-80ce-a0d3c1fab97f/exhibitors/382677?stand=8E114";"FENGYI YINHU (CHENGDU) NC TOOLS CO. LTD";"http://www.fengyitool.com/";"+86 28 84215371";"sales@fengyitool.com";"Китай"
"https://icatalog.expocentr.ru/ru/exhibitions/f33d045e-98f8-11ef-80ce-a0d3c1fab97f/exhibitors/382208?stand=5A120";"FINE HANDLING & AUTOMATION PVT. LTD";"http://www.fine-handling.com/";"+91 9130099382";"anupam.moitra@fine-handling.com";"Индия"
"https://icatalog.expocentr.ru/ru/exhibitions/f33d045e-98f8-11ef-80ce-a0d3c1fab97f/exhibitors/383203?stand=14E097";"FOSHAN DELI MACHINERY EQUIPMENT CO. LTD";"http://www.delirollforming.com/";"+86 17322726357";"sales@delirollforming.com";"Китай"
"https://icatalog.expocentr.ru/ru/exhibitions/f33d045e-98f8-11ef-80ce-a0d3c1fab97f/exhibitors/383209?stand=8B113";"FOSHAN FOREST CERAMICS CO. LTD";"http://www.forest-cnc.com/";"+86 13964404666";"Forest_PreciseCNC@163.com";"Китай"
"https://icatalog.expocentr.ru/ru/exhibitions/f33d045e-98f8-11ef-80ce-a0d3c1fab97f/exhibitors/383295?stand=15C186";"FOSHAN JINCHUN MECHANICAL EQUIPMENT CO. LTD";"http://www.jinchunmetalform.com/";"+86 15015830219";"1279541382@qq.com";"Китай"
"https://icatalog.expocentr.ru/ru/exhibitions/f33d045e-98f8-11ef-80ce-a0d3c1fab97f/exhibitors/383298?stand=15C189";"FOSHAN JINJUN METAL MATERIALS CO. LTD";"https://www.metobr-expo.ru/";"+86 13674006861";"hefengwu306@gmail.com";"Китай"
"https://icatalog.expocentr.ru/ru/exhibitions/f33d045e-98f8-11ef-80ce-a0d3c1fab97f/exhibitors/382659?stand=15D231";"FOSHAN KURUI MACHINERY CO. LTD";"http://www.cooray.ru/";"+86 18825914198";"958367031@qq.com";"Китай"
"https://icatalog.expocentr.ru/ru/exhibitions/f33d045e-98f8-11ef-80ce-a0d3c1fab97f/exhibitors/383310?stand=14D251";"FOSHAN MECLIFORM INDUSTRIAL CO. LTD";"http://mecliform.com/";"+86 757-866 88 966";"info@mecliform.com";"Китай"
"https://icatalog.expocentr.ru/ru/exhibitions/f33d045e-98f8-11ef-80ce-a0d3c1fab97f/exhibitors/382532?stand=8D105";"FOSHAN RUIZHENG MACHINERY MANUFACTURING CO. LTD";"https://spindleshaft.com/";"+86 158 7572 3726";"rzmachinery05@fsrzmachinery.com";"Китай"
"https://icatalog.expocentr.ru/ru/exhibitions/f33d045e-98f8-11ef-80ce-a0d3c1fab97f/exhibitors/383300?stand=8H110";"FOSHAN WANYITRADING IMPORT AND EXPORT CO. LTD";"http://www.guanxinjx.com.cn/";"+86 0757-86798932";"guanxin@guanxinjx.com.cn";"Китай"
"https://icatalog.expocentr.ru/ru/exhibitions/f33d045e-98f8-11ef-80ce-a0d3c1fab97f/exhibitors/383304?stand=8H114";"FOSHAN WEIERMA BEARING ELECTROMECHANICAL CO. LTD";"http://www.ngsbearing.com/";"+86 13302562107";"saleskiki@ngsbearing.com";"Китай"
"https://icatalog.expocentr.ru/ru/exhibitions/f33d045e-98f8-11ef-80ce-a0d3c1fab97f/exhibitors/383301?stand=15C188";"FOSHAN ZHOUWEI INTELLIGENT TECHNOLOGY CO. LTD";"http://www.fszwyeya.com/";"+86 757-85790777";"fszhouwei@163.com";"Китай"
"https://icatalog.expocentr.ru/ru/exhibitions/f33d045e-98f8-11ef-80ce-a0d3c1fab97f/exhibitors/382941?stand=15A230";"FULALEISA INTELLIGENT EQUIPMENT (ANHUI) CO. LTD";"https://5axismachine.ru/";"+86 18838112915";"info@5axismachine.ru";"Китай"
"https://icatalog.expocentr.ru/ru/exhibitions/f33d045e-98f8-11ef-80ce-a0d3c1fab97f/exhibitors/383239?stand=7D110";"GEEFUN";"http://www.geefuntools.com/";"+86 519-88995836";"christinawang@geefuntools.com";"Китай"
"https://icatalog.expocentr.ru/ru/exhibitions/f33d045e-98f8-11ef-80ce-a0d3c1fab97f/exhibitors/383467?stand=14D266";"GOOD ROBOT (SHANDONG) EQUIPMENT CO. LTD";"http://www.airobotarm.com/";"+86 13708955311";"allenguo@airobotarm.com";"Китай"
"https://icatalog.expocentr.ru/ru/exhibitions/f33d045e-98f8-11ef-80ce-a0d3c1fab97f/exhibitors/382675?stand=15B224";"GREAT LIGHT METAL TECHNOLOGY CO. LTD";"http://www.glproto.com/";"+86 13412580350";"joy@dgjuguang-cnc.com";"Китай"
"https://icatalog.expocentr.ru/ru/exhibitions/f33d045e-98f8-11ef-80ce-a0d3c1fab97f/exhibitors/382332?stand=6A010";"GTOOL, ООО";"http://www.gtool.ru/";"+7 (495) 649-8412";"info@gtool.ru";"Россия"
"https://icatalog.expocentr.ru/ru/exhibitions/f33d045e-98f8-11ef-80ce-a0d3c1fab97f/exhibitors/382902?stand=8D140";"GTS INDUSTRIAL LIMITED";"http://www.gtsindustrial.com/";"+86 13580806495";"lisa@gtsindustrial.com";"Китай"
"https://icatalog.expocentr.ru/ru/exhibitions/f33d045e-98f8-11ef-80ce-a0d3c1fab97f/exhibitors/382257?stand=8D110";"GUANGDONG BAOTONG MOLD MATERIALS CO. LTD";"http://www.btjmkj.com/";"+86 18271265534";"carman@teamwisematal.com";"Китай"
"https://icatalog.expocentr.ru/ru/exhibitions/f33d045e-98f8-11ef-80ce-a0d3c1fab97f/exhibitors/382587?stand=7B050";"GUANGDONG CINCY INTELLIGENT EQUIPMENT CO. LTD";"http://www.cincy.group/";"+86 0769-85447747";"md-2@cincy.group";"Китай"
"https://icatalog.expocentr.ru/ru/exhibitions/f33d045e-98f8-11ef-80ce-a0d3c1fab97f/exhibitors/382658?stand=15B265";"GUANGDONG DEPA CHEMISTRY CO. LTD";"http://www.depa-cn.com/";"+86 13825089586";"Grantsu@depa-group.com";"Китай"
"https://icatalog.expocentr.ru/ru/exhibitions/f33d045e-98f8-11ef-80ce-a0d3c1fab97f/exhibitors/382326?stand=14E255";"GUANGDONG MAHATMA INTELLIGENT EQUIPMENT CO. LTD";"http://www.leveling-mht.com/";"+86 076986301265";"mahatma@gdmht.com";"Китай"
"https://icatalog.expocentr.ru/ru/exhibitions/f33d045e-98f8-11ef-80ce-a0d3c1fab97f/exhibitors/382598?stand=15A110";"GUANGDONG PROSPER CNC MACHINE CO. LTD";"http://www.prospercnc.com/";"+86 0752-2103083";"export@prospercnc.com";"Китай"
"https://icatalog.expocentr.ru/ru/exhibitions/f33d045e-98f8-11ef-80ce-a0d3c1fab97f/exhibitors/382268?stand=14C266";"GUANGDONG PUDIAN AUTOMATION TECHNOLOGY CO. LTD";"http://www.pdkjwelder.com/";"+86 76981767569";"pdkj@gd-pw.com";"Китай"
"https://icatalog.expocentr.ru/ru/exhibitions/f33d045e-98f8-11ef-80ce-a0d3c1fab97f/exhibitors/382867?stand=15B218";"GUANGDONG QUANGUAN INTELLIGENT TECHNOLOGY CO. LTD";"http://www.gdquang.com/";"+86 13316640709";"elaine@dgqianguan.com";"Китай"
"https://icatalog.expocentr.ru/ru/exhibitions/f33d045e-98f8-11ef-80ce-a0d3c1fab97f/exhibitors/382865?stand=14D106";"GUANGDONG RUIHUI INTELLIGENT TECHNOLOGY CO. LTD";"https://www.ruihuiglobal.com/";"+86 138 2691 7409";"support@ruihui.cn";"Китай"
"https://icatalog.expocentr.ru/ru/exhibitions/f33d045e-98f8-11ef-80ce-a0d3c1fab97f/exhibitors/382322?stand=7C158";"GUANGDONG UNT CUTTING TOOLS CO. LTD";"https://www.unt-tools.com/";"+86 76982100280";"sales@unt-tools.com";"Китай"
"https://icatalog.expocentr.ru/ru/exhibitions/f33d045e-98f8-11ef-80ce-a0d3c1fab97f/exhibitors/383555?stand=14E095";"GUANGZHOU COLD ROLL FORMING MECHANICAL AND ELECTRICAL EQUIPMENT CO. LTD";"http://www.rollforming-cn.com/";"+86 020 86074866";"rollforming@126.com";"Китай"
"https://icatalog.expocentr.ru/ru/exhibitions/f33d045e-98f8-11ef-80ce-a0d3c1fab97f/exhibitors/382412?stand=8B055";"GUANGZHOU FANCHU LUBRICANT TECHNOLOGY CO. LTD";"https://www.metobr-expo.ru/";"";"";"Китай"
"https://icatalog.expocentr.ru/ru/exhibitions/f33d045e-98f8-11ef-80ce-a0d3c1fab97f/exhibitors/382649?stand=15B196";"GUANGZHOU HACHI CNC EQUIPMENT CO. LTD";"http://www.hachicnc.com/";"+86 13602712779";"hachi8866@163.com";"Китай"
"https://icatalog.expocentr.ru/ru/exhibitions/f33d045e-98f8-11ef-80ce-a0d3c1fab97f/exhibitors/382001?stand=8G075";"GUANGZHOU MANYES IMPORT AND EXPORT CO. LTD";"http://www.manyesgroup.com/";"+86 13922385885";"vladimir@manyesgroup.com.com";"Китай"
"https://icatalog.expocentr.ru/ru/exhibitions/f33d045e-98f8-11ef-80ce-a0d3c1fab97f/exhibitors/383214?stand=15B278";"GUANGZHOU NANSHA LICHUAN SUPPLY CHAIN MANAGEMENT CO. LTD";"http://www.lichuanmachine.com/";"+86 020 34667890";"lcgyl@qq.com";"Китай"
"https://icatalog.expocentr.ru/ru/exhibitions/f33d045e-98f8-11ef-80ce-a0d3c1fab97f/exhibitors/382515?stand=15C194";"GUILIN GUIBEI MACHINE CO. LTD";"http://www.glmbc.com/";"+86 15717735636";"glmbc2020@163.com";"Китай"
"https://icatalog.expocentr.ru/ru/exhibitions/f33d045e-98f8-11ef-80ce-a0d3c1fab97f/exhibitors/382444?stand=7C180";"GUIZHOU JINFENG PRECISION TOOLS CO. LTD";"http://www.gzjftools.com/";"+86 851-34754268";"jf_tools@126.com";"Китай"
"https://icatalog.expocentr.ru/ru/exhibitions/f33d045e-98f8-11ef-80ce-a0d3c1fab97f/exhibitors/382048?stand=8H050";"GUVENAL DIE & MOULD COMPONENTS";"http://www.guvenal.net/";"+90 5321308528";"info@guvenal.net";"Турция"
"https://icatalog.expocentr.ru/ru/exhibitions/f33d045e-98f8-11ef-80ce-a0d3c1fab97f/exhibitors/382893?stand=8F118";"HAINAN FUTURE PRECISION TOOLS CO. LTD";"https://www.metobr-expo.ru/";"+86 15029993929";"yuki@future-cnc.com";"Китай"
"https://icatalog.expocentr.ru/ru/exhibitions/f33d045e-98f8-11ef-80ce-a0d3c1fab97f/exhibitors/382448?stand=7B205";"HAINAN ZHONGSHI ZHONGBANG ABRASIVES CO. LTD";"http://www.zbshtools.com/";"+86 18638215858";"mark@zbshtools.com";"Китай"
"https://icatalog.expocentr.ru/ru/exhibitions/f33d045e-98f8-11ef-80ce-a0d3c1fab97f/exhibitors/383228?stand=8B118";"HAIXIN INTERNATIONAL PRECISION (NANTONG) CO. LTD";"http://www.hxprecision.com/";"+86 18051638329";"jmsale@hxprecision.com";"Китай"
"https://icatalog.expocentr.ru/ru/exhibitions/f33d045e-98f8-11ef-80ce-a0d3c1fab97f/exhibitors/382661?stand=15B223";"HAMOO MEASUREMENT TECHNOLOGY SUZHOU LTD";"http://www.hmprobe.com/";"+86 400-003-9658";"hezuo@hmprobe.com";"Китай"
"https://icatalog.expocentr.ru/ru/exhibitions/f33d045e-98f8-11ef-80ce-a0d3c1fab97f/exhibitors/382722?stand=8E092";"HANGZHOU CHAI CUTTING TOOLS CO. LTD";"https://cn.chaitools.com/";"+86 571 82529638";"Arina@chaitools.com";"Китай"
"https://icatalog.expocentr.ru/ru/exhibitions/f33d045e-98f8-11ef-80ce-a0d3c1fab97f/exhibitors/382686?stand=8C120";"HANGZHOU CHANGER BEARING CO. LTD";"http://www.remotioner.com/";"+86 571-86299685";"info@remotioner.com";"Китай"
"https://icatalog.expocentr.ru/ru/exhibitions/f33d045e-98f8-11ef-80ce-a0d3c1fab97f/exhibitors/383199?stand=8H150";"HANGZHOU FEAR AERO INTELLIGENT CO. LTD";"http://www.hzfeat.com/";"+86 057185191610";"89165028@qq.com";"Китай"
"https://icatalog.expocentr.ru/ru/exhibitions/f33d045e-98f8-11ef-80ce-a0d3c1fab97f/exhibitors/382522?stand=7B122";"HANGZHOU FUWEISI SAW INDUSTRY CO. LTD";"http://www.fuweisisaw.com/";"+86 15700179689";"sales@fuweisi.com";"Китай"
"https://icatalog.expocentr.ru/ru/exhibitions/f33d045e-98f8-11ef-80ce-a0d3c1fab97f/exhibitors/382523?stand=8D100";"HANGZHOU GONGPINGOU INFORMATION TECHNOLOGY CO. LTD";"http://www.dazgpg.com/";"+86 571-82733022";"hz@dazgpg.com";"Китай"
"https://icatalog.expocentr.ru/ru/exhibitions/f33d045e-98f8-11ef-80ce-a0d3c1fab97f/exhibitors/382393?stand=15A180";"HANGZHOU KAILAN HEAVY MACHINERY CO. LTD";"http://www.hzkailan.com/";"+86 13386522895";"baolc@hzkailan.com";"Китай"
"https://icatalog.expocentr.ru/ru/exhibitions/f33d045e-98f8-11ef-80ce-a0d3c1fab97f/exhibitors/382586?stand=7B163";"HANGZHOU XINSHENG PRECISION MACHINERY CO. LTD";"https://www.hzpilihu.com/";"+86 0571-85140026";"xins01@hzxinshengjixie.com";"Китай"
"https://icatalog.expocentr.ru/ru/exhibitions/f33d045e-98f8-11ef-80ce-a0d3c1fab97f/exhibitors/383509?stand=5B040";"HANGZHOU XUANYE ROBOTICS TECHNOLOGY CO. LTD";"https://www.metobr-expo.ru/";"+86 15553199811";"1623813694@qq.com";"Китай"
"https://icatalog.expocentr.ru/ru/exhibitions/f33d045e-98f8-11ef-80ce-a0d3c1fab97f/exhibitors/382706?stand=7B165";"HANHENSTER SEIKO TECHNOLOGY (SUZHOU) CO. LTD";"http://www.ychtool.com/";"+86 13405043821";"sales@ychtool.com";"Китай"
"https://icatalog.expocentr.ru/ru/exhibitions/f33d045e-98f8-11ef-80ce-a0d3c1fab97f/exhibitors/382665?stand=14D261";"HANQI CNC TECHNOLOGY (SUZHOU) CO. LTD";"http://www.hanqicnc.com/";"+86 15895425537";"info@hanqicnc.cn";"Китай"
"https://icatalog.expocentr.ru/ru/exhibitions/f33d045e-98f8-11ef-80ce-a0d3c1fab97f/exhibitors/382390?stand=7B198";"HARBIN DONG'AN LIFENG CUTTER CO. LTD";"http://www.dalf.cn/";"+86 451 86599044";"dalf@dalf.cn";"Китай"
"https://icatalog.expocentr.ru/ru/exhibitions/f33d045e-98f8-11ef-80ce-a0d3c1fab97f/exhibitors/382533?stand=7B145";"HARBIN SHANNA TOOL MANUFACTURING CO. LTD";"http://toolfc.com/";"+86 451-86700578";"hrbgjc@163.com";"Китай"
"https://icatalog.expocentr.ru/ru/exhibitions/f33d045e-98f8-11ef-80ce-a0d3c1fab97f/exhibitors/382911?stand=7B146";"HARBIN TOOL WORKS";"http://www.hrbtool.com/";"+86 451 86702277";"hg@hrbtool.com";"Китай"
"https://icatalog.expocentr.ru/ru/exhibitions/f33d045e-98f8-11ef-80ce-a0d3c1fab97f/exhibitors/382325?stand=15D216";"HARBIN WEIKE CNC TECHNOLOGY DEVELOPMENT CO. LTD";"https://www.weikecnc.com/";"+86 13945017497";"sales@weikecnc.com";"Китай"
"https://icatalog.expocentr.ru/ru/exhibitions/f33d045e-98f8-11ef-80ce-a0d3c1fab97f/exhibitors/382492?stand=14D102";"HEBEI EVOTEC LTD";"https://www.evotecgroup.com/";"+86 157 5317 2788";"commercial@evotecgroup.com";"Китай"
"https://icatalog.expocentr.ru/ru/exhibitions/f33d045e-98f8-11ef-80ce-a0d3c1fab97f/exhibitors/382563?stand=14B210";"HEBEI HONGXING LASER EQUIPMENT CO. LTD";"http://www.cn-hongxing.com/";"+86 15532882823";"info@cn-hongxing.com";"Китай"
"https://icatalog.expocentr.ru/ru/exhibitions/f33d045e-98f8-11ef-80ce-a0d3c1fab97f/exhibitors/382606?stand=14D108";"HEBEI LIMING STAMPING FORM MACHINE CO. LTD";"http://www.chinaformingmachine.com/";"+86 17761521505";"admin@chinaformingmachine.com";"Китай"
"https://icatalog.expocentr.ru/ru/exhibitions/f33d045e-98f8-11ef-80ce-a0d3c1fab97f/exhibitors/383456?stand=8F095";"HEBEI RUIAO MACHINE TOOL ACCESSORIES PRODUCING CO. LTD";"http://www.ruiao-dragchain.com/";"+86 3174958921";"info@hbruiao.com";"Китай"
"https://icatalog.expocentr.ru/ru/exhibitions/f33d045e-98f8-11ef-80ce-a0d3c1fab97f/exhibitors/382484?stand=8F132";"HEBEI SUOFU TRADING CO. LTD";"http://www.supoheer.com/";"+86 13483690451";"hbsuofu01@supoheer.com";"Китай"
"https://icatalog.expocentr.ru/ru/exhibitions/f33d045e-98f8-11ef-80ce-a0d3c1fab97f/exhibitors/382874?stand=15B212";"HEBEI WEIPU MACHINE TOOL MANUFACTURING CO. LTD";"http://www.hbweipujc.com/";"+86 13503190631";"1131807346@qq.com";"Китай"
"https://icatalog.expocentr.ru/ru/exhibitions/f33d045e-98f8-11ef-80ce-a0d3c1fab97f/exhibitors/383494?stand=5B018";"HEBEI XINYU WELDING CO. LTD";"https://www.sinoweldingwire.com/";"+86 13718526973";"gao@hbxyhy.com";"Китай"
"https://icatalog.expocentr.ru/ru/exhibitions/f33d045e-98f8-11ef-80ce-a0d3c1fab97f/exhibitors/382943?stand=14D245";"HEFEI METALFORMING INTELLIGENT MANUFACTURING CO. LTD";"http://www.hfpress.com/";"+86 551 65160108";"Info@hfpress.com";"Китай"
"https://icatalog.expocentr.ru/ru/exhibitions/f33d045e-98f8-11ef-80ce-a0d3c1fab97f/exhibitors/382657?stand=15C223";"HENAN GENERAL MACHINERY IMP. AND EXP. CO. LTD";"http://www.yusonfinishing.com/";"+86 13607668219";"yusonfinishing@126.com";"Китай"
"https://icatalog.expocentr.ru/ru/exhibitions/f33d045e-98f8-11ef-80ce-a0d3c1fab97f/exhibitors/382670?stand=7B150";"HENAN HEYGO TOOLS CO. LTD";"http://www.heygotools.com/";"+86 13937310873";"amanda@heygotools.com";"Китай"
"https://icatalog.expocentr.ru/ru/exhibitions/f33d045e-98f8-11ef-80ce-a0d3c1fab97f/exhibitors/382633?stand=15D190";"HENAN JIELIDA GRINDING PRODUCTS CO. LTD";"http://www.jldym.com/";"+86 13643857695";"jld@jldym.com";"Китай"
"https://icatalog.expocentr.ru/ru/exhibitions/f33d045e-98f8-11ef-80ce-a0d3c1fab97f/exhibitors/382316?stand=14C234";"HENAN KEMPSON LASER TECHNOLOGY CO. LTD";"http://www.kempsonweld.com/";"+86 18625965770";"carrol@kempsonweld.com";"Китай"
"https://icatalog.expocentr.ru/ru/exhibitions/f33d045e-98f8-11ef-80ce-a0d3c1fab97f/exhibitors/383449?stand=15B261";"HENAN PRECISE CNC MACHINE TOOL CO. LTD";"http://www.bjrftools.cn/";"+86 010-61899660";"hnprsscnc@163.com";"Китай"
"https://icatalog.expocentr.ru/ru/exhibitions/f33d045e-98f8-11ef-80ce-a0d3c1fab97f/exhibitors/382466?stand=7B095";"HENAN TEKIN SUPER-HARD MATERIAL CO. LTD";"http://www.tekintools.com/";"+86 371 60300919";"tekintools@163.com";"Китай"
"https://icatalog.expocentr.ru/ru/exhibitions/f33d045e-98f8-11ef-80ce-a0d3c1fab97f/exhibitors/383465?stand=15C225";"HENAN TONGTAI HEAVY INDUSTRY TECHNOLOGY CO. LTD";"http://www.cntongtai.com/";"+86 13783606290";"sales@cntongtai.com";"Китай"
"https://icatalog.expocentr.ru/ru/exhibitions/f33d045e-98f8-11ef-80ce-a0d3c1fab97f/exhibitors/383224?stand=7D122";"HENAN YIJINHONG TECHNOLOGY CO. LTD";"https://www.yijinhongtools.com/";"+86 17638999198";"303548332@qq.com";"Китай"
"https://icatalog.expocentr.ru/ru/exhibitions/f33d045e-98f8-11ef-80ce-a0d3c1fab97f/exhibitors/382319?stand=14C254";"HEYUAN ZHIDONG TECHNOLOGY CO. LTD";"http://www.zhidong-china.com/";"+86 18122591829";"tina@ztmoulds.com";"Китай"
"https://icatalog.expocentr.ru/ru/exhibitions/f33d045e-98f8-11ef-80ce-a0d3c1fab97f/exhibitors/382040?stand=8D075";"HITO Robotic System";"http://www.hitorobotic.com/";"+86 4008256555";"infoglobal@hitorobotic.com";"Китай"
"https://icatalog.expocentr.ru/ru/exhibitions/f33d045e-98f8-11ef-80ce-a0d3c1fab97f/exhibitors/382506?stand=15C204";"HK RISECOM TECHNOLOGY COMPANY LIMITED";"https://xgjdsh.com/";"+86 13665979127";"risecomhk@gmail.com";"Китай"
"https://icatalog.expocentr.ru/ru/exhibitions/f33d045e-98f8-11ef-80ce-a0d3c1fab97f/exhibitors/383213?stand=7C130";"HKF";"https://www.metobr-expo.ru/";"+86 13908344525";"fengziyang@vip.sina.com";"Китай"
"https://icatalog.expocentr.ru/ru/exhibitions/f33d045e-98f8-11ef-80ce-a0d3c1fab97f/exhibitors/382951?stand=15C180";"HUBEI JINGMING CNC MACHINE TOOL CO. LTD";"http://www.jingmingcnc.com/";"+7 (495) 477-5127";"info@azimut-st.com";"Китай"
"https://icatalog.expocentr.ru/ru/exhibitions/f33d045e-98f8-11ef-80ce-a0d3c1fab97f/exhibitors/383637?stand=8D138";"HUBEI SAGATEC MACHINERY & EQUIPMENT CO. LTD";"http://www.sagatec.com/";"+86 13816631479";"328209355@qq.com";"Китай"
"https://icatalog.expocentr.ru/ru/exhibitions/f33d045e-98f8-11ef-80ce-a0d3c1fab97f/exhibitors/383218?stand=7D116";"HUIZHOU KUNHONG PRECISION TOOLS CO. LTD";"https://www.metobr-expo.ru/";"+86 18933599744";"Kuho8945071@163.com";"Китай"
"https://icatalog.expocentr.ru/ru/exhibitions/f33d045e-98f8-11ef-80ce-a0d3c1fab97f/exhibitors/382678?stand=7C120";"HUNAN FULLANTI TOOLS CO. LTD";"http://www.fldtool.com/";"+86 185 1169 1372";"hongbo.zuo@fldtool.com";"Китай"
"https://icatalog.expocentr.ru/ru/exhibitions/f33d045e-98f8-11ef-80ce-a0d3c1fab97f/exhibitors/382507?stand=14C274";"HUNAN FUSHUN METAL CO. LTD";"http://www.fushunspecialsteel.com/";"+86 731-89903933";"info@fushunspecialsteel.com";"Китай"
"https://icatalog.expocentr.ru/ru/exhibitions/f33d045e-98f8-11ef-80ce-a0d3c1fab97f/exhibitors/382713?stand=8F106";"HUNAN VESA TECHNOLOGY CO. LTD";"http://www.hnvesa.com/";"+86 731-28837588";"lihongchang@hnvesa.com";"Китай"
"https://icatalog.expocentr.ru/ru/exhibitions/f33d045e-98f8-11ef-80ce-a0d3c1fab97f/exhibitors/382917?stand=15A250";"HUZHOU XINKE IMPORT AND EXPORT CO. LTD";"http://www.servohydraulicpress.com/";"+86 15888362037";"sabrina@hzxkdy.com";"Китай"
"https://icatalog.expocentr.ru/ru/exhibitions/f33d045e-98f8-11ef-80ce-a0d3c1fab97f/exhibitors/383506?stand=15D214";"IEBC BUSINESS CONSULTING (BEIJING) CO. LTD";"http://www.iebc-expo.com/";"+86 10-5290-56-19 / +86-10-8481-37-31";"zzyy819@126.com";"Китай"
"https://icatalog.expocentr.ru/ru/exhibitions/f33d045e-98f8-11ef-80ce-a0d3c1fab97f/exhibitors/382660?stand=7B131";"IKS PVD TECHNOLOGY (SHENYANG) CO. LTD";"http://www.ikspvd.com/";"+86 15040177271";"cici@ikspvd.com";"Китай"
"https://icatalog.expocentr.ru/ru/exhibitions/f33d045e-98f8-11ef-80ce-a0d3c1fab97f/exhibitors/382043?stand=14F010";"IMPROVE TECHNOLOGY CO. LTD";"http://www.improvechina.com/";"+7 (499) 116-5667";"toptechnology@list.ru";"Китай"
"https://icatalog.expocentr.ru/ru/exhibitions/f33d045e-98f8-11ef-80ce-a0d3c1fab97f/exhibitors/382112?stand=7B030";"INNOTECH";"http://innotech.tools/";"+7 (495) 366-9061";"info@innotech.tools";"Россия"
"https://icatalog.expocentr.ru/ru/exhibitions/f33d045e-98f8-11ef-80ce-a0d3c1fab97f/exhibitors/382372?stand=6D015";"INSIZE RUSSIA";"http://www.insize.ru/";"+7 (985) 288-4249";"z.movsarova@insize.com";"Россия"
"https://icatalog.expocentr.ru/ru/exhibitions/f33d045e-98f8-11ef-80ce-a0d3c1fab97f/exhibitors/382687?stand=8D134";"JFLO MACHINE TOOL ACCESSORIES";"http://www.jflo.com.cn/";"+86 577 61899087";"sales@jflo.com.cn";"Китай"
"https://icatalog.expocentr.ru/ru/exhibitions/f33d045e-98f8-11ef-80ce-a0d3c1fab97f/exhibitors/383482?stand=5A010";"JIANGSU BROTHER ALLOY CO. LTD";"http://www.sf-brother.com/";"+86 051186478551";"sale007@dyshunfa.com";"Китай"
"https://icatalog.expocentr.ru/ru/exhibitions/f33d045e-98f8-11ef-80ce-a0d3c1fab97f/exhibitors/382545?stand=14D270";"JIANGSU CPTEK SERVO TECHONOLOGY CO. LTD";"http://www.cptek.com.cn/";"+86 519 80950886";"service@cptek.com.cn";"Китай"
"https://icatalog.expocentr.ru/ru/exhibitions/f33d045e-98f8-11ef-80ce-a0d3c1fab97f/exhibitors/382904?stand=8G134";"JIANGSU DANMUS CNC TECHNOLOGY LTD";"http://www.czkml.com/";"";"liushiming@czkml.com";"Китай"
"https://icatalog.expocentr.ru/ru/exhibitions/f33d045e-98f8-11ef-80ce-a0d3c1fab97f/exhibitors/382663?stand=15C208";"JIANGSU ECOO HEAT TREATMENT EQUIPMENT CO. LTD";"http://www.jsecoo.com/";"+86 515 83856311";"jsecoo@163.com";"Китай"
"https://icatalog.expocentr.ru/ru/exhibitions/f33d045e-98f8-11ef-80ce-a0d3c1fab97f/exhibitors/383479?stand=14D252";"JIANGSU GESO EQUIPMENT CO. LTD";"http://www.jsgeso.com/";"+86 13817416585";"online-service@gesosystems.com";"Китай"
"https://icatalog.expocentr.ru/ru/exhibitions/f33d045e-98f8-11ef-80ce-a0d3c1fab97f/exhibitors/382872?stand=15A116";"JIANGSU GOLD-PARTNER ENTERPRISE CO. LTD";"http://www.shearmachine.com.cn/";"+86 15371763520";"wx@chinasiecc.com";"Китай"
"https://icatalog.expocentr.ru/ru/exhibitions/f33d045e-98f8-11ef-80ce-a0d3c1fab97f/exhibitors/382690?stand=8G132";"JIANGSU HILYIN POWER TOOLS CO. LTD";"https://www.metobr-expo.ru/";"+86 18112278625";"2578101114@qq.com";"Китай"
"https://icatalog.expocentr.ru/ru/exhibitions/f33d045e-98f8-11ef-80ce-a0d3c1fab97f/exhibitors/382669?stand=15B270";"JIANGSU HOSTON MACHINE TOOLS CO. LTD";"http://www.hoston.cc/";"+86 523-84506989";"sales@hoston.cc";"Китай"
"https://icatalog.expocentr.ru/ru/exhibitions/f33d045e-98f8-11ef-80ce-a0d3c1fab97f/exhibitors/383285?stand=14E242";"JIANGSU HYDTECH HEAVY INDUSTRY CO. LTD";"https://www.hydrohydtech.com/";"+86 18951572001 +86 17396821608";"may@globalhydtech.com447888087@qq.com";"Китай"
"https://icatalog.expocentr.ru/ru/exhibitions/f33d045e-98f8-11ef-80ce-a0d3c1fab97f/exhibitors/383288?stand=15D204";"JIANGSU KING EAST TOOLS CO. LTD";"http://www.king-east.com/";"";"graceshen@king-east.com";"Китай"
"https://icatalog.expocentr.ru/ru/exhibitions/f33d045e-98f8-11ef-80ce-a0d3c1fab97f/exhibitors/382433?stand=8E130";"JIANGSU KRIUS MACHINE PARTSANP ACCESSORIES CO. LTD";"http://www.jskrius.com/";"+86 512 36889710";"krius@krius.net";"Китай"
"https://icatalog.expocentr.ru/ru/exhibitions/f33d045e-98f8-11ef-80ce-a0d3c1fab97f/exhibitors/382923?stand=14B248";"JIANGSU MACRO CNC MACHINE CO. LTD";"http://www.macropressbrake.com/";"+86 18951314659";"haiqingli901022@hotmail.com";"Китай"
"https://icatalog.expocentr.ru/ru/exhibitions/f33d045e-98f8-11ef-80ce-a0d3c1fab97f/exhibitors/382427?stand=15B185";"JIANGSU PHISONG CNC MACHINES CO. LTD";"http://www.wxmachine.com/";"+86 13801512893";"qiang.w@wxmachine.com";"Китай"
"https://icatalog.expocentr.ru/ru/exhibitions/f33d045e-98f8-11ef-80ce-a0d3c1fab97f/exhibitors/383235?stand=8B134";"JIANGSU RUISHI IRON AND STEEL GROUP CO. LTD";"http://www.ruishi-steelgroup.com/";"+86 13861619999";"292678888@qq.com";"Китай"
"https://icatalog.expocentr.ru/ru/exhibitions/f33d045e-98f8-11ef-80ce-a0d3c1fab97f/exhibitors/383291?stand=14F234";"JIANGSU SHANDA INTELLIGENT TECHNOLOGY CO. LTD";"http://www.cnshanda.com/";"+86 0523-86806688";"sales@cnshanda.com";"Китай"
"https://icatalog.expocentr.ru/ru/exhibitions/f33d045e-98f8-11ef-80ce-a0d3c1fab97f/exhibitors/383299?stand=14C080";"JIANGSU SIHUA PRECISION MACHINERY CO. LTD";"http://www.shrollformer.com/";"+86 0215988 5896";"Anny@shrollformer.com";"Китай"
"https://icatalog.expocentr.ru/ru/exhibitions/f33d045e-98f8-11ef-80ce-a0d3c1fab97f/exhibitors/382430?stand=8E140";"JIANGSU SWIFT MACHINERY TECHNOLOGY CO. LTD";"http://www.jsswft.com/";"+86 513-86222888";"info@jsswft.com";"Китай"
"https://icatalog.expocentr.ru/ru/exhibitions/f33d045e-98f8-11ef-80ce-a0d3c1fab97f/exhibitors/382438?stand=14B180";"JIANGSU TELHOO MACHINERY MANUFACTURE CO. LTD";"http://www.telhoomachinery.com/";"+86 512 58901329";"sales@zjgtaihe.com";"Китай"
"https://icatalog.expocentr.ru/ru/exhibitions/f33d045e-98f8-11ef-80ce-a0d3c1fab97f/exhibitors/382896?stand=14B246";"JIANGSU XINGWEN ELECTRICAL EQUIPMENT CO. LTD";"http://www.jintongelectric.com/";"+86 18353596960";"18353596960@163.com";"Китай"
"https://icatalog.expocentr.ru/ru/exhibitions/f33d045e-98f8-11ef-80ce-a0d3c1fab97f/exhibitors/383496?stand=5C001";"JIANGSU XUANYE WELDING MATERIALS CO. LTD";"http://www.xuanye-welding.com/";"+86 51780220779";"sales@xuanye-welding.com";"Китай"
"https://icatalog.expocentr.ru/ru/exhibitions/f33d045e-98f8-11ef-80ce-a0d3c1fab97f/exhibitors/383504?stand=7B173";"JIANGXI BESTWAY TRADE CO. LTD";"http://www.bwcarbide.com/";"+86 791-86567001";"enquiry@bwcarbide.com";"Китай"
"https://icatalog.expocentr.ru/ru/exhibitions/f33d045e-98f8-11ef-80ce-a0d3c1fab97f/exhibitors/383197?stand=15B234";"JIANGXI LANJIE INTELLIGENT CONTROL ELECTRICAL EQUIPMENT CO. LTD";"http://www.xiujiangsh.com/";"+86 18607081410";"18607081410@163.com";"Китай"
"https://icatalog.expocentr.ru/ru/exhibitions/f33d045e-98f8-11ef-80ce-a0d3c1fab97f/exhibitors/382624?stand=7B215";"JIANGYIN CHENWEI PRECISION TOOL CO. LTD";"http://www.chenwei-cutter.cn/";"+86 13771266581";"cwjm2022@126.com";"Китай"
"https://icatalog.expocentr.ru/ru/exhibitions/f33d045e-98f8-11ef-80ce-a0d3c1fab97f/exhibitors/383493?stand=5B016";"JIANGYIN XINLIAN WELDING EQUIPMENT CO. LTD";"http://www.xlweld.com/";"+86 510 86570990";"sales@xinlianwelding.com";"Китай"
"https://icatalog.expocentr.ru/ru/exhibitions/f33d045e-98f8-11ef-80ce-a0d3c1fab97f/exhibitors/383206?stand=7B052";"JIAXING CRABO CNC TOOL CO. LTD";"http://jxslsk.en.made-in-china.com/";"+86 13566639229";"yuezhenjing@jxslsk.com";"Китай"
"https://icatalog.expocentr.ru/ru/exhibitions/f33d045e-98f8-11ef-80ce-a0d3c1fab97f/exhibitors/383207?stand=7B053";"JIAXING ZHONGWEI INTERNATIONAL TRADE CO. LTD";"https://www.ottolf.com/";"+86 13566639229";"marketing@ottolf.com";"Китай"
"https://icatalog.expocentr.ru/ru/exhibitions/f33d045e-98f8-11ef-80ce-a0d3c1fab97f/exhibitors/382703?stand=7B143";"JIAYI SEIKO (SHENZHEN) CO. LTD";"http://www.jiayi-tools.ru/";"+86 15602976156";"jiayitools@126.com";"Китай"
"https://icatalog.expocentr.ru/ru/exhibitions/f33d045e-98f8-11ef-80ce-a0d3c1fab97f/exhibitors/382564?stand=14D272";"JINAN DXTECH CNC MACHINE CO. LTD";"https://www.dxtech.com/";"+86 18615679775";"demi@dxtech.com";"Китай"
"https://icatalog.expocentr.ru/ru/exhibitions/f33d045e-98f8-11ef-80ce-a0d3c1fab97f/exhibitors/382919?stand=15B232";"JINAN EAGLE CNC MACHINE CO. LTD";"http://www.enjneagle.com/";"+86 18764122691";"eagleinfo@jneagle.com";"Китай"
"https://icatalog.expocentr.ru/ru/exhibitions/f33d045e-98f8-11ef-80ce-a0d3c1fab97f/exhibitors/382491?stand=14D255";"JINAN GOLD MARK CNC MACHINERY CO. LTD";"http://www.goldmarkpower.com/";"+86 15165076755";"sales@goldmarklaser.com";"Китай"
"https://icatalog.expocentr.ru/ru/exhibitions/f33d045e-98f8-11ef-80ce-a0d3c1fab97f/exhibitors/382539?stand=14D240";"JINAN HUAXIA MACHINERY EQUIPMENT CO. LTD";"http://www.huaxialaser.com/";"+86 531 62308600";"huaxia@huaxiacnc.com";"Китай"
"https://icatalog.expocentr.ru/ru/exhibitions/f33d045e-98f8-11ef-80ce-a0d3c1fab97f/exhibitors/382266?stand=14C264";"JINAN HUAXIN AUTOMATION ENGINEERING CO. LTD";"http://www.hxepe.com/";"+86 531 84887877";"info@jnhxgm.com";"Китай"
"https://icatalog.expocentr.ru/ru/exhibitions/f33d045e-98f8-11ef-80ce-a0d3c1fab97f/exhibitors/382630?stand=14E210";"JINAN LXSHOW LASER MANUFACTURE CO. LTD";"https://www.lxslaser.com/";"+86 18653130147";"laser@lxshow.net";"Китай"
"https://icatalog.expocentr.ru/ru/exhibitions/f33d045e-98f8-11ef-80ce-a0d3c1fab97f/exhibitors/382262?stand=14C232";"JINAN YIHAI LASER TECHNOLOGY CO. LTD";"http://www.yihailasers.com/";"+86 15628767027";"admin@yihaicnc.com";"Китай"
"https://icatalog.expocentr.ru/ru/exhibitions/f33d045e-98f8-11ef-80ce-a0d3c1fab97f/exhibitors/382876?stand=8F110";"JINGPENG MACHINERY & EQUIPMENT (SHANGHAI) CO. LTD";"http://www.yosomotion.com/";"+86 13636560152";"sales@yosobearing.com";"Китай"
"https://icatalog.expocentr.ru/ru/exhibitions/f33d045e-98f8-11ef-80ce-a0d3c1fab97f/exhibitors/383222?stand=15B114";"JINGYU INTELLIGENT MANUFACTURING CO. LTD";"https://www.metobr-expo.ru/";"+86 29-87628980";"Sales02@oulangmach.com";"Китай"
"https://icatalog.expocentr.ru/ru/exhibitions/f33d045e-98f8-11ef-80ce-a0d3c1fab97f/exhibitors/382300?stand=8D035";"JWT";"http://www.jwt-tools.ru/";"+7 (495) 646-0387";"info@jwttools.ru";"Россия"
"https://icatalog.expocentr.ru/ru/exhibitions/f33d045e-98f8-11ef-80ce-a0d3c1fab97f/exhibitors/383215?stand=7C134";"KAIFENG BESCO SUPERABRASIVES CO. LTD";"https://www.bescodia.com/";"+86 371 22280678";"sd10@bescosa.net";"Китай"
"https://icatalog.expocentr.ru/ru/exhibitions/f33d045e-98f8-11ef-80ce-a0d3c1fab97f/exhibitors/382205?stand=5B030";"KGL MACHINERY & ELECTRONICS CO. LTD";"https://www.kglmfc.com/";"+86 075523011758";"kgl@kglmfc.com";"Китай"
"https://icatalog.expocentr.ru/ru/exhibitions/f33d045e-98f8-11ef-80ce-a0d3c1fab97f/exhibitors/382676?stand=7C202";"KONE CARBIDE TOOL LTD";"http://www.konetool.com/";"+86 18328611283";"gm-assistant@konetool.com";"Китай"
"https://icatalog.expocentr.ru/ru/exhibitions/f33d045e-98f8-11ef-80ce-a0d3c1fab97f/exhibitors/382517?stand=8G136";"KOOCUT CUTTING TECHNOLOGY (SICHUAN) CO. LTD";"https://www.koocut.com/";"+86 19508184950";"echo@koocut.com";"Китай"
"https://icatalog.expocentr.ru/ru/exhibitions/f33d045e-98f8-11ef-80ce-a0d3c1fab97f/exhibitors/382581?stand=8A070";"KOTTAMI";"https://kottami.com/";"+7 (902) 478-1129";"rks-perm@mail.ru";"Россия"
"https://icatalog.expocentr.ru/ru/exhibitions/f33d045e-98f8-11ef-80ce-a0d3c1fab97f/exhibitors/382357?stand=8A030";"KRAFTENOL";"http://www.kraftenol.ru/";"+7 (495) 513-1407";"info@kraftenol.ru";"Россия"
"https://icatalog.expocentr.ru/ru/exhibitions/f33d045e-98f8-11ef-80ce-a0d3c1fab97f/exhibitors/382684?stand=8D132";"KSEET SPECIAL METAL PRODUCTS CO. LTD";"http://www.kseet.cn/";"+86 13316696118";"xy@kseet.com";"Китай"
"https://icatalog.expocentr.ru/ru/exhibitions/f33d045e-98f8-11ef-80ce-a0d3c1fab97f/exhibitors/383621?stand=14D220";"KUNSHAN EASY FABRICATION TECHNOLOGY CO. LTD";"https://rsm-machinery.com/";"+86 19962866433";"market@insertionmachine.com";"Китай"
"https://icatalog.expocentr.ru/ru/exhibitions/f33d045e-98f8-11ef-80ce-a0d3c1fab97f/exhibitors/382422?stand=15A175";"KUNSHAN OMATEI MECHANICAL AND ELECTRICAL EQUIPMENT CO. LTD";"http://www.omatei.com/";"+86 512 36868656";"Sales02@omatei.com";"Китай"
"https://icatalog.expocentr.ru/ru/exhibitions/f33d045e-98f8-11ef-80ce-a0d3c1fab97f/exhibitors/382910?stand=15A176";"KWLID (JIANGSU) INTELLIGENT EQUIPMENT MANUFACTURING CO. LTD";"http://www.kwlid.com/";"+86 17351130120";"info@kwlid.com";"Китай"
"https://icatalog.expocentr.ru/ru/exhibitions/f33d045e-98f8-11ef-80ce-a0d3c1fab97f/exhibitors/382425?stand=15B183";"LAIZHOU XINYUE MACHINERY CO. LTD";"http://www.laizhouxinyue.com.cn/";"+86 13863898298";"Zhanyi868@vip.163.com";"Китай"
"https://icatalog.expocentr.ru/ru/exhibitions/f33d045e-98f8-11ef-80ce-a0d3c1fab97f/exhibitors/382671?stand=7C198";"LANGFANG HENGYU THREAD TOOLS CO. LTD";"http://www.langfanghytools.com/";"+86 15930613931";"Andyfan001@163.com";"Китай"
"https://icatalog.expocentr.ru/ru/exhibitions/f33d045e-98f8-11ef-80ce-a0d3c1fab97f/exhibitors/383609?stand=14B095";"LASERTECH";"http://lasertech77.ru/";"+7 (495) 230-2323";"Betterwood@mail.ru";"Россия"
"https://icatalog.expocentr.ru/ru/exhibitions/f33d045e-98f8-11ef-80ce-a0d3c1fab97f/exhibitors/382573?stand=5B001";"LE ROBOTICS CO. LTD";"https://www.lerobotics.com/";"+86 13980730128";"info@lerobotics.com";"Китай"
"https://icatalog.expocentr.ru/ru/exhibitions/f33d045e-98f8-11ef-80ce-a0d3c1fab97f/exhibitors/382439?stand=14B185";"LEADING (SHANDONG) CNC EQUIPMENT CO. LTD";"http://www.leadinglaserzg.com/";"+86 13280023931";"jessica@leadinglaserinc.com";"Китай"
"https://icatalog.expocentr.ru/ru/exhibitions/f33d045e-98f8-11ef-80ce-a0d3c1fab97f/exhibitors/382269?stand=15D210";"LIAN YANG PRECISION CUTTING TOOLS CO. LTD";"https://lytool.com.tw/";"+886 229068010";"info@lytool.ocm.tw";"Китай"
"https://icatalog.expocentr.ru/ru/exhibitions/f33d045e-98f8-11ef-80ce-a0d3c1fab97f/exhibitors/382605?stand=15B220";"LIAONING WAJI IMPORT & EXPORT CO. LTD";"https://www.dlwjcnc.com/";"+86 13164530641, +8618742080818";"diana@dlwjcnc.com";"Китай"
"https://icatalog.expocentr.ru/ru/exhibitions/f33d045e-98f8-11ef-80ce-a0d3c1fab97f/exhibitors/382280?stand=14B030";"LIME";"http://www.lime.press/";"8 800 250-0023";"info@lime.press";"Россия"
"https://icatalog.expocentr.ru/ru/exhibitions/f33d045e-98f8-11ef-80ce-a0d3c1fab97f/exhibitors/382639?stand=8G090";"LISHUI CITY YONGRUN PRECISION MACHINERY CO. LTD";"http://www.cnballscrew.com/";"+86 18067752137";"market@cnyouright.com";"Китай"
"https://icatalog.expocentr.ru/ru/exhibitions/f33d045e-98f8-11ef-80ce-a0d3c1fab97f/exhibitors/382551?stand=8E090";"LUOYANG BING YAN LASER EQUIPMENT CO. LTD";"http://www.lybylaser.com/";"+86 13333871331";"info@bingyanlaser.com";"Китай"
"https://icatalog.expocentr.ru/ru/exhibitions/f33d045e-98f8-11ef-80ce-a0d3c1fab97f/exhibitors/383287?stand=15C230";"LUOYANG REIGN MACHINERY EQUIPMENT CO. LTD";"http://www.lyreign.com/";"+86 18537987852";"guojiahao@lyreign.com";"Китай"
"https://icatalog.expocentr.ru/ru/exhibitions/f33d045e-98f8-11ef-80ce-a0d3c1fab97f/exhibitors/382688?stand=15B208";"LUOYANG SUF SPINDLE TECHNOLOGIES CO. LTD";"http://www.lysuf.com/";"+86 13700813669";"zysyuhe@163.com";"Китай"
"https://icatalog.expocentr.ru/ru/exhibitions/f33d045e-98f8-11ef-80ce-a0d3c1fab97f/exhibitors/382549?stand=15C190";"LUOYANG YUJIE INDUSTRY & TRADE CO. LTD";"http://www.yogiemachinery.com/";"+86 15896589105";"export@yujieindustry.com";"Китай"
"https://icatalog.expocentr.ru/ru/exhibitions/f33d045e-98f8-11ef-80ce-a0d3c1fab97f/exhibitors/382302?stand=2B040";"LWCNC LTD";"http://www.lwcnc.ru/";"+7 (495) 558-6180";"info@lwcnc.ru";"Россия"
"https://icatalog.expocentr.ru/ru/exhibitions/f33d045e-98f8-11ef-80ce-a0d3c1fab97f/exhibitors/382607?stand=14B234";"MAANSHAN DAMA MACHINERY MANUFACTURING CO. LTD";"http://www.damacncmachine.com/";"+86 13866410223";"damajc@damamt.com";"Китай"
"https://icatalog.expocentr.ru/ru/exhibitions/f33d045e-98f8-11ef-80ce-a0d3c1fab97f/exhibitors/383230?stand=14C210";"MAANSHAN DURMAPRESS MACHINERY TECHNOLOGY CO. LTD";"https://www.durmapress.com/";"+86 18325572889";"candy@durmapress.com";"Китай"
"https://icatalog.expocentr.ru/ru/exhibitions/f33d045e-98f8-11ef-80ce-a0d3c1fab97f/exhibitors/383463?stand=14E216";"MAANSHAN HUDONG HEAVY INDUSTRY MACHINERY MANUFACTURING CO. LTD";"http://www.ahhudong.com/";"+86 0555-6763008";"nancyfei@ahhudong.com";"Китай"
"https://icatalog.expocentr.ru/ru/exhibitions/f33d045e-98f8-11ef-80ce-a0d3c1fab97f/exhibitors/382456?stand=15B176";"MACHINE MARKET LLC";"https://www.metobr-expo.ru/";"+86 147 5553 8818";"sun.emmy@yandex.com";"Китай"
"https://icatalog.expocentr.ru/ru/exhibitions/f33d045e-98f8-11ef-80ce-a0d3c1fab97f/exhibitors/382900?stand=8C118";"MAKI BISHI EDM TECHNOLOGY CO. LTD";"http://www.mm-edm.com/";"+86 13600315221, 0757 86791363";"kang@mm-edm.com";"Китай"
"https://icatalog.expocentr.ru/ru/exhibitions/f33d045e-98f8-11ef-80ce-a0d3c1fab97f/exhibitors/382042?stand=14F012";"METALFORME LLC";"https://www.metobr-expo.ru/";"";"";"Италия"
"https://icatalog.expocentr.ru/ru/exhibitions/f33d045e-98f8-11ef-80ce-a0d3c1fab97f/exhibitors/382102?stand=14C110";"MetMachine";"https://metmachine.ru/";"8 800 101-1669";"contact@metmachine.ru";"Россия"
"https://icatalog.expocentr.ru/ru/exhibitions/f33d045e-98f8-11ef-80ce-a0d3c1fab97f/exhibitors/382287?stand=14B170";"MIKSAN MOTOR SAN.VETIC. A.S.";"http://www.miksanmotor.com/";"+90 2122846400";"info@miksanmotor.com";"Турция"
"https://icatalog.expocentr.ru/ru/exhibitions/f33d045e-98f8-11ef-80ce-a0d3c1fab97f/exhibitors/382602?stand=7C001";"MINGHONG PRECISION TECHNOLOGY CO. LTD";"http://www.zjmhjm.com/";"+7 (999) 346-2702";"alexey.fang@zjmhjm.com";"Китай"
"https://icatalog.expocentr.ru/ru/exhibitions/f33d045e-98f8-11ef-80ce-a0d3c1fab97f/exhibitors/383286?stand=14E240";"MONTRONIX (SHANGHAI) INTELLIGENT TECHNOLOGY CO. LTD";"http://www.montelycnc.com/";"+86 18261616822";"ylm714@foxmail.com";"Китай"
"https://icatalog.expocentr.ru/ru/exhibitions/f33d045e-98f8-11ef-80ce-a0d3c1fab97f/exhibitors/382481?stand=7C172";"MORE SUPER HARD PRODUCTS CO. LTD";"http://www.mogrinding.ru/";"+86 13323855288";"sales@moresuperhard.com";"Китай"
"https://icatalog.expocentr.ru/ru/exhibitions/f33d045e-98f8-11ef-80ce-a0d3c1fab97f/exhibitors/383309?stand=14E272";"NANJING AURORA LASER TECHNOLOGY CO. LTD";"https://www.auroralaser.net.cn/";"+86 18068822377";"ericzuo@nj-aurora.com.cn";"Китай"
"https://icatalog.expocentr.ru/ru/exhibitions/f33d045e-98f8-11ef-80ce-a0d3c1fab97f/exhibitors/383238?stand=15C238";"NANJING BEKE CNC MACHINERY CO. LTD";"http://www.bekemachine.com/";"+86 18255536645";"beke@bekemachine.com";"Китай"
"https://icatalog.expocentr.ru/ru/exhibitions/f33d045e-98f8-11ef-80ce-a0d3c1fab97f/exhibitors/382470?stand=7A200";"NANJING HANSONYA INTERNATIONAL CO. LTD";"https://www.metobr-expo.ru/";"+86 13951662632";"b133302@163.com";"Китай"
"https://icatalog.expocentr.ru/ru/exhibitions/f33d045e-98f8-11ef-80ce-a0d3c1fab97f/exhibitors/383240?stand=14E230";"NANJING HARSLE MACHINE TOOL CO. LTD";"http://www.harsle.com/";"+86 18052080815";"info@harsle.com";"Китай"
"https://icatalog.expocentr.ru/ru/exhibitions/f33d045e-98f8-11ef-80ce-a0d3c1fab97f/exhibitors/382394?stand=15A185";"NANJING HOGI CNC MACHINE TECHNOLOGY CO. LTD";"http://www.hogimachine.com/";"+86 13813074490";"adaxu@hogimachine.com";"Китай"
"https://icatalog.expocentr.ru/ru/exhibitions/f33d045e-98f8-11ef-80ce-a0d3c1fab97f/exhibitors/382899?stand=14B105";"NANJING JIANKE MACHINERY CO. LTD";"http://www.jiankem.com/";"+86 13913378333/13818012525";"jianke@jiankem.com";"Китай"
"https://icatalog.expocentr.ru/ru/exhibitions/f33d045e-98f8-11ef-80ce-a0d3c1fab97f/exhibitors/383624?stand=15D202";"NANJING JUXIN INTELLIGENT TECHNOLOGY CO. LTD";"https://juxinzhineng.gys.cn/";"+86 18315871516, +86 18053436360";"sunxiujun2008@126.com";"Китай"
"https://icatalog.expocentr.ru/ru/exhibitions/f33d045e-98f8-11ef-80ce-a0d3c1fab97f/exhibitors/382640?stand=14D262";"NANJING NEW FOCUS LASER TECHNOLOGY CO. LTD";"http://www.newfocuslaser.com/";"+86 15380861989";"263118144@qq.com";"Китай"
"https://icatalog.expocentr.ru/ru/exhibitions/f33d045e-98f8-11ef-80ce-a0d3c1fab97f/exhibitors/382459?stand=15B180";"NANJING PRASTEEL INDUSTRIAL CO. LTD";"http://www.prasteel.com/";"+86 18651840376";"roger@prasteel.com";"Китай"
"https://icatalog.expocentr.ru/ru/exhibitions/f33d045e-98f8-11ef-80ce-a0d3c1fab97f/exhibitors/382579?stand=14B218";"NANJING STARTNOW OPTO-ELECTRONICS CO. LTD";"http://startnow-store.com/";"+86 18860897612";"sini@startnow-laser.com";"Китай"
"https://icatalog.expocentr.ru/ru/exhibitions/f33d045e-98f8-11ef-80ce-a0d3c1fab97f/exhibitors/382449?stand=7B206";"NANJING WINICE MACHINERY TECHNOLOGY CO. LTD";"http://winicetech-en.com/";"+86 15951886448";"winicetech@gmail.com";"Китай"
"https://icatalog.expocentr.ru/ru/exhibitions/f33d045e-98f8-11ef-80ce-a0d3c1fab97f/exhibitors/382428?stand=15C192";"NANTONG YAN MACHINERY CO. LTD";"http://www.shemnt.com/";"+86 0513-85119358";"shem@shemnt.com";"Китай"
"https://icatalog.expocentr.ru/ru/exhibitions/f33d045e-98f8-11ef-80ce-a0d3c1fab97f/exhibitors/382619?stand=15C198";"NEW MEN MACHINERY CO. LTD";"https://newmenmachine.com/";"+86 0755-2899 7399";"sales@newmenmachine.com";"Китай"
"https://icatalog.expocentr.ru/ru/exhibitions/f33d045e-98f8-11ef-80ce-a0d3c1fab97f/exhibitors/382497?stand=8G101";"NIETZ ELECTRIC CO. LTD";"http://www.nietz.cn/";"+86 21 33634649";"info@nietz.cn";"Китай"
"https://icatalog.expocentr.ru/ru/exhibitions/f33d045e-98f8-11ef-80ce-a0d3c1fab97f/exhibitors/382717?stand=14E250";"NINGBO DANKO VACUUM TECHNOLOGY CO. LTD";"https://www.pvd-coatingmachine.com/";"+86 13486478562";"alice@dankovac.com";"Китай"
"https://icatalog.expocentr.ru/ru/exhibitions/f33d045e-98f8-11ef-80ce-a0d3c1fab97f/exhibitors/382890?stand=7A110";"NINGBO DONGHAI JINGRUI MACHINERY MANUFACTURING CO. LTD";"https://www.metobr-expo.ru/";"+86 15558379866";"376187905@qq.com";"Китай"
"https://icatalog.expocentr.ru/ru/exhibitions/f33d045e-98f8-11ef-80ce-a0d3c1fab97f/exhibitors/382679?stand=14D218";"NINGBO GOANWIN MACHINERY MANUFACTURING CO. LTD";"http://www.goanwin.com/";"+86 574-86562707";"mindy@goanwin.com";"Китай"
"https://icatalog.expocentr.ru/ru/exhibitions/f33d045e-98f8-11ef-80ce-a0d3c1fab97f/exhibitors/382490?stand=6E010";"NINGBO HANCHEN TECHNOLOGY CO. LTD";"http://www.nbhcnc.net/";"+86 574 87374825";"nbhcnc@126.com";"Китай"
"https://icatalog.expocentr.ru/ru/exhibitions/f33d045e-98f8-11ef-80ce-a0d3c1fab97f/exhibitors/382642?stand=15A260";"NINGBO WEIHUI MAGNETIC INDUSTRY CO. LTD";"http://www.nbwhcy.com/";"+86 13806650787";"weihui@nbwhcy.com";"Китай"
"https://icatalog.expocentr.ru/ru/exhibitions/f33d045e-98f8-11ef-80ce-a0d3c1fab97f/exhibitors/382733?stand=8C056";"NOVATOR MES";"http://www.mes-russia.ru/";"+7 (495) 241-0118";"sales@mes-russia.ru";"Россия"
"https://icatalog.expocentr.ru/ru/exhibitions/f33d045e-98f8-11ef-80ce-a0d3c1fab97f/exhibitors/382486?stand=6E030";"PresTEC Limited";"http://www.prestec.cn/";"+86 25-85619480";"Louis.zhao@prestec.cn";"Китай"
"https://icatalog.expocentr.ru/ru/exhibitions/f33d045e-98f8-11ef-80ce-a0d3c1fab97f/exhibitors/382381?stand=14C262";"PULLY INTELLIGENT EQUIPMENT CO. LTD";"http://www.pulicnc.cn/";"+86 051388226166";"pullycnc@126.com";"Китай"
"https://icatalog.expocentr.ru/ru/exhibitions/f33d045e-98f8-11ef-80ce-a0d3c1fab97f/exhibitors/382194?stand=5D120";"PULSONIC";"https://pulsonic-rus.ru/";"+7 (495) 108-0675";"info@pulsonic-rus.ru";"Россия"
"https://icatalog.expocentr.ru/ru/exhibitions/f33d045e-98f8-11ef-80ce-a0d3c1fab97f/exhibitors/382418?stand=8F134";"QINGDAO BAIYI ZERO POINT ENGINEERING CO. LTD";"http://www.isq-clamping.com/";"+86 532-85937102";"sales@baiyizeropoint.com";"Китай"
"https://icatalog.expocentr.ru/ru/exhibitions/f33d045e-98f8-11ef-80ce-a0d3c1fab97f/exhibitors/383297?stand=14F230";"QINGDAO HUITONG XINDA AIR COMPRESSOR CO. LTD";"http://www.htxdaircompressor.com/";"+86 18851197623";"Jason@qdhtxd.com.cn";"Китай"
"https://icatalog.expocentr.ru/ru/exhibitions/f33d045e-98f8-11ef-80ce-a0d3c1fab97f/exhibitors/382258?stand=14C260";"QINGDAO JOBON SCIENCE & TECH DEVELOPMENT CO. LTD";"http://www.joboncoating.com/";"+86 15588661718";"info@joboncoating.com";"Китай"
"https://icatalog.expocentr.ru/ru/exhibitions/f33d045e-98f8-11ef-80ce-a0d3c1fab97f/exhibitors/382329?stand=14E262";"QINGDAO SHENGTONG MECHANICAL TECHNOLOGY CO. LTD";"http://www.stoncnc.com/";"+86 053288185699";"sales09@qdston.com";"Китай"
"https://icatalog.expocentr.ru/ru/exhibitions/f33d045e-98f8-11ef-80ce-a0d3c1fab97f/exhibitors/382907?stand=15C213";"QINGDAO YITUO MACHINERY EQUIPMENT CO. LTD";"http://www.yituomachinery.com/";"+86 532-81103591";"yeboliu@yituomachinery.com";"Китай"
"https://icatalog.expocentr.ru/ru/exhibitions/f33d045e-98f8-11ef-80ce-a0d3c1fab97f/exhibitors/383485?stand=5A014";"RENQIU LUNQIN TRADING CO. LTD";"http://www.jinyingcable.com/";"+86 18632722195";"Jinying988@126.com";"Китай"
"https://icatalog.expocentr.ru/ru/exhibitions/f33d045e-98f8-11ef-80ce-a0d3c1fab97f/exhibitors/383293?stand=8H112";"RICHMAN UNIVERSAL SOURCING CO. LIMITED";"http://www.richmansourcing.com/";"+86 13590686213";"richmantrade@qq.com";"Китай"
"https://icatalog.expocentr.ru/ru/exhibitions/f33d045e-98f8-11ef-80ce-a0d3c1fab97f/exhibitors/383241?stand=7D114";"ROSSONIX CO. LIMITED";"http://www.rossonix.com/";"+86 17324401804";"sales@rossonix.com";"Китай"
"https://icatalog.expocentr.ru/ru/exhibitions/f33d045e-98f8-11ef-80ce-a0d3c1fab97f/exhibitors/383470?stand=15B252";"ROYEE HARDMATERIAL CO. LTD";"https://www.metobr-expo.ru/";"+86 0769 83118640";"winlongzhidong@aliyun.com";"Китай"
"https://icatalog.expocentr.ru/ru/exhibitions/f33d045e-98f8-11ef-80ce-a0d3c1fab97f/exhibitors/382577?stand=14D220";"RSM MACHINERY CO. LTD";"https://rsm-machinery.com/";"+86 19962866433";"market@insertionmachine.com";"Китай"
"https://icatalog.expocentr.ru/ru/exhibitions/f33d045e-98f8-11ef-80ce-a0d3c1fab97f/exhibitors/383303?stand=7D118";"RUILIF TOOLS (QINGDAO) CO. LTD";"http://www.ruiliftools.com/";"+86 150 6398 6252";"lucas@ruiliftools.cn";"Китай"
"https://icatalog.expocentr.ru/ru/exhibitions/f33d045e-98f8-11ef-80ce-a0d3c1fab97f/exhibitors/383468?stand=14D260";"RUNLIAN MACHINE TOOL (SHANDONG) CO. LTD";"http://www.chinacncmachinery.com/";"+86 13863660377";"allenguo@chinacncmachinery.com";"Китай"
"https://icatalog.expocentr.ru/ru/exhibitions/f33d045e-98f8-11ef-80ce-a0d3c1fab97f/exhibitors/382561?stand=7C200";"RZHX CHENGDU SCIENCE AND TECHNOLOGY CO. LTD";"http://www.rzhxtools.com/";"+86 19113128176";"mia@rzhxtools.com";"Китай"
"https://icatalog.expocentr.ru/ru/exhibitions/f33d045e-98f8-11ef-80ce-a0d3c1fab97f/exhibitors/383327?stand=6B070";"SANGEO METAL ??LEME ?R?NLER? DI? T?C. LTD. ?T?.";"http://www.sangeo.com.tr/";"+90 5323232000";"satis@sangeo.com.tr";"Турция"
"https://icatalog.expocentr.ru/ru/exhibitions/f33d045e-98f8-11ef-80ce-a0d3c1fab97f/exhibitors/382065?stand=7C010";"SATOOLS";"http://www.co-run.ru/";"+7 8482 392342";"info@co-run.ru";"Россия"
"https://icatalog.expocentr.ru/ru/exhibitions/f33d045e-98f8-11ef-80ce-a0d3c1fab97f/exhibitors/383357?stand=14C100";"SEKIZLI MAKINA VE VINC SAN. TIC. A.S";"http://www.sekizli.com.tr/";"+90 3324447595";"export@sekizli.com.tr";"Турция"
"https://icatalog.expocentr.ru/ru/exhibitions/f33d045e-98f8-11ef-80ce-a0d3c1fab97f/exhibitors/383525?stand=14C108";"SERVOSTEEL";"http://www.servosteel.com.tr/";"+90 2164153005";"info@servosteel.com.tr";"Турция"
"https://icatalog.expocentr.ru/ru/exhibitions/f33d045e-98f8-11ef-80ce-a0d3c1fab97f/exhibitors/382869?stand=15B226";"SHAANXI GOLDEN STONE MACHINERY MANUFACTURING CO. LTD";"http://www.gsmdrilling.com/";"+86 029-84250816";"";"Китай"
"https://icatalog.expocentr.ru/ru/exhibitions/f33d045e-98f8-11ef-80ce-a0d3c1fab97f/exhibitors/382460?stand=15B222";"SHANDONG ALLES ENERGY TECHNOLOGY CO. LTD";"http://www.allescnc.com/";"+86 15966602397";"info@sdalles.com";"Китай"
"https://icatalog.expocentr.ru/ru/exhibitions/f33d045e-98f8-11ef-80ce-a0d3c1fab97f/exhibitors/382892?stand=7A092";"SHANDONG CHONGDE PRECISION MACHINERY CO. LTD";"http://www.chongdemachine.com/";"+86 537-4455161";"lihui@shandongchongde.com";"Китай"
"https://icatalog.expocentr.ru/ru/exhibitions/f33d045e-98f8-11ef-80ce-a0d3c1fab97f/exhibitors/383305?stand=15E174";"SHANDONG CHUNPING INTELLIGENT EQUIPMENT CO. LTD";"https://www.chunpinggufen.com/";"+86 18254511233";"2462825640@qq.com";"Китай"
"https://icatalog.expocentr.ru/ru/exhibitions/f33d045e-98f8-11ef-80ce-a0d3c1fab97f/exhibitors/382324?stand=5B032";"SHANDONG CYBER CNC GROUP CO. LTD";"https://www.cybercncgroup.com/";"+86 15192419209";"frank@cyberlaser.cn";"Китай"
"https://icatalog.expocentr.ru/ru/exhibitions/f33d045e-98f8-11ef-80ce-a0d3c1fab97f/exhibitors/382458?stand=8E145";"SHANDONG FANGZHENG MACHINE TOOLS CO. LTD";"http://www.fangzhengtool.com/";"+86 534-4610989";"zhengyu10@sdzhengyu.com";"Китай"
"https://icatalog.expocentr.ru/ru/exhibitions/f33d045e-98f8-11ef-80ce-a0d3c1fab97f/exhibitors/382683?stand=15E030";"SHANDONG GOLD CNC MACHINE TOOL CO. LTD";"https://goldcnc.com/";"+86 13793705399";"sales@goldcnc.com";"Китай"
"https://icatalog.expocentr.ru/ru/exhibitions/f33d045e-98f8-11ef-80ce-a0d3c1fab97f/exhibitors/383289?stand=15C135";"SHANDONG HQ PRECISION TECHNOLOGY CO. LTD";"http://www.hqmachinetool.com/";"+86 133 6109 7708";"info@hqmachinetool.com";"Китай"
"https://icatalog.expocentr.ru/ru/exhibitions/f33d045e-98f8-11ef-80ce-a0d3c1fab97f/exhibitors/383216?stand=15A145";"SHANDONG JIESHENG MACHINERY CO. LTD";"http://www.jsswisslathe.com/";"+86 15168885633";"sdjesen@163.com";"Китай"
"https://icatalog.expocentr.ru/ru/exhibitions/f33d045e-98f8-11ef-80ce-a0d3c1fab97f/exhibitors/382442?stand=7B116";"SHANDONG JINJIE MACHINERY CO. LTD";"http://www.bright-tools.com/";"+86 18865728871";"sales@bright-tools.com";"Китай"
"https://icatalog.expocentr.ru/ru/exhibitions/f33d045e-98f8-11ef-80ce-a0d3c1fab97f/exhibitors/383237?stand=14E241";"SHANDONG KASRY INTELLIGENT EQUIPMENT CO. LTD";"http://www.kasrytech.com/";"+86 13771037936";"sdkasry@163.com";"Китай"
"https://icatalog.expocentr.ru/ru/exhibitions/f33d045e-98f8-11ef-80ce-a0d3c1fab97f/exhibitors/383507?stand=15C132";"SHANDONG LINMO CNC MACHINE TOOL EQUIPMENT CO. LTD";"http://www.slmncnc.com/";"+86 15688878114";"w.eric@lucimagnet.com";"Китай"
"https://icatalog.expocentr.ru/ru/exhibitions/f33d045e-98f8-11ef-80ce-a0d3c1fab97f/exhibitors/383306?stand=15C178";"SHANDONG LUZHONG MACHINE TOOL CO. LTD";"http://www.lzcncmachine.com/";"+86 632-5083086";"info@luzhongmc.com";"Китай"
"https://icatalog.expocentr.ru/ru/exhibitions/f33d045e-98f8-11ef-80ce-a0d3c1fab97f/exhibitors/383490?stand=5A026";"SHANDONG MAGICK INTELLIGENT TECHNOLOGY CO. LTD";"http://magicklaser.com/";"+86 19953133988";"sales@magicklaser.com";"Китай"
"https://icatalog.expocentr.ru/ru/exhibitions/f33d045e-98f8-11ef-80ce-a0d3c1fab97f/exhibitors/382501?stand=7C103";"SHANDONG OLI MACHINERY CO. LTD";"https://www.olicnctools.com/cn";"+86 537 4252090";"olima@olicnc.com";"Китай"
"https://icatalog.expocentr.ru/ru/exhibitions/f33d045e-98f8-11ef-80ce-a0d3c1fab97f/exhibitors/383314?stand=14C220";"SHANDONG OUKA INTELLIGENT EQUIPMENT CO. LTD";"https://www.thebestcnc.com/";"+86 18866411029";"sales@thebestcnc.com";"Китай"
"https://icatalog.expocentr.ru/ru/exhibitions/f33d045e-98f8-11ef-80ce-a0d3c1fab97f/exhibitors/382559?stand=15B216";"SHANDONG RAINTECH SANS TECHNOLOGY CO. LTD";"https://www.srmcncmachine.com/";"+86 18668962766";"assistant@raintechsscnc.com";"Китай"
"https://icatalog.expocentr.ru/ru/exhibitions/f33d045e-98f8-11ef-80ce-a0d3c1fab97f/exhibitors/383231?stand=14E270";"SHANDONG SANJI MACHINE TOOL GROUP CO. LTD";"http://www.sanjishukong.com/";"+86 17606286737";"17606286737@163.com";"Китай"
"https://icatalog.expocentr.ru/ru/exhibitions/f33d045e-98f8-11ef-80ce-a0d3c1fab97f/exhibitors/382916?stand=14D271";"SHANDONG SHENGDE INTELLIGENT EQUIPMENT CO. LTD";"http://www.dekuanmachine.com/";"+86 13335216932";"pavellee@sunderjx.com";"Китай"
"https://icatalog.expocentr.ru/ru/exhibitions/f33d045e-98f8-11ef-80ce-a0d3c1fab97f/exhibitors/382638?stand=15D230";"SHANDONG SUNRISE CNC MACHINE CO. LTD";"http://www.sunrise-cm.com/";"+86 13793179476";"melody@sunrisecnc.com";"Китай"
"https://icatalog.expocentr.ru/ru/exhibitions/f33d045e-98f8-11ef-80ce-a0d3c1fab97f/exhibitors/382454?stand=15B170";"SHANDONG WANLI PRECISION MACHINERY CO. LTD";"http://www.wanlimac.com/";"+86 15263735057";"wanli001@wanlimac.com";"Китай"
"https://icatalog.expocentr.ru/ru/exhibitions/f33d045e-98f8-11ef-80ce-a0d3c1fab97f/exhibitors/382664?stand=14C270";"SHANDONG WODA HEAVY MACHINERY CO. LTD";"http://wodamachine.com/";"+86 13326322119";"mike@dingrunforging.com";"Китай"
"https://icatalog.expocentr.ru/ru/exhibitions/f33d045e-98f8-11ef-80ce-a0d3c1fab97f/exhibitors/382552?stand=7C192";"SHANDONG YIBAIDU ABRASIVES TECHNOLOGY CO. LTD";"https://ru.sdgrindingwheels.com/";"+86 633 8309362";"sdybdmlmj@163.com";"Китай"
"https://icatalog.expocentr.ru/ru/exhibitions/f33d045e-98f8-11ef-80ce-a0d3c1fab97f/exhibitors/382672?stand=15B251";"SHANDONG YIKE CNC MACHINE CO. LTD";"http://www.yike-cnc.com/";"";"frank@sdyikecnc.com";"Китай"
"https://icatalog.expocentr.ru/ru/exhibitions/f33d045e-98f8-11ef-80ce-a0d3c1fab97f/exhibitors/383312?stand=15C236";"SHANDONG YUDONG SUNSHINE MACHINE CO. LTD";"http://www.yudongsunshine.com/";"+86 13583155479";"bruce@yudongsunshine.com";"Китай"
"https://icatalog.expocentr.ru/ru/exhibitions/f33d045e-98f8-11ef-80ce-a0d3c1fab97f/exhibitors/382866?stand=15B190";"SHANGHAI AOHU AUTOMATION EQUIPMENT CO. LTD";"https://shanghaiaohu.en.made-in-china.com/";"+86 15221851656";"aohufang@gmail.com";"Китай"
"https://icatalog.expocentr.ru/ru/exhibitions/f33d045e-98f8-11ef-80ce-a0d3c1fab97f/exhibitors/382482?stand=15C202";"SHANGHAI JIANPING DYNAMIC BALANCING MACHINE MANUFACTURING CO. LTD";"http://www.jp-balancer.com/";"+86 15900401672";"jp019@jp-balancer.com";"Китай"
"https://icatalog.expocentr.ru/ru/exhibitions/f33d045e-98f8-11ef-80ce-a0d3c1fab97f/exhibitors/382627?stand=6E025";"SHANGHAI NAGOYA PRECISION TOOLS CO. LTD";"http://www.snstc.com/";"";"sales_center@snstc.com";"Китай"
"https://icatalog.expocentr.ru/ru/exhibitions/f33d045e-98f8-11ef-80ce-a0d3c1fab97f/exhibitors/382499?stand=15C196";"SHANGHAI NINGYUAN PRECISION MACHINERY CORP.";"http://www.htt-global.com/";"+86 21-50304310";"info@htt-global.com";"Китай"
"https://icatalog.expocentr.ru/ru/exhibitions/f33d045e-98f8-11ef-80ce-a0d3c1fab97f/exhibitors/382509?stand=15B260";"SHANGHAI SEALION MACHINE TOOL CO. LTD";"http://www.sealionmachine.com/";"+86 21 60128108";"steven@sealionmachine.com";"Китай"
"https://icatalog.expocentr.ru/ru/exhibitions/f33d045e-98f8-11ef-80ce-a0d3c1fab97f/exhibitors/382505?stand=14F040";"SHANGHAI SHOCKOE AUTOMATION TECHNOLOGY CO. LTD";"https://smartray.en.alibaba.com/";"+86 18217347627";"huzhikang@shockoe.com.cn";"Китай"
"https://icatalog.expocentr.ru/ru/exhibitions/f33d045e-98f8-11ef-80ce-a0d3c1fab97f/exhibitors/382542?stand=7C170";"SHANGHAI XINA MACHINERY TECHNOLOGY CO. LTD";"https://www.waruite.com/";"+86 18621800980";"32448318@qq.com";"Китай"
"https://icatalog.expocentr.ru/ru/exhibitions/f33d045e-98f8-11ef-80ce-a0d3c1fab97f/exhibitors/382468?stand=7B124";"SHANGHAI YAMADA PRECISION TOOLS CO. LTD";"http://www.yamadachina.com/";"+86 21-69208966-8221";"international2@yamadachina.com";"Китай"
"https://icatalog.expocentr.ru/ru/exhibitions/f33d045e-98f8-11ef-80ce-a0d3c1fab97f/exhibitors/382455?stand=15B170";"SHANGHAI YANGYU HYDRAULIC TECHNOLOGY CO. LTD";"http://www.yangyuyeya.com/";"+86 13636356220";"yangyu667@yeah.net";"Китай"
"https://icatalog.expocentr.ru/ru/exhibitions/f33d045e-98f8-11ef-80ce-a0d3c1fab97f/exhibitors/383451?stand=7D052";"SHAOGUAN YUXIN PRECISION CUTTING TOOLS CO. LTD";"https://www.yunlicnctool.ru/";"+86 17768809996";"yunlicnctool@gmail.com";"Китай"
"https://icatalog.expocentr.ru/ru/exhibitions/f33d045e-98f8-11ef-80ce-a0d3c1fab97f/exhibitors/383205?stand=7C142";"SHAREATE TOOLS LTD";"http://www.shareate.com/";"+86 (0512) 6285 1667";"info@shareate.com";"Китай"
"https://icatalog.expocentr.ru/ru/exhibitions/f33d045e-98f8-11ef-80ce-a0d3c1fab97f/exhibitors/383290?stand=15D200";"SHENGDA DRAG CHAIN SYSTEM (GUANGDONG) CO. LTD";"http://www.sondadragchain.com/";"+86 18933172777";"sales@sondadragchain.com";"Китай"
"https://icatalog.expocentr.ru/ru/exhibitions/f33d045e-98f8-11ef-80ce-a0d3c1fab97f/exhibitors/382575?stand=15A112";"SHENGHE PRECISION MACHINERY (ZHEJIANG) CO. LTD";"https://en.shjmjx.com.cn/";"+86 18121329645";"max.mu@shjmjx.com.cn";"Китай"
"https://icatalog.expocentr.ru/ru/exhibitions/f33d045e-98f8-11ef-80ce-a0d3c1fab97f/exhibitors/383201?stand=7C144";"SHENYANG LEBUY VACUUM TECH. CO. LTD";"http://www.lebuyvac.com/";"+86 13889113269";"lebuyvacuum@163.com";"Китай"
"https://icatalog.expocentr.ru/ru/exhibitions/f33d045e-98f8-11ef-80ce-a0d3c1fab97f/exhibitors/382689?stand=15B202";"SHENYANG VEGA HEAVY INDUSTRY CO. LTD";"http://www.vegaheavy.com/";"+86 18345156485";"jiawei@vegaheavy.com";"Китай"
"https://icatalog.expocentr.ru/ru/exhibitions/f33d045e-98f8-11ef-80ce-a0d3c1fab97f/exhibitors/383229?stand=6E015";"SHENYANG WEMUST SAWS INDUSTRIAL CO. LTD";"http://www.wemustsaws.com/";"+86 13194231907";"wemust_joey@163.com";"Китай"
"https://icatalog.expocentr.ru/ru/exhibitions/f33d045e-98f8-11ef-80ce-a0d3c1fab97f/exhibitors/382647?stand=15B210";"SHENZHEN GUANDONG AUTOMATION CO. LIMITED";"http://www.szghauto.com/";"+86 13728601949";"Export02@szghtech.com";"Китай"
"https://icatalog.expocentr.ru/ru/exhibitions/f33d045e-98f8-11ef-80ce-a0d3c1fab97f/exhibitors/382520?stand=8B010";"SHENZHEN JUST MOTION CONTROL ELECTROMECHANICS CO. LTD";"http://www.jmc-motor.ru/";"+86 755-27872907";"jmcxx@jmc-motion.com";"Китай"
"https://icatalog.expocentr.ru/ru/exhibitions/f33d045e-98f8-11ef-80ce-a0d3c1fab97f/exhibitors/382204?stand=5B042";"SHENZHEN RELFAR INTELLIGENT TECHNOLOGY CO. LTD";"http://www.relfar.com/";"+86 13410708106";"cyan@rd-acs.com";"Китай"
"https://icatalog.expocentr.ru/ru/exhibitions/f33d045e-98f8-11ef-80ce-a0d3c1fab97f/exhibitors/383459?stand=8C132";"SHENZHEN TONGCHUANG MECHATRONICS TECHNOLOGY CO. LTD";"http://m.sztcjd.com/";"+86 15157920751";"export_sales@sztcjd.com";"Китай"
"https://icatalog.expocentr.ru/ru/exhibitions/f33d045e-98f8-11ef-80ce-a0d3c1fab97f/exhibitors/382584?stand=7C148";"SHIJIAZHUANG JINYUNXIANG TECHNOLOGY CO. LTD";"http://www.jyxwheel.com/";"+86 17330073576";"jyx018@sjzjyx.com";"Китай"
"https://icatalog.expocentr.ru/ru/exhibitions/f33d045e-98f8-11ef-80ce-a0d3c1fab97f/exhibitors/382878?stand=14B232";"SHIJIAZHUANG YINGYEE MACHINERY CO. LTD";"http://www.yingyeemachinery.com/";"+86 0311-85415145";"Info@yingyee.cn";"Китай"
"https://icatalog.expocentr.ru/ru/exhibitions/f33d045e-98f8-11ef-80ce-a0d3c1fab97f/exhibitors/382441?stand=7B105";"SHIN-IL STARK MACHINERY (SUZHOU) CO. LTD";"https://www.metobr-expo.ru/";"+86 512 62901818";"yjl@deep-hole.com";"Китай"
"https://icatalog.expocentr.ru/ru/exhibitions/f33d045e-98f8-11ef-80ce-a0d3c1fab97f/exhibitors/383445?stand=6B030";"SHRAMIK";"https://www.metobr-expo.ru/";"+91 9881747429";"sales@shramik.co.in";"Индия"
"https://icatalog.expocentr.ru/ru/exhibitions/f33d045e-98f8-11ef-80ce-a0d3c1fab97f/exhibitors/382510?stand=7C145";"SI SHUI CHUN JING MACHINERY CO. LTD";"https://www.metobr-expo.ru/";"+86 15154730236";"swyct@126.com";"Китай"
"https://icatalog.expocentr.ru/ru/exhibitions/f33d045e-98f8-11ef-80ce-a0d3c1fab97f/exhibitors/383519?stand=15B206";"SICHUAN BAISHICHANG HEAVY MACHINERY CO. LTD";"http://www.changrunjx.cn/";"+86 15922624952";"Changrunpm@gmail.com";"Китай"
"https://icatalog.expocentr.ru/ru/exhibitions/f33d045e-98f8-11ef-80ce-a0d3c1fab97f/exhibitors/382662?stand=7B162";"SICHUAN HANYU HAOYANG TOOLS CO. LTD";"http://www.cnctoolinserts.com/";"+86 028-82633683";"cdhyhygj@163.com";"Китай"
"https://icatalog.expocentr.ru/ru/exhibitions/f33d045e-98f8-11ef-80ce-a0d3c1fab97f/exhibitors/383575?stand=8C122";"SICHUAN LARIX MACHINERY CORP. LTD";"https://www.metobr-expo.ru/";"";"";"Китай"
"https://icatalog.expocentr.ru/ru/exhibitions/f33d045e-98f8-11ef-80ce-a0d3c1fab97f/exhibitors/382431?stand=7B110";"SICHUAN MACHINERY IMP. & EXP. CORP. LTD";"http://www.harlingentools.com/";"+86 28-85265888";"sales@harlingentools.com";"Китай"
"https://icatalog.expocentr.ru/ru/exhibitions/f33d045e-98f8-11ef-80ce-a0d3c1fab97f/exhibitors/383202?stand=7D112";"SICHUAN MIGHTY MACHINERY CO. LTD";"http://www.sc-mighty.com/";"+86 028 86736017";"Vivi@mightools.com";"Китай"
"https://icatalog.expocentr.ru/ru/exhibitions/f33d045e-98f8-11ef-80ce-a0d3c1fab97f/exhibitors/382668?stand=7C190";"SICHUAN MINGTAISHUN CARBIDE CO. LTD";"https://www.mtslong.com/";"+86 19130938707";"eileen@alloymts.com";"Китай"
"https://icatalog.expocentr.ru/ru/exhibitions/f33d045e-98f8-11ef-80ce-a0d3c1fab97f/exhibitors/383450?stand=8E098";"SICHUAN ODOT AUTOMATION SYSTEM CO. LTD";"https://www.odotautomation.com/";"+86 816-2530577";"flora-marketing@odotautomation.com";"Китай"
"https://icatalog.expocentr.ru/ru/exhibitions/f33d045e-98f8-11ef-80ce-a0d3c1fab97f/exhibitors/382645?stand=7B154";"SICHUAN SYNVOLT MACHINERY CO. LTD";"http://www.synvolt.com/";"+86 17821368098";"info@synvolt.com";"Китай"
"https://icatalog.expocentr.ru/ru/exhibitions/f33d045e-98f8-11ef-80ce-a0d3c1fab97f/exhibitors/382711?stand=7C118";"SICHUAN TRANRICH ABRASIVES CO. LTD";"http://www.tranrich-tools.com/";"+86 28-86665618";"info@tranrich.com";"Китай"
"https://icatalog.expocentr.ru/ru/exhibitions/f33d045e-98f8-11ef-80ce-a0d3c1fab97f/exhibitors/383546?stand=14B244";"SICHUAN WOXD IMP & EXP CO. LTD";"http://www.woxd.cn/";"+86 16602816136";"maydayhq@hotmail.com";"Китай"
"https://icatalog.expocentr.ru/ru/exhibitions/f33d045e-98f8-11ef-80ce-a0d3c1fab97f/exhibitors/382452?stand=7C160";"SINOMACH DIAMOND (HENAN) CO. LTD";"https://www.diamondgroup.cn/";"+86 371-55983631";"sinomach-dia@diamondgroup.cn";"Китай"
"https://icatalog.expocentr.ru/ru/exhibitions/f33d045e-98f8-11ef-80ce-a0d3c1fab97f/exhibitors/382644?stand=6E020";"SKYLINE (XUZHOU) MECHANICAL TECH CO. LTD";"https://www.metobr-expo.ru/";"+86 15852152569";"skylinexz@126.com";"Китай"
"https://icatalog.expocentr.ru/ru/exhibitions/f33d045e-98f8-11ef-80ce-a0d3c1fab97f/exhibitors/383221?stand=7C132";"SKYWALKER";"http://www.sunnyb2b.com/";"+86 010 88400060";"wangguoji@sunnyb2b.com";"Китай"
"https://icatalog.expocentr.ru/ru/exhibitions/f33d045e-98f8-11ef-80ce-a0d3c1fab97f/exhibitors/382387?stand=15B186";"SMART MACHINE TECHNOLOGY. CO. LTD";"http://www.jinnfa88.com/";"+86 57382797275";"482348343@qq.com";"Китай"
"https://icatalog.expocentr.ru/ru/exhibitions/f33d045e-98f8-11ef-80ce-a0d3c1fab97f/exhibitors/382516?stand=7B182";"SOUTHERN CROWN (SHANGHAI) CO. LTD";"https://www.metobr-expo.ru/";"+86 13321903006";"sales@inotech.cn";"Китай"
"https://icatalog.expocentr.ru/ru/exhibitions/f33d045e-98f8-11ef-80ce-a0d3c1fab97f/exhibitors/382166?stand=14E160";"SPK GROUP";"http://www.ur-spk.ru/";"+7 (343) 351-3054";"info@ur-spk.ru";"Россия"
"https://icatalog.expocentr.ru/ru/exhibitions/f33d045e-98f8-11ef-80ce-a0d3c1fab97f/exhibitors/383296?stand=14C215";"STANDY SMART CO. LTD";"http://www.standycnc.com/";"+86 0752-8269059";"standy@standycnc.com";"Китай"
"https://icatalog.expocentr.ru/ru/exhibitions/f33d045e-98f8-11ef-80ce-a0d3c1fab97f/exhibitors/382682?stand=14C272";"SUNSHINE MACHINERY CO. LTD";"http://www.ishan.com.cn/";"+86 0573-88112730";"export@ishan.com.cn";"Китай"
"https://icatalog.expocentr.ru/ru/exhibitions/f33d045e-98f8-11ef-80ce-a0d3c1fab97f/exhibitors/382504?stand=14E220";"SUNTAY MACHINERY TECHNOLOGY CO. LTD";"http://www.suntaymachine.com/";"+86 555-6768339";"Info@suntaymachine.com";"Китай"
"https://icatalog.expocentr.ru/ru/exhibitions/f33d045e-98f8-11ef-80ce-a0d3c1fab97f/exhibitors/382503?stand=7B152";"SUPSTEED PRECISION TOOLS CO. LTD";"http://www.ssendmill.com/";"+86 13585350839";"alvin@ssendmill.com";"Китай"
"https://icatalog.expocentr.ru/ru/exhibitions/f33d045e-98f8-11ef-80ce-a0d3c1fab97f/exhibitors/382465?stand=8H070";"SURFACE FINISHING EQP CO.";"http://www.sfecindia.net/";"+91 9829921925";"info@surfexindia.com";"Индия"
"https://icatalog.expocentr.ru/ru/exhibitions/f33d045e-98f8-11ef-80ce-a0d3c1fab97f/exhibitors/382261?stand=5B036";"SUZHOU BATERCON AUTOMATION TECHNOLOGY CO. LTD";"http://www.baterconauto.com/";"+86 13626197298";"wendy@baterconauto.com";"Китай"
"https://icatalog.expocentr.ru/ru/exhibitions/f33d045e-98f8-11ef-80ce-a0d3c1fab97f/exhibitors/382558?stand=14E225";"SUZHOU CHIRUI MECHANICAL & ELECTRICAL TECHNOLOGY CO. LTD";"http://www.chiruitech.com/";"+86 18913747838";"chiruilasercleaning@gmail.com";"Китай"
"https://icatalog.expocentr.ru/ru/exhibitions/f33d045e-98f8-11ef-80ce-a0d3c1fab97f/exhibitors/383640?stand=15D206";"SUZHOU CITY HERUI ROLL FORMING TECHNOLOGY CO. LTD";"http://www.hr-rollforming.com/";"+86 15306246188";"info@hr-follforming.com";"Китай"
"https://icatalog.expocentr.ru/ru/exhibitions/f33d045e-98f8-11ef-80ce-a0d3c1fab97f/exhibitors/382674?stand=8H100";"SUZHOU DINENG PRECISION TOOLS CO. LTD";"http://www.jsdineng.com/";"+86 13926180340";"sales01@dnsuperabrasives.com";"Китай"
"https://icatalog.expocentr.ru/ru/exhibitions/f33d045e-98f8-11ef-80ce-a0d3c1fab97f/exhibitors/383292?stand=15C176";"SUZHOU ECOD PRECISION MANUFACTURING CO. LTD";"http://www.ecodcn.com/";"+86 13776010404";"dolphin@ecodcn.com";"Китай"
"https://icatalog.expocentr.ru/ru/exhibitions/f33d045e-98f8-11ef-80ce-a0d3c1fab97f/exhibitors/383596?stand=15B253";"SUZHOU HANKRAY INTERNATIONAL CO. LTD";"http://www.hankray.com/";"+86 13305205611";"13305205611@163.com";"Китай"
"https://icatalog.expocentr.ru/ru/exhibitions/f33d045e-98f8-11ef-80ce-a0d3c1fab97f/exhibitors/383225?stand=8G160";"SUZHOU HEIMAT PRECISION MACHINERY CO. LTD";"http://www.szhengmai.com/";"+86 18118122885 +86-13218862929";"joy.qian@szhengmai.com/quhuaming@szhengmai.com";"Китай"
"https://icatalog.expocentr.ru/ru/exhibitions/f33d045e-98f8-11ef-80ce-a0d3c1fab97f/exhibitors/382557?stand=8F114";"SUZHOU HEMEIDA TECHNOLOGY CO. LTD";"http://www.hmdcn.cn/";"+86 18351035860";"daijianwei@hmdchina.net";"Китай"
"https://icatalog.expocentr.ru/ru/exhibitions/f33d045e-98f8-11ef-80ce-a0d3c1fab97f/exhibitors/382476?stand=8D115";"SUZHOU JIUBEN MACHINERY MANUFACTURING CO. LTD";"https://www.metobr-expo.ru/";"+86 13913512821";"careway@china.com";"Китай"
"https://icatalog.expocentr.ru/ru/exhibitions/f33d045e-98f8-11ef-80ce-a0d3c1fab97f/exhibitors/382512?stand=8F140";"SUZHOU MINGSIDA IMPORT AND EXPORT TRADING CP. LTD";"http://www.777msd.com/";"+86 15995804709";"15995804709@163.com";"Китай"
"https://icatalog.expocentr.ru/ru/exhibitions/f33d045e-98f8-11ef-80ce-a0d3c1fab97f/exhibitors/382565?stand=14E252";"SUZHOU MYT CNC MACHINE CO. LTD";"https://www.mytcnc.com/";"+86 15951670606";"sales@mytmachine.com";"Китай"
"https://icatalog.expocentr.ru/ru/exhibitions/f33d045e-98f8-11ef-80ce-a0d3c1fab97f/exhibitors/382395?stand=15A195";"SUZHOU SET INDUSTRIAL EQUIPMENT SYSTEM CO. LTD";"http://www.set-suyide.com/";"+86-512-65103512";"Sales2@set-sz.com";"Китай"
"https://icatalog.expocentr.ru/ru/exhibitions/f33d045e-98f8-11ef-80ce-a0d3c1fab97f/exhibitors/382648?stand=8F116";"SUZHOU TOYAR MACHINERY CO. LTD";"https://www.metobr-expo.ru/";"+86 15262321728";"ksdt_david@163.com";"Китай"
"https://icatalog.expocentr.ru/ru/exhibitions/f33d045e-98f8-11ef-80ce-a0d3c1fab97f/exhibitors/383556?stand=14C072";"SUZHOU WEIPRAY LASER INTELLIGENT EQUIPMENT CO. LTD";"http://wprjg.com/";"+86 15106246151";"carlos@wprjg.com";"Китай"
"https://icatalog.expocentr.ru/ru/exhibitions/f33d045e-98f8-11ef-80ce-a0d3c1fab97f/exhibitors/382871?stand=15B263";"SUZHOU ZOYO INDUSTRIAL EQUIPMENT CO. LTD";"http://www.zohomachinery.com/";"+86 13451976405";"anthony@zohomachinery.com";"Китай"
"https://icatalog.expocentr.ru/ru/exhibitions/f33d045e-98f8-11ef-80ce-a0d3c1fab97f/exhibitors/382752?stand=6D070";"TACTIC";"https://tactic-tool.ru/";"8 800 333-1423";"sales@tactic-tool.ru";"Россия"
"https://icatalog.expocentr.ru/ru/exhibitions/f33d045e-98f8-11ef-80ce-a0d3c1fab97f/exhibitors/382435?stand=8E136";"TAI ZHOU YITAKE MACHINERY CO. LTD";"http://www.china-yiying.com/";"+86 576 83310638";"sales@china-yiying.com";"Китай"
"https://icatalog.expocentr.ru/ru/exhibitions/f33d045e-98f8-11ef-80ce-a0d3c1fab97f/exhibitors/382494?stand=7B186";"TAIZHOU CASSAR PRECISION TOOLS CO. LTD";"http://www.cassartools.com/";"+86 576-86970081";"max@cassartools.com";"Китай"
"https://icatalog.expocentr.ru/ru/exhibitions/f33d045e-98f8-11ef-80ce-a0d3c1fab97f/exhibitors/382263?stand=7C166";"TAIZHOU HARMOWEALTH PRECISION TOOLS CO. LTD";"https://harmowealth.en.alibaba.com/";"+86 18257632966";"harmowealth@gmail.com";"Китай"
"https://icatalog.expocentr.ru/ru/exhibitions/f33d045e-98f8-11ef-80ce-a0d3c1fab97f/exhibitors/382574?stand=7A100";"TAIZHOU HONGYI PRECISION TOOLS CO. LTD";"http://www.hywilson.com/";"+86 18057615999";"susu@hywilson.com";"Китай"
"https://icatalog.expocentr.ru/ru/exhibitions/f33d045e-98f8-11ef-80ce-a0d3c1fab97f/exhibitors/382705?stand=7B056";"TAIZHOU KELITE TOOLS CO. LTD";"http://www.kelite.cc/";"+86 576-86990388";"Kelite.sales@outlook.com";"Китай"
"https://icatalog.expocentr.ru/ru/exhibitions/f33d045e-98f8-11ef-80ce-a0d3c1fab97f/exhibitors/382513?stand=8E120";"TAIZHOU LIANGGONG CNC TOOL CO. LTD";"http://www.kpld.net/";"+86 13676665118";"981722222@qq.com";"Китай"
"https://icatalog.expocentr.ru/ru/exhibitions/f33d045e-98f8-11ef-80ce-a0d3c1fab97f/exhibitors/382924?stand=7B135";"TAIZHOU RUIAN CEMENTED CARBIDE TOOLS CO. LTD";"https://cn.tzruian.com/";"+86 0576-81651888-8017";"sales1@tzruian.com";"Китай"
"https://icatalog.expocentr.ru/ru/exhibitions/f33d045e-98f8-11ef-80ce-a0d3c1fab97f/exhibitors/382631?stand=7B140";"TAIZHOU SHAOSHI TOOLS CO. LTD";"http://www.shaoshitools.com/";"+86 13305860560";"Shaoshi@shaoshitools.com";"Китай"
"https://icatalog.expocentr.ru/ru/exhibitions/f33d045e-98f8-11ef-80ce-a0d3c1fab97f/exhibitors/382652?stand=15D208";"TAIZHOU TERUI CNC MACHINE CO. LTD";"http://www.teruimachine.com/";"+86 15850870508";"jack@teruimachine.com";"Китай"
"https://icatalog.expocentr.ru/ru/exhibitions/f33d045e-98f8-11ef-80ce-a0d3c1fab97f/exhibitors/382877?stand=8E122";"TAIZHOU XITONG TOOL CO. LTD";"http://www.xi-tong.com/";"+86 13906867811";"elim@xi-tong.com";"Китай"
"https://icatalog.expocentr.ru/ru/exhibitions/f33d045e-98f8-11ef-80ce-a0d3c1fab97f/exhibitors/382635?stand=7A160";"TAIZHOU YINLK TOOLS CO. LTD";"http://www.yinlk.cn/";"+86 18958534400";"yinlk@yinlk.cn";"Китай"
"https://icatalog.expocentr.ru/ru/exhibitions/f33d045e-98f8-11ef-80ce-a0d3c1fab97f/exhibitors/383352?stand=6B080";"TEKN?K MAK?NA ?MALAT SAN. VE T?C. LTD. ?T?.";"http://www.teknikcuttingtools.com/";"+90 332 345 08 45";"info@teknikcuttingtools.com";"Турция"
"https://icatalog.expocentr.ru/ru/exhibitions/f33d045e-98f8-11ef-80ce-a0d3c1fab97f/exhibitors/382540?stand=15A270";"TENGZHOU BORUI CNC MACHINE TOOL CO. LTD";"http://www.boruimc.com/";"+86 632-5658761";"hemingway@tzborui.cn";"Китай"
"https://icatalog.expocentr.ru/ru/exhibitions/f33d045e-98f8-11ef-80ce-a0d3c1fab97f/exhibitors/383232?stand=15E170";"TENGZHOU WELLON MACHINERY CO. LTD";"http://www.wellonmachinery.com/";"+86 1396947308";"info@wellonmachinery.com";"Китай"
"https://icatalog.expocentr.ru/ru/exhibitions/f33d045e-98f8-11ef-80ce-a0d3c1fab97f/exhibitors/382715?stand=14C250";"TIANJIN HUAQUAN INTELLIGENT COATING EQUIPMENT CO. LTD";"http://www.tjhqzn.com/";"+86 13302190539";"huaquan@tjhqzn.com";"Китай"
"https://icatalog.expocentr.ru/ru/exhibitions/f33d045e-98f8-11ef-80ce-a0d3c1fab97f/exhibitors/382472?stand=15B246";"TIM GROWING BEARING (ZHEJIANG) CO. LTD";"http://www.timgbearing.com/";"+86 0572-5666539";"liuchiauwen@timg.com.tw";"Китай"
"https://icatalog.expocentr.ru/ru/exhibitions/f33d045e-98f8-11ef-80ce-a0d3c1fab97f/exhibitors/382185?stand=15A100";"TL TECHNOLOGY";"https://finist.pro/";"+7 (495) 105-9474";"info@finist.pro";"Россия"
"https://icatalog.expocentr.ru/ru/exhibitions/f33d045e-98f8-11ef-80ce-a0d3c1fab97f/exhibitors/383373?stand=6B050";"TOPUZ ?MALAT SAN. VE T?C. LTD. ?T?.";"http://www.topuzltd.com/";"+90 2422580268";"uraltopuz@topuzltd.com";"Турция"
"https://icatalog.expocentr.ru/ru/exhibitions/f33d045e-98f8-11ef-80ce-a0d3c1fab97f/exhibitors/382749?stand=5C032";"TOR Robots";"https://www.tor-robots.ru/";"+7 (960) 275-5500";"ryzhova@tor-robots.ru";"Россия"
"https://icatalog.expocentr.ru/ru/exhibitions/f33d045e-98f8-11ef-80ce-a0d3c1fab97f/exhibitors/383521?stand=8B040";"UNIVERSUM GROUP";"https://untec.ru/";"8 800 555-9311";"alesia.letunovich@yandex.ru";"Россия"
"https://icatalog.expocentr.ru/ru/exhibitions/f33d045e-98f8-11ef-80ce-a0d3c1fab97f/exhibitors/383618?stand=15D226";"VELA WINDS EQUIPMENT CO. LTD";"https://www.metobr-expo.ru/";"+86 13552181290";"florafeng93@163.com";"Китай"
"https://icatalog.expocentr.ru/ru/exhibitions/f33d045e-98f8-11ef-80ce-a0d3c1fab97f/exhibitors/382471?stand=7B196";"VJS SAW INDUSTRY TECHNOLOGY (JIANGSU) CO. LTD";"https://vjssaw.com/";"+86 18018153999";"gp@vjssaw.com";"Китай"
"https://icatalog.expocentr.ru/ru/exhibitions/f33d045e-98f8-11ef-80ce-a0d3c1fab97f/exhibitors/383302?stand=7B185";"WEIFANG KANGHENG IMPORT AND EXPORT CO. LTD";"http://www.jsyzsk.com/";"+86 514-86828200";"yingxiao@yizhong.cc";"Китай"
"https://icatalog.expocentr.ru/ru/exhibitions/f33d045e-98f8-11ef-80ce-a0d3c1fab97f/exhibitors/382164?stand=5C090";"WeldExpert";"http://www.weld-expert.com/";"8 800 600-7802";"mailbox@weld-expert.com";"Россия"
"https://icatalog.expocentr.ru/ru/exhibitions/f33d045e-98f8-11ef-80ce-a0d3c1fab97f/exhibitors/382894?stand=14B240";"WENLING DAJING MOULD CO. LTD";"http://www.dajingmould.com/";"+86 15990568092";"dajingmould@163.com";"Китай"
"https://icatalog.expocentr.ru/ru/exhibitions/f33d045e-98f8-11ef-80ce-a0d3c1fab97f/exhibitors/382881?stand=7B057";"WENLING YONGXIN TOOLS CO. LTD";"http://www.yx-tool.com/";"+86 13736261920";"sales1@yx-tool.com";"Китай"
"https://icatalog.expocentr.ru/ru/exhibitions/f33d045e-98f8-11ef-80ce-a0d3c1fab97f/exhibitors/382362?stand=3E010";"WINNUM";"http://www.winnum.ru/";"+7 (495) 369-1270";"marketing@winnum.ru";"Россия"
"https://icatalog.expocentr.ru/ru/exhibitions/f33d045e-98f8-11ef-80ce-a0d3c1fab97f/exhibitors/383439?stand=14E260";"WINSTECH PRECISION HOLDING CO. LTD";"http://www.winstechfield.com/";"+86 13412326287";"winstech_02@winstechfield.com";"Китай"
"https://icatalog.expocentr.ru/ru/exhibitions/f33d045e-98f8-11ef-80ce-a0d3c1fab97f/exhibitors/382720?stand=7C114";"WINTEND (CHANGZHOU) PRECISION CUTTING TOOL TECHNOLOGY CO. LTD";"http://www.wintend.com.cn/";"+86 13775619151";"fang.zang@wstools.com";"Китай"
"https://icatalog.expocentr.ru/ru/exhibitions/f33d045e-98f8-11ef-80ce-a0d3c1fab97f/exhibitors/382629?stand=15B110";"WMT CNC INDUSTRIAL CO. LTD";"http://www.cncwmt.com/";"+86 566 2091958";"sunny@wellmachtool.com";"Китай"
"https://icatalog.expocentr.ru/ru/exhibitions/f33d045e-98f8-11ef-80ce-a0d3c1fab97f/exhibitors/383308?stand=15C234";"WU XI VOLIS PRECISION MACHINE CO. LTD";"http://www.volis-spindles.com/";"+86 0510-83765809";"71371224@qq.com";"Китай"
"https://icatalog.expocentr.ru/ru/exhibitions/f33d045e-98f8-11ef-80ce-a0d3c1fab97f/exhibitors/382930?stand=15A200";"WUHAN HENGYU CONTROL SYSTEM ENGINEERING CO. LTD";"https://www.metobr-expo.ru/";"";"735914954@163.com";"Китай"
"https://icatalog.expocentr.ru/ru/exhibitions/f33d045e-98f8-11ef-80ce-a0d3c1fab97f/exhibitors/382701?stand=14D265";"WUHAN XUNMA LASER EQUIPMENT CO. LTD";"https://www.xunmalaserwuhan.com/";"+86 18164021758";"Jack@xunmalaserwuhan.com";"Китай"
"https://icatalog.expocentr.ru/ru/exhibitions/f33d045e-98f8-11ef-80ce-a0d3c1fab97f/exhibitors/382437?stand=15C270";"WUXI CHANGYI MACHINE TOOL CO. LTD";"https://www.chinagrinding.ru/";"+86 15852736128";"export_changyi@126.com";"Китай"
"https://icatalog.expocentr.ru/ru/exhibitions/f33d045e-98f8-11ef-80ce-a0d3c1fab97f/exhibitors/382416?stand=15A205";"WUXI DAYA TECHNOLOGY CO. LTD";"https://www.qiaosenpresses.com/";"+86 13912385170";"sales@qiaosenpresses.com";"Китай"
"https://icatalog.expocentr.ru/ru/exhibitions/f33d045e-98f8-11ef-80ce-a0d3c1fab97f/exhibitors/382680?stand=14B230";"WUXI HANSHEN ELECTRIC JOINT-STOCK CO. LTD";"http://www.hanshenweld.com/";"+86 13812538595";"waimao@hanshen.com.cn";"Китай"
"https://icatalog.expocentr.ru/ru/exhibitions/f33d045e-98f8-11ef-80ce-a0d3c1fab97f/exhibitors/382377?stand=14C252";"WUXI LIYANG LASER TECHNOLOGY CO. LTD";"http://www.leyoung.cc/";"+86 18036057891";"info@leyoung.cc";"Китай"
"https://icatalog.expocentr.ru/ru/exhibitions/f33d045e-98f8-11ef-80ce-a0d3c1fab97f/exhibitors/383486?stand=5A016";"WUXI RONNIEWELL MACHINERY EQUIPMENT CO. LTD";"http://www.ronniewell.com/";"+86 510-83050580";"sale@ronniewell.com";"Китай"
"https://icatalog.expocentr.ru/ru/exhibitions/f33d045e-98f8-11ef-80ce-a0d3c1fab97f/exhibitors/382880?stand=14E221";"WUXI SHENCHONG FORGING MACHINE CO. LTD";"http://www.shenchong.com/";"+86 510 83953883";"info@shenchong.com";"Китай"
"https://icatalog.expocentr.ru/ru/exhibitions/f33d045e-98f8-11ef-80ce-a0d3c1fab97f/exhibitors/383495?stand=14D212";"WUXI SHUNJUNCHANG NEW MATERIAL TECHNOLOGY CO. LTD";"https://www.metobr-expo.ru/";"+86 0510 8530 0909";"sales@wxbrasswire.com";"Китай"
"https://icatalog.expocentr.ru/ru/exhibitions/f33d045e-98f8-11ef-80ce-a0d3c1fab97f/exhibitors/383307?stand=14E274";"WUXI ZONTAI INT'L CORPORATION LTD";"http://www.sundektool.com/";"+86 0510-88530059";"sales@sundektool.com";"Китай"
"https://icatalog.expocentr.ru/ru/exhibitions/f33d045e-98f8-11ef-80ce-a0d3c1fab97f/exhibitors/382345?stand=3C075";"X-MACHINERY";"http://www.xmachinery.ru/";"+7 (912) 850-0164";"info@xmachinary.ru";"Россия"
"https://icatalog.expocentr.ru/ru/exhibitions/f33d045e-98f8-11ef-80ce-a0d3c1fab97f/exhibitors/382914?stand=8D103";"XI'AN DONGLONG PRECISION TOOLS CO. LTD";"http://www.dltoolings.com/";"+86 29-8453 3180";"dlsales006@dltoolings.com";"Китай"
"https://icatalog.expocentr.ru/ru/exhibitions/f33d045e-98f8-11ef-80ce-a0d3c1fab97f/exhibitors/382875?stand=15B198";"XI'AN SIDEBYSIDE TECHNOLOGY CO. LTD";"http://www.sidebyside.com.cn/";"+86 29 68300940";"Sales@sidebyside.com.cn";"Китай"
"https://icatalog.expocentr.ru/ru/exhibitions/f33d045e-98f8-11ef-80ce-a0d3c1fab97f/exhibitors/382925?stand=14D214";"XIAMEN DINGRONGYAN TECHNOLOGY CO. LTD";"http://www.jaguarcompressors.com/";"+86 13860179845";"maggie@jaguar-compressor.com";"Китай"
"https://icatalog.expocentr.ru/ru/exhibitions/f33d045e-98f8-11ef-80ce-a0d3c1fab97f/exhibitors/382543?stand=7B220";"XINSHENG INTERNATIONAL TRADE CO. LTD";"http://www.257saw.com/";"+86 18611137157";"257saws@gmail.com";"Китай"
"https://icatalog.expocentr.ru/ru/exhibitions/f33d045e-98f8-11ef-80ce-a0d3c1fab97f/exhibitors/382264?stand=15D220";"XINXIANG SUNRISE CNC BEARING EQUIPMENT CO. LTD";"http://www.xxrs-cnc.com/";"+86 3735835000";"sales@xxrs.com";"Китай"
"https://icatalog.expocentr.ru/ru/exhibitions/f33d045e-98f8-11ef-80ce-a0d3c1fab97f/exhibitors/383478?stand=14D250";"YANGLI GROUP CO. LTD";"http://www.yangli.com/";"+86 15000030806";"Ji.li@yangli.com";"Китай"
"https://icatalog.expocentr.ru/ru/exhibitions/f33d045e-98f8-11ef-80ce-a0d3c1fab97f/exhibitors/382388?stand=15A170";"YANGZHOU EURO OCEAN IMP & EXP CO. LTD";"http://www.toptech.cn/";"+86 514 82085020";"betty@toptechmachine.cn";"Китай"
"https://icatalog.expocentr.ru/ru/exhibitions/f33d045e-98f8-11ef-80ce-a0d3c1fab97f/exhibitors/382714?stand=14C240";"YANGZHOU MIVI MACHINERY MANUFACTURING CO. LTD";"https://www.mivimachine.com/";"+86 13373673789";"mivi@mivigroup.com";"Китай"
"https://icatalog.expocentr.ru/ru/exhibitions/f33d045e-98f8-11ef-80ce-a0d3c1fab97f/exhibitors/382445?stand=7B190";"YANTAI FULLOVE CUTTING TOOLS CO. LTD";"http://fullovetools.com/";"+86 535 6107627";"info@fullovetools.com";"Китай"
"https://icatalog.expocentr.ru/ru/exhibitions/f33d045e-98f8-11ef-80ce-a0d3c1fab97f/exhibitors/382518?stand=15B200";"YANTAI HAIGE INTERNATIONAL TRADING CO. LTD";"https://en.haigechina.com/";"+86 535-6726618";"jingping.ren@haigechina.com";"Китай"
"https://icatalog.expocentr.ru/ru/exhibitions/f33d045e-98f8-11ef-80ce-a0d3c1fab97f/exhibitors/382487?stand=8F090";"YANTAI UNIVERSAL MACHINE TOOL EQUIPMENT CO. LTD";"http://www.yt-ma.com/";"+86 535-6522176";"ytum@vip.163.com";"Китай"
"https://icatalog.expocentr.ru/ru/exhibitions/f33d045e-98f8-11ef-80ce-a0d3c1fab97f/exhibitors/382044?stand=14F012";"YESTOOL CO. LTD";"https://www.metobr-expo.ru/";"";"";"Республика Корея"
"https://icatalog.expocentr.ru/ru/exhibitions/f33d045e-98f8-11ef-80ce-a0d3c1fab97f/exhibitors/382328?stand=8D090";"YI XIN PRECISION METAL & PLASTIC LTD";"http://www.ympcnc.com/";"+86 075527566993";"ymp002@ymp.com.hk";"Китай"
"https://icatalog.expocentr.ru/ru/exhibitions/f33d045e-98f8-11ef-80ce-a0d3c1fab97f/exhibitors/383409?stand=14C158";"YILMAZ REDUKTOR SANAYI VE TIC. A.S";"https://yr.com.tr/";"+90 2128869000";"emrah@yr.com.tr";"Турция"
"https://icatalog.expocentr.ru/ru/exhibitions/f33d045e-98f8-11ef-80ce-a0d3c1fab97f/exhibitors/383223?stand=8C100";"YUEYI PRECISION TECHNOLOGY (GUANGDONG) CO. LTD";"http://www.yueyiok.com/";"+86 18575409442";"morrii@yueyicnc.com";"Китай"
"https://icatalog.expocentr.ru/ru/exhibitions/f33d045e-98f8-11ef-80ce-a0d3c1fab97f/exhibitors/382591?stand=8E110";"YUHUAN CLANGSONIC ULTRASONIC CO. LTD";"http://www.clangsonic.com/";"+86 (0576) 87276622";"info@clangsonic.com";"Китай"
"https://icatalog.expocentr.ru/ru/exhibitions/f33d045e-98f8-11ef-80ce-a0d3c1fab97f/exhibitors/382588?stand=15D236";"YUHUAN JINGQIANG MACHINE TOOL FACTORY";"http://www.jqmachinetool.com/";"+86 1377762182";"yanghaojie15@gmail.com";"Китай"
"https://icatalog.expocentr.ru/ru/exhibitions/f33d045e-98f8-11ef-80ce-a0d3c1fab97f/exhibitors/383313?stand=14E090";"ZAOZHUANG WOJIE CNC MACHINERY CO. LTD";"https://www.wojiemc.com/";"+86 15588241112";"wendy@wojiecnc.com";"Китай"
"https://icatalog.expocentr.ru/ru/exhibitions/f33d045e-98f8-11ef-80ce-a0d3c1fab97f/exhibitors/382625?stand=6D090";"ZCCCT";"http://www.zccct.com/";"+86 731 22889050";"export@zccct.com";"Китай"
"https://icatalog.expocentr.ru/ru/exhibitions/f33d045e-98f8-11ef-80ce-a0d3c1fab97f/exhibitors/382596?stand=15C240";"ZHANGJIAGANG BAORUI MACHINERY CO. LTD";"https://www.baoruimachine.com/";"+86 15250372399";"jenny.yang@kingstarbending.com";"Китай"
"https://icatalog.expocentr.ru/ru/exhibitions/f33d045e-98f8-11ef-80ce-a0d3c1fab97f/exhibitors/382868?stand=8H090";"ZHANGJIAGANG BONDED ZONE HUANATOOLS CO. LTD";"https://huanatools.com/";"+86 512-58125855";"michael@huanatools.com";"Китай"
"https://icatalog.expocentr.ru/ru/exhibitions/f33d045e-98f8-11ef-80ce-a0d3c1fab97f/exhibitors/382254?stand=15D224";"ZHANGJIAGANG CITY SAIBO SCIENCE & TECHNOLOGY CO. LTD";"http://www.sbjx.com/";"+86 51258162333";"sbjx@sbjx.com";"Китай"
"https://icatalog.expocentr.ru/ru/exhibitions/f33d045e-98f8-11ef-80ce-a0d3c1fab97f/exhibitors/382594?stand=14B100";"ZHANGJIAGANG CITY ZHANGYUN MACHINERY MANUFACTURING CO. LTD";"http://www.zyjxzz.com/";"+86 13812988858";"info@zyjxzz.com";"Китай"
"https://icatalog.expocentr.ru/ru/exhibitions/f33d045e-98f8-11ef-80ce-a0d3c1fab97f/exhibitors/382921?stand=14B102";"ZHANGJIAGANG HESHUN MACHINERY MANUFACTURE CO. LTD";"https://www.hsformer.com/";"+86 512 58622076";"heshun@heshunjx.com";"Китай"
"https://icatalog.expocentr.ru/ru/exhibitions/f33d045e-98f8-11ef-80ce-a0d3c1fab97f/exhibitors/382905?stand=14B238";"ZHANGJIAGANG LIYE MACHINERY CO. LTD";"http://www.lymmachine.com/";"+86 512 56395618";"liye@liyemachine.com";"Китай"
"https://icatalog.expocentr.ru/ru/exhibitions/f33d045e-98f8-11ef-80ce-a0d3c1fab97f/exhibitors/383530?stand=15C206";"ZHEJIANG BEIYI MECHANICAL CO. LTD";"http://www.zjbyjd.com/";"+86 18857696060";"zjlushi@163.com";"Китай"
"https://icatalog.expocentr.ru/ru/exhibitions/f33d045e-98f8-11ef-80ce-a0d3c1fab97f/exhibitors/382885?stand=8E094";"ZHEJIANG BOLLY SAW INDUSTRY CO. LTD";"http://www.bolly-saw.com/";"+86 0578-3559819";"long@bolly-saw.com";"Китай"
"https://icatalog.expocentr.ru/ru/exhibitions/f33d045e-98f8-11ef-80ce-a0d3c1fab97f/exhibitors/382889?stand=15C250";"ZHEJIANG CHENDIAO MACHINERY CO. LTD";"http://www.zjsdsaw.com/";"+86 0578-3157916";"zjsd@zjsd.com";"Китай"
"https://icatalog.expocentr.ru/ru/exhibitions/f33d045e-98f8-11ef-80ce-a0d3c1fab97f/exhibitors/382891?stand=8C124";"ZHEJIANG CHIYANG PRECISION TOOLS CO. LTD";"http://www.cyjmgj.com/";"+86 15858618642";"1420093143@qq.com";"Китай"
"https://icatalog.expocentr.ru/ru/exhibitions/f33d045e-98f8-11ef-80ce-a0d3c1fab97f/exhibitors/382541?stand=15B240";"ZHEJIANG CHR INTELLIGENT EQUIPMENT CO. LTD";"http://www.chr.china.cn/";"+86 578-3160016";"chr.group@chrmachine.cn";"Китай"
"https://icatalog.expocentr.ru/ru/exhibitions/f33d045e-98f8-11ef-80ce-a0d3c1fab97f/exhibitors/382646?stand=15B221";"ZHEJIANG GUANXINHONG INTELLIGENT TECHNOLOGY CO. LTD";"http://www.baixuchenrotarytables.com/";"+86 576-88033027";"sales@baixuchenrotarytables.com";"Китай"
"https://icatalog.expocentr.ru/ru/exhibitions/f33d045e-98f8-11ef-80ce-a0d3c1fab97f/exhibitors/382424?stand=15A210";"ZHEJIANG HANDA MACHINERY CO. LTD";"http://www.tarwitmachine.com/";"+86 578-3558200";"reeker.hu@zjhanda.com";"Китай"
"https://icatalog.expocentr.ru/ru/exhibitions/f33d045e-98f8-11ef-80ce-a0d3c1fab97f/exhibitors/382912?stand=7B170";"ZHEJIANG IVKE MACHINERY & TECHNOLOGY CO. LTD";"http://www.ivke.cc/";"+86 158 67092699";"machine@ivke.ltd";"Китай"
"https://icatalog.expocentr.ru/ru/exhibitions/f33d045e-98f8-11ef-80ce-a0d3c1fab97f/exhibitors/382434?stand=8E133";"ZHEJIANG JINGJIU BEARINGS INDUSTRIAL CO. LTD";"http://www.jjbearings.com/";"+86-578-2662280";"2662283@jjbearings.com";"Китай"
"https://icatalog.expocentr.ru/ru/exhibitions/f33d045e-98f8-11ef-80ce-a0d3c1fab97f/exhibitors/382626?stand=8C095";"ZHEJIANG LINKAI TECHNOLOGY CO. LTD";"http://www.zhejianghlinkai.com/";"+86 13906635228";"272143379@qq.com";"Китай"
"https://icatalog.expocentr.ru/ru/exhibitions/f33d045e-98f8-11ef-80ce-a0d3c1fab97f/exhibitors/382562?stand=14B236";"ZHEJIANG MARKWAY MACHINERY CO. LTD";"http://www.markeway.com/";"+86 0576-88026111";"makewei0011@163.com";"Китай"
"https://icatalog.expocentr.ru/ru/exhibitions/f33d045e-98f8-11ef-80ce-a0d3c1fab97f/exhibitors/382883?stand=7B058";"ZHEJIANG MEKOL TOOLS CO. LTD";"http://www.zjmeike.cn/";"+86 0576-86972258";"240242836@qq.com";"Китай"
"https://icatalog.expocentr.ru/ru/exhibitions/f33d045e-98f8-11ef-80ce-a0d3c1fab97f/exhibitors/383334?stand=8D120";"ZHEJIANG PENGYIN TECHNOLOGY DEVELOPMENT CO. LTD";"http://www.pyglinear.com/";"+86 19957316660";"sales01@pyglinear.com";"Китай"
"https://icatalog.expocentr.ru/ru/exhibitions/f33d045e-98f8-11ef-80ce-a0d3c1fab97f/exhibitors/382550?stand=15A114";"ZHEJIANG QIZHI MOTOR CO. LTD";"http://www.qizhimotor.com/";"+86 13105697532";"sales03@qizhimotor.com";"Китай"
"https://icatalog.expocentr.ru/ru/exhibitions/f33d045e-98f8-11ef-80ce-a0d3c1fab97f/exhibitors/382544?stand=8F100";"ZHEJIANG SANKAI MECHANICAL AND ELECTRICAL CO. LTD";"https://www.zjskgr.com/";"+86 139 5866 9608";"sk@suncarve.com";"Китай"
"https://icatalog.expocentr.ru/ru/exhibitions/f33d045e-98f8-11ef-80ce-a0d3c1fab97f/exhibitors/382931?stand=15B115";"ZHEJIANG SHUANGZHENG TECHNOLOGY CO. LTD";"http://www.zjshuangzheng.com/";"+86 15958643558";"zjshuangzheng@163.com";"Китай"
"https://icatalog.expocentr.ru/ru/exhibitions/f33d045e-98f8-11ef-80ce-a0d3c1fab97f/exhibitors/382634?stand=7B176";"ZHEJIANG TAIXING INTELLIGENT EQUIPMENT CO. LTD";"http://www.zjtxzz.com/";"+86 576-86208003";"zjtxzzco@163.com";"Китай"
"https://icatalog.expocentr.ru/ru/exhibitions/f33d045e-98f8-11ef-80ce-a0d3c1fab97f/exhibitors/383227?stand=8D152";"ZHEJIANG WAXING ELECTROMECHANICAL CO. LTD";"http://www.wxingbearing.com/";"+86 15857360499";"sales@@wxingbearing.com";"Китай"
"https://icatalog.expocentr.ru/ru/exhibitions/f33d045e-98f8-11ef-80ce-a0d3c1fab97f/exhibitors/382583?stand=15B214";"ZHEJIANG WEILISHI MACHINE CO. LTD";"http://www.weilishisaw.com/";"+86 0578-3265005";"luu@weilishisaw.com";"Китай"
"https://icatalog.expocentr.ru/ru/exhibitions/f33d045e-98f8-11ef-80ce-a0d3c1fab97f/exhibitors/382489?stand=7B130";"ZHEJIANG XINXING TOOLS CO. LTD";"http://www.ch-tools.com/";"+86 573-86565798";"yqj@ch-tools.com";"Китай"
"https://icatalog.expocentr.ru/ru/exhibitions/f33d045e-98f8-11ef-80ce-a0d3c1fab97f/exhibitors/383498?stand=5F036";"ZHEJIANG YUGUANG ALUMINUM MATERIAL CO. LTD";"http://www.zjyuguang.com/";"+86 13566776045";"Nick@zjyuguang.com";"Китай"
"https://icatalog.expocentr.ru/ru/exhibitions/f33d045e-98f8-11ef-80ce-a0d3c1fab97f/exhibitors/382738?stand=7B136";"ZHEN JIANG JESDA IMPORT & EXPORT CO. LTD";"http://www.jesdatools.com/";"+86 511-85115250";"Info@jesdatools.com";"Китай"
"https://icatalog.expocentr.ru/ru/exhibitions/f33d045e-98f8-11ef-80ce-a0d3c1fab97f/exhibitors/382597?stand=15B192";"ZHENGZHOU GOU’S ELECTROMAGNETIC INDUCTION HEATING EQUIPMENT CO. LTD";"http://www.gslipai.com/";"+86 18839779311";"sophialee@gslipai.com";"Китай"
"https://icatalog.expocentr.ru/ru/exhibitions/f33d045e-98f8-11ef-80ce-a0d3c1fab97f/exhibitors/383466?stand=15C215";"ZHENGZHOU TIMEWAY MACHINE TOOL CO. LTD";"http://www.timewaymachine.com/";"+86 371-60973290";"sale@timewaymachine.com";"Китай"
"https://icatalog.expocentr.ru/ru/exhibitions/f33d045e-98f8-11ef-80ce-a0d3c1fab97f/exhibitors/382580?stand=7C110";"ZHENJIANG SCHARP MACHINERY TOOLS CO. LTD";"http://www.stctools.cn/";"+86 511 88798 218";"info@scharptools.com";"Китай"
"https://icatalog.expocentr.ru/ru/exhibitions/f33d045e-98f8-11ef-80ce-a0d3c1fab97f/exhibitors/382320?stand=14C246";"ZHONGPIN INTELLIGENT MACHINERY CO. LTD";"http://www.zpglaser.com/";"+86 18865909219";"bwj@jnpmsk.com";"Китай"
"https://icatalog.expocentr.ru/ru/exhibitions/f33d045e-98f8-11ef-80ce-a0d3c1fab97f/exhibitors/382929?stand=15B236";"ZHONGSHAN HENGZHEN METAL PRODUCTDS CO. LTD";"http://www.hprint.net.cn/";"+86 18023012966";"441790153@qq.com";"Китай"
"https://icatalog.expocentr.ru/ru/exhibitions/f33d045e-98f8-11ef-80ce-a0d3c1fab97f/exhibitors/382599?stand=14D104";"ZHONGYOU HEAVY INDUSTRY MACHINERY CO. LTD";"http://www.zhongyoupress.com/";"+86 15266165588";"tzzy886@chinazhongyou.cn";"Китай"
"https://icatalog.expocentr.ru/ru/exhibitions/f33d045e-98f8-11ef-80ce-a0d3c1fab97f/exhibitors/382913?stand=7C105";"ZHUZHOU APPLE CARBIDE TOOLS CO. LTD";"http://www.applecarbidetools.com/";"+86 731-28332431";"manager@applecarbide.com";"Китай"
"https://icatalog.expocentr.ru/ru/exhibitions/f33d045e-98f8-11ef-80ce-a0d3c1fab97f/exhibitors/382592?stand=7B160";"ZHUZHOU BARTU ELECTROMECHANICAL CO. LTD";"http://www.bart-carbide.com/";"+86 19873304092";"vivian@hl-yingrui.com";"Китай"
"https://icatalog.expocentr.ru/ru/exhibitions/f33d045e-98f8-11ef-80ce-a0d3c1fab97f/exhibitors/382600?stand=8F120";"ZHUZHOU BEIDE CUTTING TOOLS CO. LTD";"http://www.karbeide.com/";"+86 19973305839";"Sales05@karbeide.com";"Китай"
"https://icatalog.expocentr.ru/ru/exhibitions/f33d045e-98f8-11ef-80ce-a0d3c1fab97f/exhibitors/382636?stand=7A161";"ZHUZHOU BOYO HARD ALLOY CO. LTD";"http://www.zzboou.com/";"+86 731 22863098";"lancy@zzboou.com";"Китай"
"https://icatalog.expocentr.ru/ru/exhibitions/f33d045e-98f8-11ef-80ce-a0d3c1fab97f/exhibitors/382915?stand=8F105";"ZHUZHOU CHU STRONG TOOLS CO. LTD";"http://cstzz2017.en.made-in-china.com/";"+86 733-28221129";"cst@cstzz.cn";"Китай"
"https://icatalog.expocentr.ru/ru/exhibitions/f33d045e-98f8-11ef-80ce-a0d3c1fab97f/exhibitors/382555?stand=7C092";"ZHUZHOU GREWIN TUNGSTEN CARBIDE TOOLS CO. LTD";"https://www.coweecarbide.com/";"+86 18673327292";"info@gwcarbide.com";"Китай"
"https://icatalog.expocentr.ru/ru/exhibitions/f33d045e-98f8-11ef-80ce-a0d3c1fab97f/exhibitors/382560?stand=14C276";"ZHUZHOU HECHUANG MEDIUM-HIGH FREQUENCY EQUIPMENT CO. LTD";"https://vacuumsinteringfurnace.com/";"+86 15096383892,+86 13807416598";"Bei@vacuumsinteringfurnace.com";"Китай"
"https://icatalog.expocentr.ru/ru/exhibitions/f33d045e-98f8-11ef-80ce-a0d3c1fab97f/exhibitors/382654?stand=6D020";"ZHUZHOU HUARUI PRECISION CUTTING TOOLS CO. LTD";"http://www.huareal.com.cn/";"+86 0731-22286602";"sales@huareal.com.cn";"Китай"
"https://icatalog.expocentr.ru/ru/exhibitions/f33d045e-98f8-11ef-80ce-a0d3c1fab97f/exhibitors/382692?stand=7A095";"ZHUZHOU HUAXIN IMPORT AND EXPORT TRADING CO. LTD";"http://zzhxct.com/";"+86 19021270669";"sales@zzhxct.com";"Китай"
"https://icatalog.expocentr.ru/ru/exhibitions/f33d045e-98f8-11ef-80ce-a0d3c1fab97f/exhibitors/383234?stand=8G150";"ZHUZHOU JINXIN CEMENTED CARBIDE GROUP CO. LTD";"https://www.jxtungsten.com/";"+86 19173384959";"sales@jxcarbide.com";"Китай"
"https://icatalog.expocentr.ru/ru/exhibitions/f33d045e-98f8-11ef-80ce-a0d3c1fab97f/exhibitors/382870?stand=7B055";"ZHUZHOU KUNRUI CARBIDE CO. LTD";"http://www.zzkrhj.com/";"+86 0731-27276838";"kunrui@zzkrhj.com";"Китай"
"https://icatalog.expocentr.ru/ru/exhibitions/f33d045e-98f8-11ef-80ce-a0d3c1fab97f/exhibitors/382903?stand=8C110";"ZHUZHOU LIZHOU CEMENTED CARBIDE CO. LTD";"http://www.lzcarbide.com/";"+86 18073322720";"sales@lzcarbide.com";"Китай"
"https://icatalog.expocentr.ru/ru/exhibitions/f33d045e-98f8-11ef-80ce-a0d3c1fab97f/exhibitors/382693?stand=14D210";"ZHUZHOU RUIDEER INTELLIGENT THERMAL EQUIPMENT CO. LTD";"http://www.rdefurnace.com/";"+86 16673365810";"shirley.xiao@zzrde.com";"Китай"
"https://icatalog.expocentr.ru/ru/exhibitions/f33d045e-98f8-11ef-80ce-a0d3c1fab97f/exhibitors/382415?stand=7B100";"ZHUZHOU SANT CUTTING TOOLS CO. LTD";"http://www.hnsant.com/";"+86 18932130812";"asuka@hnsant.com";"Китай"
"https://icatalog.expocentr.ru/ru/exhibitions/f33d045e-98f8-11ef-80ce-a0d3c1fab97f/exhibitors/382694?stand=7C112";"ZHUZHOU SUPEREAGLE CEMENTED CARBIDE CO. LTD";"https://www.metobr-expo.ru/";"+86 18805927263";"stacy.law@silvereaglemetal.com";"Китай"
"https://icatalog.expocentr.ru/ru/exhibitions/f33d045e-98f8-11ef-80ce-a0d3c1fab97f/exhibitors/382873?stand=14E223";"ZIBO HONGJIE FORGING INDUSTRY EQUIPMENT CO. LTD";"https://www.hjforging.com/";"+86 18560976009";"service@hjforging.com";"Китай"
"https://icatalog.expocentr.ru/ru/exhibitions/f33d045e-98f8-11ef-80ce-a0d3c1fab97f/exhibitors/382884?stand=14B221";"ZNK LASER TECHNOLOGY (JIANGSU) CO. LTD";"http://www.znklaser.com/";"+86 13291038058";"gavin@znklaser.com";"Китай"
"https://icatalog.expocentr.ru/ru/exhibitions/f33d045e-98f8-11ef-80ce-a0d3c1fab97f/exhibitors/382364?stand=8F060";"А-ТЕХ, ООО";"http://www.a-tekh.ru/";"+7 (495) 152-0373";"info@a-tekh.ru";"Россия"
"https://icatalog.expocentr.ru/ru/exhibitions/f33d045e-98f8-11ef-80ce-a0d3c1fab97f/exhibitors/383559?stand=8G069";"АБРАЗИВ, ООО";"http://abraziv-ru.ru/";"+7 (993) 671-5447";"abrasiveKursk@yandex.ru";"Россия"
"https://icatalog.expocentr.ru/ru/exhibitions/f33d045e-98f8-11ef-80ce-a0d3c1fab97f/exhibitors/382090?stand=14E190";"АБРАЗИВНЫЕ МАТЕРИАЛЫ, ПП, ООО";"http://www.abramat.ru/";"+7 (812) 680-0250";"info@abramat.ru";"Россия"
"https://icatalog.expocentr.ru/ru/exhibitions/f33d045e-98f8-11ef-80ce-a0d3c1fab97f/exhibitors/382369?stand=4A080";"АБРАЗИВНЫЙ ЗАВОД ИЛЬИЧ, ООО";"http://www.pazi.ru/";"+7 (812) 295-0125";"sales@pazi.ru";"Россия"
"https://icatalog.expocentr.ru/ru/exhibitions/f33d045e-98f8-11ef-80ce-a0d3c1fab97f/exhibitors/382212?stand=14E205";"АБСОЛЮТ, ООО";"http://www.abteh.ru/";"+7 (963) 230-6327";"absolut@lincoln-nn.ru";"Россия"
"https://icatalog.expocentr.ru/ru/exhibitions/f33d045e-98f8-11ef-80ce-a0d3c1fab97f/exhibitors/382054?stand=14A180";"АВАЛОН РУС-ФИНИШНЫЕ СИСТЕМЫ, ООО";"http://www.avalon-machines.ru/";"+7 4012655250";"info@avalon-machines.ru";"Россия"
"https://icatalog.expocentr.ru/ru/exhibitions/f33d045e-98f8-11ef-80ce-a0d3c1fab97f/exhibitors/381993?stand=5E070";"АВГ ТЕХНОЛОГИИ, ТСК, ООО";"http://www.awg-tech.ru/";"+7 (495) 743-4327";"info@awg-tech.ru";"Россия"
"https://icatalog.expocentr.ru/ru/exhibitions/f33d045e-98f8-11ef-80ce-a0d3c1fab97f/exhibitors/381984?stand=8G085";"АВД-ПЛЮС, ООО";"http://www.awd-plus.com/";"+7 (926) 950-8281";"info@awd-plus.ru";"Россия"
"https://icatalog.expocentr.ru/ru/exhibitions/f33d045e-98f8-11ef-80ce-a0d3c1fab97f/exhibitors/382288?stand=4D050";"АВЕА Технолоджи, ООО";"http://www.avea-basis.ru/";"+7 (499) 703-0264";"info@avea-technology.com";"Россия"
"https://icatalog.expocentr.ru/ru/exhibitions/f33d045e-98f8-11ef-80ce-a0d3c1fab97f/exhibitors/383503?stand=8C005";"АВИКС ГРУПП, ООО";"http://aviksgroup.com.ru/";"+7 (903) 032-3272";"company@aviksgroup.com.ru";"Россия"
"https://icatalog.expocentr.ru/ru/exhibitions/f33d045e-98f8-11ef-80ce-a0d3c1fab97f/exhibitors/382734?stand=4E110";"АВРОРА-ТЕХ, ООО";"http://www.aurora-metalworks.com/";"+7 (495) 436-2233";"info@aurora-metalworks.com";"Россия"
"https://icatalog.expocentr.ru/ru/exhibitions/f33d045e-98f8-11ef-80ce-a0d3c1fab97f/exhibitors/382119?stand=5C020";"АВРОРА, ГК";"http://aurora-online.ru/";"+7 (812) 449-6220";"info@evrotek.spb.ru";"Россия"
"https://icatalog.expocentr.ru/ru/exhibitions/f33d045e-98f8-11ef-80ce-a0d3c1fab97f/exhibitors/382958?stand=7A040";"АВРОРА, ООО";"https://www.metobr-expo.ru/";"+7 8352 507709";"avroratools21@gmail.com";"Россия"
"https://icatalog.expocentr.ru/ru/exhibitions/f33d045e-98f8-11ef-80ce-a0d3c1fab97f/exhibitors/382251?stand=15B020";"АВТОГРАФ ИНСТРУМЕНТАЛЬНЫЕ РЕШЕНИЯ, ООО";"http://www.cnc.su/";"+7 (812) 640-3996";"info@cnc.su";"Россия"
"https://icatalog.expocentr.ru/ru/exhibitions/f33d045e-98f8-11ef-80ce-a0d3c1fab97f/exhibitors/382189?stand=14E190";"АВТОГРАФ-МОСКВА, ООО";"http://www.abramat.com/";"+7 (495) 970-1233";"kuznetsova@avtograph.com";"Россия"
"https://icatalog.expocentr.ru/ru/exhibitions/f33d045e-98f8-11ef-80ce-a0d3c1fab97f/exhibitors/382073?stand=8G067";"АГЕНТСТВО ИНФОРМАЦИОННЫХ ТЕХНОЛОГИЙ, АО";"https://spectr-ait.ru/";"+7 (495) 481-4908";"info@spectr-aitru";"Россия"
"https://icatalog.expocentr.ru/ru/exhibitions/f33d045e-98f8-11ef-80ce-a0d3c1fab97f/exhibitors/382018?stand=4C150";"АДЕМ-ИНЖИНИРИНГ, ООО";"http://www.adem.ru/";"+7 (495) 462-0156";"moscow@adem.ru";"Россия"
"https://icatalog.expocentr.ru/ru/exhibitions/f33d045e-98f8-11ef-80ce-a0d3c1fab97f/exhibitors/382567?stand=3B196";"АЖУРСТАЛЬ ПК, ООО";"http://www.azhurstal.ru/";"+7 (351) 220-5500";"info@hudkovka.com";"Россия"
"https://icatalog.expocentr.ru/ru/exhibitions/f33d045e-98f8-11ef-80ce-a0d3c1fab97f/exhibitors/382230?stand=15B050";"АЙ МАШИН ТЕХНОЛОДЖИ, ООО";"http://www.i-machine.ru/";"+7 (495) 161-9780";"stanki@i-machine.ru";"Россия"
"https://icatalog.expocentr.ru/ru/exhibitions/f33d045e-98f8-11ef-80ce-a0d3c1fab97f/exhibitors/382072?stand=8D050";"АЙМОЛ ЛУБРИКАНТС, ООО";"http://www.aimol.ru/";"";"info@aimol.ru";"Россия"
"https://icatalog.expocentr.ru/ru/exhibitions/f33d045e-98f8-11ef-80ce-a0d3c1fab97f/exhibitors/382143?stand=15B130";"АЙЭМТЕХ, ООО";"http://im-t.ru/";"+7 (812) 220-2900";"office@im-t.ru";"Россия"
"https://icatalog.expocentr.ru/ru/exhibitions/f33d045e-98f8-11ef-80ce-a0d3c1fab97f/exhibitors/383428?stand=8C018";"АКСИОМ-АТМ, ООО";"http://www.xn----7sbb4ajncmzp.xn--p1ai/";"+7 (926) 584-1064";"info@%D0%B0%D0%BA%D1%81%D0%B8%D0%BE%D0%BC-%D0%B0%D1%82%D0%BC.%D1%80%D1%84";"Россия"
"https://icatalog.expocentr.ru/ru/exhibitions/f33d045e-98f8-11ef-80ce-a0d3c1fab97f/exhibitors/382148?stand=3C150";"АКСИСТЕХ, ООО";"http://www.axis-cnc.ru/";"8 800 351-3252";"info@axis-cnc.ru";"Россия"
"https://icatalog.expocentr.ru/ru/exhibitions/f33d045e-98f8-11ef-80ce-a0d3c1fab97f/exhibitors/382697?stand=8C058";"АКТ ПРОИЗВОДСТВЕННАЯ КОМПАНИЯ, ООО";"http://www.zavodakt.ru/";"+7 (993) 911-5999";"zakaz@zavodakt.ru";"Россия"
"https://icatalog.expocentr.ru/ru/exhibitions/f33d045e-98f8-11ef-80ce-a0d3c1fab97f/exhibitors/382762?stand=3D130";"АЛЕКОМАШ, ООО";"http://alekomash.ru/";"+7 (977) 891-0201";"assistent@alekomash.ru";"Россия"
"https://icatalog.expocentr.ru/ru/exhibitions/f33d045e-98f8-11ef-80ce-a0d3c1fab97f/exhibitors/382609?stand=15A050";"АЛЕКСМАШ, ООО";"http://www.alexmach.ru/";"+7 (495) 134-2440";"info@alexmach.ru";"Россия"
"https://icatalog.expocentr.ru/ru/exhibitions/f33d045e-98f8-11ef-80ce-a0d3c1fab97f/exhibitors/383361?stand=5B110";"АЛТАЙСКИЙ ГЕОФИЗИЧЕСКИЙ ЗАВОД, ООО";"http://stanokbss.ru/";"+7 3852 500-151";"progress@agfz.ru";"Россия"
"https://icatalog.expocentr.ru/ru/exhibitions/f33d045e-98f8-11ef-80ce-a0d3c1fab97f/exhibitors/383444?stand=7D055";"АЛТЕРВИА";"http://www.alterv.ru/";"+7 (499) 520-0019";"info@alterv.ru";"Россия"
"https://icatalog.expocentr.ru/ru/exhibitions/f33d045e-98f8-11ef-80ce-a0d3c1fab97f/exhibitors/382207?stand=7C040";"АЛЬКРОНА";"http://xn--80aqfdlfnt8f.xn--p1ai/";"8 800 444-3141";"info@alkrona.ru";"Россия"
"https://icatalog.expocentr.ru/ru/exhibitions/f33d045e-98f8-11ef-80ce-a0d3c1fab97f/exhibitors/382078?stand=15B112";"АЛЬТЕЗА, ООО";"http://www.altesa.su/";"+7 (495) 134-1386";"info@altesa.ru";"Россия"
"https://icatalog.expocentr.ru/ru/exhibitions/f33d045e-98f8-11ef-80ce-a0d3c1fab97f/exhibitors/382183?stand=6D125";"АЛЬФАМЕТ ПРОИЗВОДСТВЕННАЯ КОМПАНИЯ, ООО";"http://alfakrepeg.ru/";"+7 (495) 369-2219";"alfamet@internet.ru";"Россия"
"https://icatalog.expocentr.ru/ru/exhibitions/f33d045e-98f8-11ef-80ce-a0d3c1fab97f/exhibitors/382085?stand=3C050";"АЛЬЯНС";"http://www.stankialiance.ru/";"+7 (495) 741-5915";"info@stankialiance.ru";"Россия"
"https://icatalog.expocentr.ru/ru/exhibitions/f33d045e-98f8-11ef-80ce-a0d3c1fab97f/exhibitors/382199?stand=3B090";"АЛЬЯНСВИЖН, ООО";"http://www.alliancevision.ru/";"+7 (495) 970-9790";"info@alliancevision.ru";"Россия"
"https://icatalog.expocentr.ru/ru/exhibitions/f33d045e-98f8-11ef-80ce-a0d3c1fab97f/exhibitors/382169?stand=14F050";"АМАДА, ООО";"http://www.akn-press.ru/";"+7 (495) 518-9650";"info@amada.com.ru";"Россия"
"https://icatalog.expocentr.ru/ru/exhibitions/f33d045e-98f8-11ef-80ce-a0d3c1fab97f/exhibitors/382338?stand=14F192";"АМБИТ, ООО";"http://www.ambit.pro/";"+7 3822 221240";"info@ambit.pro";"Россия"
"https://icatalog.expocentr.ru/ru/exhibitions/f33d045e-98f8-11ef-80ce-a0d3c1fab97f/exhibitors/381987?stand=3B160";"АМЕКА, ООО";"https://ameka.ru/";"+7 (343) 210-9797";"info@ameka.ru";"Россия"
"https://icatalog.expocentr.ru/ru/exhibitions/f33d045e-98f8-11ef-80ce-a0d3c1fab97f/exhibitors/382960?stand=7C065";"АМКЕР, ООО";"https://amker.org/";"+7 (495) 968-2168";"info@amker.org";"Россия"
"https://icatalog.expocentr.ru/ru/exhibitions/f33d045e-98f8-11ef-80ce-a0d3c1fab97f/exhibitors/382778?stand=15C050";"АММЕТА, ООО";"http://www.ammeta.ru/";"+7 (831) 414-4454";"info@ammeta.ru";"Россия"
"https://icatalog.expocentr.ru/ru/exhibitions/f33d045e-98f8-11ef-80ce-a0d3c1fab97f/exhibitors/383480?stand=4B078";"АМО СТАЛЬ ЗАВОД, ООО";"http://amo-s.ru/";"+7 (902) 609-0004";"robot@amo-steel.ru";"Россия"
"https://icatalog.expocentr.ru/ru/exhibitions/f33d045e-98f8-11ef-80ce-a0d3c1fab97f/exhibitors/381989?stand=2D065";"АМС ТЕХНИКА";"http://www.amstehnika.ru/";"+7 (495) 739-6415";"info@amstehnika.ru";"Россия"
"https://icatalog.expocentr.ru/ru/exhibitions/f33d045e-98f8-11ef-80ce-a0d3c1fab97f/exhibitors/382063?stand=8F055";"АПЕКС-ЭКВИП, ООО";"http://www.apeks-equip.ru/";"+7 (495) 981-9619";"benkovskaya@apeks-equip.ru";"Россия"
"https://icatalog.expocentr.ru/ru/exhibitions/f33d045e-98f8-11ef-80ce-a0d3c1fab97f/exhibitors/382411?stand=6C050";"АРИОН, ООО";"http://ari-on.ru/";"+7 831 434-9641";"info@ari-on.ru";"Россия"
"https://icatalog.expocentr.ru/ru/exhibitions/f33d045e-98f8-11ef-80ce-a0d3c1fab97f/exhibitors/382088?stand=1E010";"АРКОН, ЦВМ, ООО";"http://arconit.ru/";"+7 (8412) 45-89-90";"Gid@arconit.ru";"Россия"
"https://icatalog.expocentr.ru/ru/exhibitions/f33d045e-98f8-11ef-80ce-a0d3c1fab97f/exhibitors/383501?stand=14B208";"АРКТИМ, ООО";"https://arktim.ru/";"+7 (964) 326-4929";"com@arktim.ru";"Россия"
"https://icatalog.expocentr.ru/ru/exhibitions/f33d045e-98f8-11ef-80ce-a0d3c1fab97f/exhibitors/382306?stand=8F040";"АРМАДА ГРУПП, ООО";"http://www.armapro.ru/";"+7 351 326-4621";"zakaz@armapro.ru";"Россия"
"https://icatalog.expocentr.ru/ru/exhibitions/f33d045e-98f8-11ef-80ce-a0d3c1fab97f/exhibitors/383458?stand=8B012";"АРМАТУЛ СКБ, ООО";"https://skbarmatool.ru/";"+7 8412 594599";"Dmv@skbarmatool.ru";"Россия"
"https://icatalog.expocentr.ru/ru/exhibitions/f33d045e-98f8-11ef-80ce-a0d3c1fab97f/exhibitors/382350?stand=8E030";"АРСЕНАЛ ТУЛС, ООО";"http://www.arsenal-tools.net/";"+7 473 280-2244";"info@arsenal-tools.net";"Россия"
"https://icatalog.expocentr.ru/ru/exhibitions/f33d045e-98f8-11ef-80ce-a0d3c1fab97f/exhibitors/382622?stand=3E001";"АРСТЕХМАШ, ООО";"http://www.arsmachines.ru/";"+7 (995) 690-3889";"info@arsmachines.ru";"Россия"
"https://icatalog.expocentr.ru/ru/exhibitions/f33d045e-98f8-11ef-80ce-a0d3c1fab97f/exhibitors/383236?stand=6C065";"АРТИГО, ООО";"http://www.artigo.tools/";"+7 (952) 232-5868";"info@artigo.tools";"Россия"
"https://icatalog.expocentr.ru/ru/exhibitions/f33d045e-98f8-11ef-80ce-a0d3c1fab97f/exhibitors/382696?stand=8F083";"АРТОМ, ООО";"http://www.artom55.ru/";"+7 3812 466135";"ooo.artom@mail.ru";"Россия"
"https://icatalog.expocentr.ru/ru/exhibitions/f33d045e-98f8-11ef-80ce-a0d3c1fab97f/exhibitors/382744?stand=4E130";"АСКОН, АО";"http://www.ascon.ru/";"+7 (812) 703-3933";"info@ascon.ru";"Россия"
"https://icatalog.expocentr.ru/ru/exhibitions/f33d045e-98f8-11ef-80ce-a0d3c1fab97f/exhibitors/382231?stand=3C070";"АСМ-СЕРВИС, ООО";"http://www.acm-service.ru/";"+7 (812) 740-1163, 324-5479";"acm@acms.ru";"Россия"
"https://icatalog.expocentr.ru/ru/exhibitions/f33d045e-98f8-11ef-80ce-a0d3c1fab97f/exhibitors/383347?stand=8C010";"АСОИК ЗАВОД";"https://zavod.asoik.com/";"8 800 551-0758";"zavod-asoik@yandex.ru";"Россия"
"https://icatalog.expocentr.ru/ru/exhibitions/f33d045e-98f8-11ef-80ce-a0d3c1fab97f/exhibitors/382736?stand=1B055";"АССОЦИАЦИЯ РАЗВИТИЯ АДДИТИВНЫХ ТЕХНОЛОГИЙ";"https://www.aatd.ru/";"+7 (495) 220-0065";"info@aatd.ru";"Россия"
"https://icatalog.expocentr.ru/ru/exhibitions/f33d045e-98f8-11ef-80ce-a0d3c1fab97f/exhibitors/382368?stand=4C135";"АСФЕРИКА, НПО, ООО";"http://aspherica.ru/";"+7 (495) 782-2046";"info@aspherica.ru";"Россия"
"https://icatalog.expocentr.ru/ru/exhibitions/f33d045e-98f8-11ef-80ce-a0d3c1fab97f/exhibitors/382385?stand=3B040";"АТ-С, ООО";"http://www.at-s.ru/";"+7 (495) 943-3475";"info@at-s.ru";"Россия"
"https://icatalog.expocentr.ru/ru/exhibitions/f33d045e-98f8-11ef-80ce-a0d3c1fab97f/exhibitors/382227?stand=15D030";"АТМ ГРУПП, ООО";"http://www.xn--80ag0anaell.xn--p1ai/";"+7 (498) 505-0055";"info@atmt.ru";"Россия"
"https://icatalog.expocentr.ru/ru/exhibitions/f33d045e-98f8-11ef-80ce-a0d3c1fab97f/exhibitors/382301?stand=5C050";"АТОМИНТЕЛМАШ, ООО";"http://www.atomintelmash.ru/";"+7 (495) 015-1973";"info@atomintelmash.ru";"Россия"
"https://icatalog.expocentr.ru/ru/exhibitions/f33d045e-98f8-11ef-80ce-a0d3c1fab97f/exhibitors/383198?stand=8C025";"АЦТО ОБОРУДОВАНИЯ С ПУ И СПЭ";"http://www.acto-altai.ru/";"";"";"Россия"
"https://icatalog.expocentr.ru/ru/exhibitions/f33d045e-98f8-11ef-80ce-a0d3c1fab97f/exhibitors/382371?stand=15E150";"АЭРКУЛ, ООО";"http://www.aercul.ru/";"+7 (812) 309-9557";"rp@aercul.ru";"Россия"
"https://icatalog.expocentr.ru/ru/exhibitions/f33d045e-98f8-11ef-80ce-a0d3c1fab97f/exhibitors/382134?stand=4E050";"БАЛТ-СИСТЕМ, ООО";"http://www.bsystem.ru/";"+7 (812) 744-3461";"info@bsystem.ru";"Россия"
"https://icatalog.expocentr.ru/ru/exhibitions/f33d045e-98f8-11ef-80ce-a0d3c1fab97f/exhibitors/382954?stand=15D165";"БАЛТИЙСКИЙ ЛИЗИНГ, ООО";"http://www.baltlease.ru/";"+7 (812) 325-9080";"spb@baltlease.ru";"Россия"
"https://icatalog.expocentr.ru/ru/exhibitions/f33d045e-98f8-11ef-80ce-a0d3c1fab97f/exhibitors/382028?stand=6D115";"БАНГПУ РУС, ООО";"http://www.bangpu.ru/";"+7 (812) 200-8609";"info@bangpu.ru";"Россия"
"https://icatalog.expocentr.ru/ru/exhibitions/f33d045e-98f8-11ef-80ce-a0d3c1fab97f/exhibitors/382618?stand=4B182";"БАРАНОВИЧСКИЙ ЗАВОД АВТОМАТИЧЕСКИХ ЛИНИЙ, ОАО";"http://www.bzal.by/";"+375 163672048";"bzal_market@mail.ru";"Республика Беларусь"
"https://icatalog.expocentr.ru/ru/exhibitions/f33d045e-98f8-11ef-80ce-a0d3c1fab97f/exhibitors/382945?stand=4B198";"БАРАНОВИЧСКИЙ ЗАВОД СТАНКОПРИНАДЛЕЖНОСТЕЙ (БЗСП, ОАО)";"http://bzsp.by/";"+375 (163) 67-25-73";"info@bzsp.by";"Республика Беларусь"
"https://icatalog.expocentr.ru/ru/exhibitions/f33d045e-98f8-11ef-80ce-a0d3c1fab97f/exhibitors/383491?stand=1C001";"БАРРАКУДА КЛАМПИН СИСТЕМС, ООО";"http://www.barracudacs.ru/";"+7 351 729-8101";"promin@spec-prom.ru";"Россия"
"https://icatalog.expocentr.ru/ru/exhibitions/f33d045e-98f8-11ef-80ce-a0d3c1fab97f/exhibitors/382029?stand=14C010";"БАРУС ИНСТРУМЕНТ, ООО";"http://www.barus.tools/";"+7 (812) 449-1888";"info@barus.tools";"Россия"
"https://icatalog.expocentr.ru/ru/exhibitions/f33d045e-98f8-11ef-80ce-a0d3c1fab97f/exhibitors/382075?stand=1C020";"БЕЛГОРОДСКИЙ АБРАЗИВНЫЙ ЗАВОД ИМЕНИ А.И. САФОНОВА, АО";"http://www.belabraziv.ru/";"+7 (4722) 250-321";"baz@belabraziv.ru";"Россия"
"https://icatalog.expocentr.ru/ru/exhibitions/f33d045e-98f8-11ef-80ce-a0d3c1fab97f/exhibitors/383425?stand=1A040";"БЕЛГОРОДСКИЙ ЗАВОД ФРЕЗ И СПЕЦИНСТРУМЕНТА, ООО";"http://www.belfrez.ru/";"+7 4722 730382";"info@belfrez.ru";"Россия"
"https://icatalog.expocentr.ru/ru/exhibitions/f33d045e-98f8-11ef-80ce-a0d3c1fab97f/exhibitors/383427?stand=1A040";"БЕЛГОРОДСКИЙ ИНСТРУМЕНТАЛЬНЫЙ ЗАВОД, ООО";"http://www.zavodbiz.ru/";"+7 4722 531652";"info@zavodbiz.ru";"Россия"
"https://icatalog.expocentr.ru/ru/exhibitions/f33d045e-98f8-11ef-80ce-a0d3c1fab97f/exhibitors/382097?stand=15D100";"БЕЛОРУССКИЕ СТАНКИ, ТД, ООО";"http://www.belstanki.ru/";"+7 (495) 204-1677";"info@belstanki.ru";"Россия"
"https://icatalog.expocentr.ru/ru/exhibitions/f33d045e-98f8-11ef-80ce-a0d3c1fab97f/exhibitors/382195?stand=8E020";"БЕЛРОБОТ, ЗАО";"http://www.belrobot.by/";"+375 17 5005151";"mail@belrobot.by";"Республика Беларусь"
"https://icatalog.expocentr.ru/ru/exhibitions/f33d045e-98f8-11ef-80ce-a0d3c1fab97f/exhibitors/383341?stand=15D095";"БелСТАН НПП, ООО";"https://belstan.ru/";"+375 212600114";"info@belstan.ru";"Республика Беларусь"
"https://icatalog.expocentr.ru/ru/exhibitions/f33d045e-98f8-11ef-80ce-a0d3c1fab97f/exhibitors/382193?stand=15E020";"БЕЛСТАНКО, ООО";"http://www.belstanko.com/";"+7 (495) 258-3387";"stanki@belstanko.com";"Россия"
"https://icatalog.expocentr.ru/ru/exhibitions/f33d045e-98f8-11ef-80ce-a0d3c1fab97f/exhibitors/382595?stand=4B196";"БелТАПАЗ, ГРОДНЕНСКИЙ ЗАВОД ТОКАРНЫХ ПАТРОНОВ, ОАО";"http://www.beltapaz.by/";"+375 152553515";"marketing@beltapaz.by";"Республика Беларусь"
"https://icatalog.expocentr.ru/ru/exhibitions/f33d045e-98f8-11ef-80ce-a0d3c1fab97f/exhibitors/383560?stand=5E050";"БЕЛФИН-РОБОТИКС";"https://www.metobr-expo.ru/";"";"";"Россия"
"https://icatalog.expocentr.ru/ru/exhibitions/f33d045e-98f8-11ef-80ce-a0d3c1fab97f/exhibitors/382356?stand=14A030";"БЕРТЭК, ООО";"http://www.bertech.ru/";"8 800 777-4329";"info@bertech.ru";"Россия"
"https://icatalog.expocentr.ru/ru/exhibitions/f33d045e-98f8-11ef-80ce-a0d3c1fab97f/exhibitors/383505?stand=8B040";"БЕССЭРН, ООО";"http://www.bessern.ru/";"8 800 101-3527";"info@bessern.ru";"Россия"
"https://icatalog.expocentr.ru/ru/exhibitions/f33d045e-98f8-11ef-80ce-a0d3c1fab97f/exhibitors/383391?stand=4B078";"БЕТАР, ПКФ, ООО";"http://www.betar.ru/";"8 800 500-4545";"mold@betar.ru";"Россия"
"https://icatalog.expocentr.ru/ru/exhibitions/f33d045e-98f8-11ef-80ce-a0d3c1fab97f/exhibitors/382171?stand=4D080";"БИВЕРТЕХ";"https://beavertech.ru/";"+7 (499) 288-0398";"info@beavertech.ru";"Россия"
"https://icatalog.expocentr.ru/ru/exhibitions/f33d045e-98f8-11ef-80ce-a0d3c1fab97f/exhibitors/383372?stand=4C158";"БИГПРИНТЕР ЦИФРОВЫЕ ИННОВАЦИИ, ООО";"http://www.bigprinter.ru/";"+7 (495) 231-1000";"info@bigprinter.ru";"Россия"
"https://icatalog.expocentr.ru/ru/exhibitions/f33d045e-98f8-11ef-80ce-a0d3c1fab97f/exhibitors/383529?stand=";"БИЗНЕС СТОЛИЦЫ, РЕДАКЦИЯ, ООО";"http://www.b2b24.center/";"+7 (926) 342-1912, (977) 713-4790";"bizstol@mail.ru";"Россия"
"https://icatalog.expocentr.ru/ru/exhibitions/f33d045e-98f8-11ef-80ce-a0d3c1fab97f/exhibitors/383472?stand=14F090";"БИМАТИК ЛАЗЕР, ООО";"http://www.beamatic.ru/";"+7 (495) 663-2339";"info@beamatic.ru";"Россия"
"https://icatalog.expocentr.ru/ru/exhibitions/f33d045e-98f8-11ef-80ce-a0d3c1fab97f/exhibitors/382341?stand=15C090";"БИТВАН, ООО";"http://www.bitvan.ru/";"8 800 551-0015";"info@bitvan.ru";"Россия"
"https://icatalog.expocentr.ru/ru/exhibitions/f33d045e-98f8-11ef-80ce-a0d3c1fab97f/exhibitors/382249?stand=14D150";"БЛЕСТЯЩАЯ ЛИНИЯ, АО";"http://bll-e.ru/";"+7 (499) 124-5926";"zakaz@bll.ru";"Россия"
"https://icatalog.expocentr.ru/ru/exhibitions/f33d045e-98f8-11ef-80ce-a0d3c1fab97f/exhibitors/382080?stand=14B020";"БОДОР, ООО";"http://www.bodor.ru/";"8 800 511-3619";"info@bodor.ru";"Россия"
"https://icatalog.expocentr.ru/ru/exhibitions/f33d045e-98f8-11ef-80ce-a0d3c1fab97f/exhibitors/383404?stand=5B014";"БОСЕН СВАРКА ТЕХНОЛОГИИ, ООО";"http://www.yunyao365.com/book_preview/skxh5in7h6qv";"+7 (900) 652-2129";"Bosen98889@yandex.com";"Россия"
"https://icatalog.expocentr.ru/ru/exhibitions/f33d045e-98f8-11ef-80ce-a0d3c1fab97f/exhibitors/382764?stand=4B120";"БРАЙС, ООО";"http://www.brice.ru/";"+7 8482 249300";"info@brice.ru";"Россия"
"https://icatalog.expocentr.ru/ru/exhibitions/f33d045e-98f8-11ef-80ce-a0d3c1fab97f/exhibitors/383561?stand=8A010";"БЫКОВ И.И., ИП";"https://www.metobr-expo.ru/";"";"";"Россия"
"https://icatalog.expocentr.ru/ru/exhibitions/f33d045e-98f8-11ef-80ce-a0d3c1fab97f/exhibitors/383517?stand=1B110";"БЮРО БУРАН, ООО";"http://buroburan.ru/";"+7 (916) 844-9025";"info@buroburan.ru";"Россия"
"https://icatalog.expocentr.ru/ru/exhibitions/f33d045e-98f8-11ef-80ce-a0d3c1fab97f/exhibitors/383562?stand=1E060";"ВАЛДАЙ РОБОТЫ, ООО";"http://vald.ai/";"+7 (909) 584-7774";"go@vald.ai";"Россия"
"https://icatalog.expocentr.ru/ru/exhibitions/f33d045e-98f8-11ef-80ce-a0d3c1fab97f/exhibitors/381996?stand=1F020";"ВЕАЛ, ОАО";"http://www.venevalmaz.ru/";"+7 (903) 845-8559";"dtv.almaz@mail.ru";"Россия"
"https://icatalog.expocentr.ru/ru/exhibitions/f33d045e-98f8-11ef-80ce-a0d3c1fab97f/exhibitors/383588?stand=2B050";"ВЕБЕР ИНСТРУМЕНТ";"https://weber-tool.ru/";"+7 (495) 925-8887";"tools@weber-tool.ru";"Россия"
"https://icatalog.expocentr.ru/ru/exhibitions/f33d045e-98f8-11ef-80ce-a0d3c1fab97f/exhibitors/382197?stand=2B050";"ВЕБЕР КОМЕХАНИКС, ООО";"http://www.weber.ru/";"+7 (495) 925-8887";"weber@weber.ru";"Россия"
"https://icatalog.expocentr.ru/ru/exhibitions/f33d045e-98f8-11ef-80ce-a0d3c1fab97f/exhibitors/382534?stand=8C003";"ВЕЗИО, ООО";"https://vezio.orgs.biz/";"+7 (978) 727-8633";"vezio@yandex.ru";"Россия"
"https://icatalog.expocentr.ru/ru/exhibitions/f33d045e-98f8-11ef-80ce-a0d3c1fab97f/exhibitors/382140?stand=15C100";"ВЕКПРОМ, ПГ, ООО";"http://www.vekprom.ru/";"+7 (495) 215-1645";"info@vekprom.ru";"Россия"
"https://icatalog.expocentr.ru/ru/exhibitions/f33d045e-98f8-11ef-80ce-a0d3c1fab97f/exhibitors/382092?stand=5C030";"ВЕКТОР ГРУПП, ООО";"http://www.vektor-grupp.ru/";"+7 (495) 787-4912";"info@vektor-grupp.ru";"Россия"
"https://icatalog.expocentr.ru/ru/exhibitions/f33d045e-98f8-11ef-80ce-a0d3c1fab97f/exhibitors/382603?stand=15E134";"ВЕКТОР ТЕХ ГРУПП, ООО";"http://www.vectechgroup.ru/";"+7 (499) 110-9774";"info@vectechgroup.ru";"Россия"
"https://icatalog.expocentr.ru/ru/exhibitions/f33d045e-98f8-11ef-80ce-a0d3c1fab97f/exhibitors/382198?stand=3E090";"ВЕКТОР ЭТАЛОН, ООО";"http://www.vectoretalon.ru/";"8 800 302-8980";"info@vectoretalon.ru";"Россия"
"https://icatalog.expocentr.ru/ru/exhibitions/f33d045e-98f8-11ef-80ce-a0d3c1fab97f/exhibitors/382152?stand=14B200";"ВЕКТОР-БЛАСТ, ООО";"http://www.drobemet.pro/";"8 800 222-8056";"vectorblast@mail.ru";"Россия"
"https://icatalog.expocentr.ru/ru/exhibitions/f33d045e-98f8-11ef-80ce-a0d3c1fab97f/exhibitors/382150?stand=6D120";"ВЕКТОР, ООО";"http://www.hsvacuum.com/";"+7 (903) 612-6945, (495) 191-8068";"luohongshun@hsvacuum.com";"Россия"
"https://icatalog.expocentr.ru/ru/exhibitions/f33d045e-98f8-11ef-80ce-a0d3c1fab97f/exhibitors/383623?stand=4D150";"ВЕЛАМ-РУС ПК, ООО";"http://vrobotics.pro/";"+7 831 228-7888";"info@vrobotics.pro";"Россия"
"https://icatalog.expocentr.ru/ru/exhibitions/f33d045e-98f8-11ef-80ce-a0d3c1fab97f/exhibitors/381997?stand=15B120";"ВЕНДЕ ГРУПП, ООО";"http://www.stanki.group/";"+7 (812) 456-7201";"info@vende-group.ru";"Россия"
"https://icatalog.expocentr.ru/ru/exhibitions/f33d045e-98f8-11ef-80ce-a0d3c1fab97f/exhibitors/383544?stand=";"ВЕСТНИК ПРОМЫШЛЕННОСТИ, ИД, ООО";"http://www.pronowosti.ru/";"+7 (495) 645-5691";"info@westnik.su";"Россия"
"https://icatalog.expocentr.ru/ru/exhibitions/f33d045e-98f8-11ef-80ce-a0d3c1fab97f/exhibitors/382234?stand=6E070";"ВЕТКИ, ООО";"http://www.vetki.ru/";"+7 (812) 646-8468";"info@vetki.ru";"Россия"
"https://icatalog.expocentr.ru/ru/exhibitions/f33d045e-98f8-11ef-80ce-a0d3c1fab97f/exhibitors/382151?stand=8C045";"ВИКТАО, ООО";"http://www.viktao.ru/";"+7 (812) 570-0700";"office@viktao.ru";"Россия"
"https://icatalog.expocentr.ru/ru/exhibitions/f33d045e-98f8-11ef-80ce-a0d3c1fab97f/exhibitors/383587?stand=8G012";"ВИЛИТЕК, ООО";"http://www.vilitek.ru/";"+7 (495) 545-0708";"info@vilitek.ru";"Россия"
"https://icatalog.expocentr.ru/ru/exhibitions/f33d045e-98f8-11ef-80ce-a0d3c1fab97f/exhibitors/382927?stand=8C010";"ВИНЦ МОДУЛЬНЫЕ СИСТЕМЫ, ООО";"http://www.vintc.ru/";"8 800 250-8859";"";"Россия"
"https://icatalog.expocentr.ru/ru/exhibitions/f33d045e-98f8-11ef-80ce-a0d3c1fab97f/exhibitors/382118?stand=1E030";"ВИРИАЛ, ООО";"http://www.virial.ru/";"+7 (812) 293-3500";"info@virial.ru";"Россия"
"https://icatalog.expocentr.ru/ru/exhibitions/f33d045e-98f8-11ef-80ce-a0d3c1fab97f/exhibitors/382236?stand=14F168";"ВИТУЛУС СМЕ, ООО";"http://www.htf-clean.com/";"8 800 444-6134";"info@htf-clean.com";"Россия"
"https://icatalog.expocentr.ru/ru/exhibitions/f33d045e-98f8-11ef-80ce-a0d3c1fab97f/exhibitors/382750?stand=8D045";"ВЛАДИМИРСКАЯ СТАНКОСТРОИТЕЛЬНАЯ КОМПАНИЯ";"https://www.russtanok-vsk.ru/";"+7 4922600218";"sale@russtanok-vsk.ru";"Россия"
"https://icatalog.expocentr.ru/ru/exhibitions/f33d045e-98f8-11ef-80ce-a0d3c1fab97f/exhibitors/382374?stand=8D063";"ВЛАДТЕХНОЦЕНТР, ООО";"http://www.vladgidroresurs.ru/";"+7 4922 530037";"vgrgroup@mail.ru";"Россия"
"https://icatalog.expocentr.ru/ru/exhibitions/f33d045e-98f8-11ef-80ce-a0d3c1fab97f/exhibitors/383454?stand=7B065";"ВЛЦ ИНСТРУМЕНТ, ООО";"http://vlctools.ru/";"+7 (987) 346-7637";"Welcome@vlctools.ru";"Россия"
"https://icatalog.expocentr.ru/ru/exhibitions/f33d045e-98f8-11ef-80ce-a0d3c1fab97f/exhibitors/382344?stand=7C015";"ВМ-ТЕХНИК, ООО";"https://wm-technik.ru/";"+7 (910) 406-7344";"info@wm-technik.ru";"Россия"
"https://icatalog.expocentr.ru/ru/exhibitions/f33d045e-98f8-11ef-80ce-a0d3c1fab97f/exhibitors/382526?stand=15C120";"ВМТ, ООО";"http://www.vmt-cnc.ru/";"";"";"Россия"
"https://icatalog.expocentr.ru/ru/exhibitions/f33d045e-98f8-11ef-80ce-a0d3c1fab97f/exhibitors/383337?stand=8B015";"ВМТ, ООО";"http://v-m-t.ru/";"+7 (980) 740-7733";"v-m-technology@mail.ru";"Россия"
"https://icatalog.expocentr.ru/ru/exhibitions/f33d045e-98f8-11ef-80ce-a0d3c1fab97f/exhibitors/383563?stand=4B001";"ВНИИИНСТРУМЕНТ, АО";"http://www.vniiinstrument.com/";"+7 (495) 899-0411";"vniiinstrument@vniiinstrument.ru";"Россия"
"https://icatalog.expocentr.ru/ru/exhibitions/f33d045e-98f8-11ef-80ce-a0d3c1fab97f/exhibitors/382335?stand=15B010";"ВОЛГА СТАНКИ, ООО";"http://www.volgastanki.ru/";"+7 (499) 638-2555";"marketing@volgastanki.ru";"Россия"
"https://icatalog.expocentr.ru/ru/exhibitions/f33d045e-98f8-11ef-80ce-a0d3c1fab97f/exhibitors/382538?stand=8D065";"ВОЛГОХИМНЕФТЬ, ВПО, ООО";"http://www.vhn.ru/";"+7 (84477) 6-91-46";"vhn@vhn.ru";"Россия"
"https://icatalog.expocentr.ru/ru/exhibitions/f33d045e-98f8-11ef-80ce-a0d3c1fab97f/exhibitors/383359?stand=14A200";"ВОЛДОМ, ООО";"https://www.metobr-expo.ru/";"+7 (921) 721-0371";"voldom.ns@mail.ru";"Россия"
"https://icatalog.expocentr.ru/ru/exhibitions/f33d045e-98f8-11ef-80ce-a0d3c1fab97f/exhibitors/382461?stand=1C015";"ВОЛЖСКИЙ АБРАЗИВНЫЙ ЗАВОД";"http://www.vabz.ru/";"+7 8443412431";"abraziv@vabz.ru";"Россия"
"https://icatalog.expocentr.ru/ru/exhibitions/f33d045e-98f8-11ef-80ce-a0d3c1fab97f/exhibitors/382349?stand=7C025";"ВОЛЬФСТАР, ООО";"http://www.wolfstar.ru/";"+7 (963) 729-5713";"zakaz.wolfstar@mail.ru";"Россия"
"https://icatalog.expocentr.ru/ru/exhibitions/f33d045e-98f8-11ef-80ce-a0d3c1fab97f/exhibitors/382477?stand=15E010";"ВОРЛД РУСЛАНД, ООО";"http://www.w-m.group/";"+7 831 280-9801";"info@w-m.group";"Россия"
"https://icatalog.expocentr.ru/ru/exhibitions/f33d045e-98f8-11ef-80ce-a0d3c1fab97f/exhibitors/382308?stand=15D150";"ВОСТОКМАШ, ООО";"http://vostokmash.ru/";"+7 (495) 902-5951";"vostokmash@mail.ru";"Россия"
"https://icatalog.expocentr.ru/ru/exhibitions/f33d045e-98f8-11ef-80ce-a0d3c1fab97f/exhibitors/382724?stand=14C090";"ВОСТОЧНЫЙ ВЕТЕР, ООО";"http://www.eastwind.su/";"+7 (495) 234-5713";"info@eastwind.su";"Россия"
"https://icatalog.expocentr.ru/ru/exhibitions/f33d045e-98f8-11ef-80ce-a0d3c1fab97f/exhibitors/383567?stand=4C080";"ВПГ ЛАЗЕРУАН";"https://vpglaserone.ru/";"+7 (496) 255-7446";"mail@vpglaserone.ru";"Россия"
"https://icatalog.expocentr.ru/ru/exhibitions/f33d045e-98f8-11ef-80ce-a0d3c1fab97f/exhibitors/382759?stand=6D138";"ВПТ НПЦ, OOO";"http://www.gk-vpt.ru/";"+7 (985) 364-1978";"ooovpt@mail.ru";"Россия"
"https://icatalog.expocentr.ru/ru/exhibitions/f33d045e-98f8-11ef-80ce-a0d3c1fab97f/exhibitors/383390?stand=4B078";"ВСД, ООО";"http://vector-sd.ru/";"+7 (962) 549-5896";"vector-cd@yandex.ru";"Россия"
"https://icatalog.expocentr.ru/ru/exhibitions/f33d045e-98f8-11ef-80ce-a0d3c1fab97f/exhibitors/383564?stand=7B060";"ВСЕИНСТРУМЕНТЫ.РУ";"https://www.metobr-expo.ru/";"";"";"Россия"
"https://icatalog.expocentr.ru/ru/exhibitions/f33d045e-98f8-11ef-80ce-a0d3c1fab97f/exhibitors/382961?stand=5B130";"ВТЦ, ООО";"http://www.wtclaser.ru/";"8 800 101-7440";"mail@wtclaser.ru";"Россия"
"https://icatalog.expocentr.ru/ru/exhibitions/f33d045e-98f8-11ef-80ce-a0d3c1fab97f/exhibitors/383608?stand=14D165";"ВЫСОКИЕ ОБОРОТЫ, ООО";"https://vysokieoboroty.ru/";"+7 (495) 798-9741";"info@vysokieoboroty.ru";"Россия"
"https://icatalog.expocentr.ru/ru/exhibitions/f33d045e-98f8-11ef-80ce-a0d3c1fab97f/exhibitors/383520?stand=5B034";"ВЭЛИТУЛ, ООО";"http://www.velitul.ru/";"+7 (965) 753-9897";"sa@velitul.ru";"Россия"
"https://icatalog.expocentr.ru/ru/exhibitions/f33d045e-98f8-11ef-80ce-a0d3c1fab97f/exhibitors/382524?stand=14B135";"ГАЗЗАЧАС, ООО";"http://gazzachas.ru/";"+7 (495) 660-5468";"6605468@bk.ru";"Россия"
"https://icatalog.expocentr.ru/ru/exhibitions/f33d045e-98f8-11ef-80ce-a0d3c1fab97f/exhibitors/383483?stand=8D055";"ГАЗПРОМНЕФТЬ – СМАЗОЧНЫЕ МАТЕРИАЛЫ, ООО";"https://gazpromneft-sm.ru/";"+7 (812) 449-7445";"gazpromneft-cm@gazprom-neft.ru";"Россия"
"https://icatalog.expocentr.ru/ru/exhibitions/f33d045e-98f8-11ef-80ce-a0d3c1fab97f/exhibitors/383374?stand=15E050";"ГАЛАНТ, ООО";"http://www.galant-group.ru/";"+7 84342 53534";"Info@galant-group.ru";"Россия"
"https://icatalog.expocentr.ru/ru/exhibitions/f33d045e-98f8-11ef-80ce-a0d3c1fab97f/exhibitors/383325?stand=8B013";"ГАНГАРД, ООО";"http://cnc76.ru/";"+7 4852 770560";"sale@cnc76.ru";"Россия"
"https://icatalog.expocentr.ru/ru/exhibitions/f33d045e-98f8-11ef-80ce-a0d3c1fab97f/exhibitors/382935?stand=3C080";"ГАНС, ООО";"http://www.hansmill.ru/";"+7 (495) 147-6044";"info@hansmill.ru";"Россия"
"https://icatalog.expocentr.ru/ru/exhibitions/f33d045e-98f8-11ef-80ce-a0d3c1fab97f/exhibitors/382154?stand=14A010";"ГЕЛЛЕР РУС, ООО";"http://www.lstanki.ru/";"+7 (495) 143-4241";"pta@Lstanki.ru";"Россия"
"https://icatalog.expocentr.ru/ru/exhibitions/f33d045e-98f8-11ef-80ce-a0d3c1fab97f/exhibitors/383367?stand=8C015";"ГИГАМЕХ, ООО";"http://www.gigamech.com/";"+7 (812) 245-3070";"info@gigamech.com";"Россия"
"https://icatalog.expocentr.ru/ru/exhibitions/f33d045e-98f8-11ef-80ce-a0d3c1fab97f/exhibitors/382243?stand=8E040";"ГИДЕН ЭЛЕКТРОНИКС, ООО";"http://www.giden.ru/";"+7 (495) 225-5452";"sale@giden.ru";"Россия"
"https://icatalog.expocentr.ru/ru/exhibitions/f33d045e-98f8-11ef-80ce-a0d3c1fab97f/exhibitors/381999?stand=14C190";"ГИДРОАБРАЗИВ, АО";"http://www.gidroabraziv.com/";"+7 3433194751";"info@gidroabraziv.com";"Россия"
"https://icatalog.expocentr.ru/ru/exhibitions/f33d045e-98f8-11ef-80ce-a0d3c1fab97f/exhibitors/382149?stand=8E055";"ГИДРОПРЕСС, ООО";"https://gidropress.by/";"+375 297119999";"press@gidropress.by";"Республика Беларусь"
"https://icatalog.expocentr.ru/ru/exhibitions/f33d045e-98f8-11ef-80ce-a0d3c1fab97f/exhibitors/383360?stand=8B025";"ГИДРОСИСТЕМЫ, НАУЧНО-ПРОИЗВОДСТВЕННОЕ ОБЪЕДИНЕНИЕ, ООО";"http://npogs.ru/";"+7 3412 908061";"info@npogs.ru";"Россия"
"https://icatalog.expocentr.ru/ru/exhibitions/f33d045e-98f8-11ef-80ce-a0d3c1fab97f/exhibitors/382010?stand=7C015";"ГИПЕРИОН ТУЛС, ООО";"http://www.hyperion-tools.ru/";"8 800 777-3254";"sales@hyperion-tools.ru";"Россия"
"https://icatalog.expocentr.ru/ru/exhibitions/f33d045e-98f8-11ef-80ce-a0d3c1fab97f/exhibitors/382378?stand=5D130";"ГЛАВНЫЙ СВАРЩИК, ООО";"https://glsvar.ru/";"+7 8112777780";"market@tehnosvar.ru";"Россия"
"https://icatalog.expocentr.ru/ru/exhibitions/f33d045e-98f8-11ef-80ce-a0d3c1fab97f/exhibitors/383489?stand=4B170";"ГОМЕЛЬСКИЙ ЗАВОД СТАНКОВ И УЗЛОВ, ОАО";"http://www.gzsu.by/";"+375 232 530-220";"om@gzsu.by";"Республика Беларусь"
"https://icatalog.expocentr.ru/ru/exhibitions/f33d045e-98f8-11ef-80ce-a0d3c1fab97f/exhibitors/382779?stand=1B085";"ГРАНКОМ, ООО";"http://www.grankom.com/";"+7 8314351754";"info@grankom.com";"Россия"
"https://icatalog.expocentr.ru/ru/exhibitions/f33d045e-98f8-11ef-80ce-a0d3c1fab97f/exhibitors/382391?stand=3B030";"ГРАНТ-ТРЕЙД, ООО";"https://gt-trade.ru/";"+7 (495) 532-8967";"info@gt-trade.ru";"Россия"
"https://icatalog.expocentr.ru/ru/exhibitions/f33d045e-98f8-11ef-80ce-a0d3c1fab97f/exhibitors/382568?stand=15B025";"ГРОВЕР ИНТЕРНЭШНЕЛ, ООО";"https://groverltd.ru/";"+7 (495) 335-0876";"info@groverltd.com";"Россия"
"https://icatalog.expocentr.ru/ru/exhibitions/f33d045e-98f8-11ef-80ce-a0d3c1fab97f/exhibitors/382511?stand=14F200";"ГРУППА КОНСУЛ, ООО";"http://www.consul-group.ru/";"+7 (4852) 68-16-30,68-28-17";"";"Россия"
"https://icatalog.expocentr.ru/ru/exhibitions/f33d045e-98f8-11ef-80ce-a0d3c1fab97f/exhibitors/383426?stand=1B110";"ГС ЮНИТ, ООО";"http://www.hydraulicunit.ru/";"+7 (812) 629-6857";"info@hydraulicunit.ru";"Россия"
"https://icatalog.expocentr.ru/ru/exhibitions/f33d045e-98f8-11ef-80ce-a0d3c1fab97f/exhibitors/383607?stand=14D165";"ДАЙ ТУЛИНГ СЕРВИС, ООО";"https://dts-co.ru/";"+7 (960) 837-8619";"dtscompany@mail.ru";"Россия"
"https://icatalog.expocentr.ru/ru/exhibitions/f33d045e-98f8-11ef-80ce-a0d3c1fab97f/exhibitors/382244?stand=15B140";"ДАЛКОС, ООО";"http://www.dalkos.ru/";"+7 (495) 504-2679";"sales@dalkos.ru";"Россия"
"https://icatalog.expocentr.ru/ru/exhibitions/f33d045e-98f8-11ef-80ce-a0d3c1fab97f/exhibitors/382057?stand=4D130";"ДЕЛЬТА-ТЕСТ, НАУЧНО-ПРОМЫШЛЕННАЯ КОРПОРАЦИЯ, ООО";"http://www.edm.ru/";"+7 (495) 995-0968";"arta@edm.ru";"Россия"
"https://icatalog.expocentr.ru/ru/exhibitions/f33d045e-98f8-11ef-80ce-a0d3c1fab97f/exhibitors/382773?stand=14A175";"ДЕЛЬТАКИП НПО, ООО";"http://www.dk-stanki.ru/";"8 800 301-2714";"stanki@deltakip.ru";"Россия"
"https://icatalog.expocentr.ru/ru/exhibitions/f33d045e-98f8-11ef-80ce-a0d3c1fab97f/exhibitors/382548?stand=14B175";"ДЕЛЬТАЛИЗИНГ, ООО";"http://www.deltaleasing.ru/";"8 800 200-0180";"info@deltaleasing.ru";"Россия"
"https://icatalog.expocentr.ru/ru/exhibitions/f33d045e-98f8-11ef-80ce-a0d3c1fab97f/exhibitors/382061?stand=5D110";"ДЕЛЬТАСВАР, OOO";"http://deltasvar.ru/";"+7 (343) 384-7172";"info@deltasvar.ru";"Россия"
"https://icatalog.expocentr.ru/ru/exhibitions/f33d045e-98f8-11ef-80ce-a0d3c1fab97f/exhibitors/382114?stand=5E040";"ДЕРИА ГРАФИКС, ООО";"http://www.deria.ru/";"+7 (812) 599-5050";"info@deria.ru";"Россия"
"https://icatalog.expocentr.ru/ru/exhibitions/f33d045e-98f8-11ef-80ce-a0d3c1fab97f/exhibitors/382527?stand=7C156";"ДИАГНОСТИКА НПК, ООО";"http://www.npk-spb.ru/";"+7 (812) 702-5061";"info@npk-spb.ru";"Россия"
"https://icatalog.expocentr.ru/ru/exhibitions/f33d045e-98f8-11ef-80ce-a0d3c1fab97f/exhibitors/382091?stand=14E020";"ДИАКРАФТ";"http://www.diacraft.ru/";"+7 (499) 390-8091";"info@diacraft.ru";"Россия"
"https://icatalog.expocentr.ru/ru/exhibitions/f33d045e-98f8-11ef-80ce-a0d3c1fab97f/exhibitors/382223?stand=4B140";"ДИАМЕХ 2000, ООО";"http://www.diamech.ru/";"+7 (495) 223-0420";"diamech@diamech.ru";"Россия"
"https://icatalog.expocentr.ru/ru/exhibitions/f33d045e-98f8-11ef-80ce-a0d3c1fab97f/exhibitors/383342?stand=1E070";"ДИКОМ-СЕРВИС, ООО";"http://www.dikom.ru/";"+7 (812) 213-3114";"sales@dikom.ru";"Россия"
"https://icatalog.expocentr.ru/ru/exhibitions/f33d045e-98f8-11ef-80ce-a0d3c1fab97f/exhibitors/382179?stand=6C090";"ДИМЕС, ООО";"http://www.dymes.ru/";"+7 (993) 600-6555";"info@dymes.ru";"Россия"
"https://icatalog.expocentr.ru/ru/exhibitions/f33d045e-98f8-11ef-80ce-a0d3c1fab97f/exhibitors/382284?stand=8G030";"ДИПОЛЬ ТЕХНОЛОГИИ, АО";"https://dipaul.ru/";"8 800 200-0266";"info@dipaul.ru";"Россия"
"https://icatalog.expocentr.ru/ru/exhibitions/f33d045e-98f8-11ef-80ce-a0d3c1fab97f/exhibitors/382379?stand=15B132";"ДН РУС, ООО";"http://dn-russia.ru/";"8 800 505-3295";"info@dn-russia.ru";"Россия"
"https://icatalog.expocentr.ru/ru/exhibitions/f33d045e-98f8-11ef-80ce-a0d3c1fab97f/exhibitors/382003?stand=7B075";"ДОМИНИК, ООО";"http://www.oke-russia.ru/";"+7 (900) 060-1636";"info@oke-russia.ru";"Россия"
"https://icatalog.expocentr.ru/ru/exhibitions/f33d045e-98f8-11ef-80ce-a0d3c1fab97f/exhibitors/383353?stand=8B025";"ДОНВАРД — ГИДРАВЛИЧЕСКИЕ СИСТЕМЫ, ООО";"https://donvard.ru/";"+7 (919) 902-9915";"info@donvard.ru";"Россия"
"https://icatalog.expocentr.ru/ru/exhibitions/f33d045e-98f8-11ef-80ce-a0d3c1fab97f/exhibitors/382942?stand=8A057";"ДОНУГЛЕКОМПЛЕКТ-ХОЛДИНГ, ООО";"https://ust-world.duk.ru/";"+7 (86349) 2-40-30";"duk@donpac.ru";"Россия"
"https://icatalog.expocentr.ru/ru/exhibitions/f33d045e-98f8-11ef-80ce-a0d3c1fab97f/exhibitors/381981?stand=15D050";"ЕМГ";"http://www.emg.com.ru/";"+7 831 4145757";"info@emg.com.ru";"Россия"
"https://icatalog.expocentr.ru/ru/exhibitions/f33d045e-98f8-11ef-80ce-a0d3c1fab97f/exhibitors/383565?stand=4C175";"ЕСМ";"https://www.metobr-expo.ru/";"";"";"Россия"
"https://icatalog.expocentr.ru/ru/exhibitions/f33d045e-98f8-11ef-80ce-a0d3c1fab97f/exhibitors/382727?stand=3A130";"ЗАВОД ЛЕГМАШ, ОАО";"http://www.legmash.by/";"+375 216 42-00-67";"sbyt3@legmash.by";"Республика Беларусь"
"https://icatalog.expocentr.ru/ru/exhibitions/f33d045e-98f8-11ef-80ce-a0d3c1fab97f/exhibitors/382536?stand=14C150";"ЗАВОД МЕХАНИЧЕСКИХ ПРЕССОВ, ООО";"http://www.bzmp.ru/";"+7 385 277-425280";"info@altaipress.ru";"Россия"
"https://icatalog.expocentr.ru/ru/exhibitions/f33d045e-98f8-11ef-80ce-a0d3c1fab97f/exhibitors/383333?stand=8G080";"ЗАВОД ПОДШИПНИКОВЫХ УЗЛОВ, ООО";"http://www.z-pu.ru/";"+7 351 700-0770";"info@z-pu.ru";"Россия"
"https://icatalog.expocentr.ru/ru/exhibitions/f33d045e-98f8-11ef-80ce-a0d3c1fab97f/exhibitors/382939?stand=4C130";"ЗАВОД ПРОМСТРОЙМАШ, ООО";"http://www.stanki-zavod.ru/";"8 800 700-2955";"stanki-pcm@mail.ru";"Россия"
"https://icatalog.expocentr.ru/ru/exhibitions/f33d045e-98f8-11ef-80ce-a0d3c1fab97f/exhibitors/382608?stand=1E050";"ЗАВОД РОБОТОВ, ООО";"https://robotfactory.ru/";"+7 (351) 216-6700";"info@robotfactory.ru";"Россия"
"https://icatalog.expocentr.ru/ru/exhibitions/f33d045e-98f8-11ef-80ce-a0d3c1fab97f/exhibitors/382074?stand=7D015";"ЗАНГЕР, ООО";"http://www.zngr.ru/";"+7 (495) 150-4220";"info@zngr.ru";"Россия"
"https://icatalog.expocentr.ru/ru/exhibitions/f33d045e-98f8-11ef-80ce-a0d3c1fab97f/exhibitors/382007?stand=8C053";"ЗЕТ-ХЕМИ РУСЛАНД, ООО";"http://www.zet-chemie.ru/";"+7 (812) 448-7558";"info@zet-chemie.ru";"Россия"
"https://icatalog.expocentr.ru/ru/exhibitions/f33d045e-98f8-11ef-80ce-a0d3c1fab97f/exhibitors/382346?stand=4A130";"ЗТСУ, ООО";"https://www.ztsu.ru/";"+7 8422348191";"stanki@ztsu.ru";"Россия"
"https://icatalog.expocentr.ru/ru/exhibitions/f33d045e-98f8-11ef-80ce-a0d3c1fab97f/exhibitors/382739?stand=8H030";"ЗЭТ АКСИС, ООО";"http://www.z-axis.ru/";"+7 (495) 139-6990";"info@z-axis.ru";"Россия"
"https://icatalog.expocentr.ru/ru/exhibitions/f33d045e-98f8-11ef-80ce-a0d3c1fab97f/exhibitors/382203?stand=14C180";"ИБАРУС";"http://www.ibakimya.ru/";"+7 (495) 760-2710";"pavel@ibakimya.ru";"Россия"
"https://icatalog.expocentr.ru/ru/exhibitions/f33d045e-98f8-11ef-80ce-a0d3c1fab97f/exhibitors/383364?stand=5B110";"ИДЭЙ РОБОТИКС, ООО";"https://edayrobotics.com/";"+375 298703026";"edayofice@yandex.ru";"Республика Беларусь"
"https://icatalog.expocentr.ru/ru/exhibitions/f33d045e-98f8-11ef-80ce-a0d3c1fab97f/exhibitors/382186?stand=6C030";"ИЗМЕРИТЕЛЬНЫЕ РЕШЕНИЯ, ООО";"http://www.m-solutions.ru/";"+7 (495) 545-4390";"info@m-solutions.ru";"Россия"
"https://icatalog.expocentr.ru/ru/exhibitions/f33d045e-98f8-11ef-80ce-a0d3c1fab97f/exhibitors/383622?stand=4D150";"ИЛИОДОР ЛУБРИКАНТС, ООО";"http://iliodor-lub.com/";"8 800 101-7028";"info@iliodor-lub.com";"Россия"
"https://icatalog.expocentr.ru/ru/exhibitions/f33d045e-98f8-11ef-80ce-a0d3c1fab97f/exhibitors/382334?stand=15B010";"ИНВЕНТ, ООО";"http://www.in-vent.ru/";"+7 831 220-8208";"market@in-vent.ru";"Россия"
"https://icatalog.expocentr.ru/ru/exhibitions/f33d045e-98f8-11ef-80ce-a0d3c1fab97f/exhibitors/382289?stand=3B110";"ИНВЕСТ-СТАНКО, ООО";"http://www.investstanok.ru/";"+7 (967) 051-4423";"byhovskij@investstanok.ru";"Россия"
"https://icatalog.expocentr.ru/ru/exhibitions/f33d045e-98f8-11ef-80ce-a0d3c1fab97f/exhibitors/382093?stand=2B095";"ИНДАСТРИАЛ ТУЛЗ, ООО";"https://markiratory.ru/";"+7 (495) 476-6106";"zakaz@markiratory.ru";"Россия"
"https://icatalog.expocentr.ru/ru/exhibitions/f33d045e-98f8-11ef-80ce-a0d3c1fab97f/exhibitors/382217?stand=5B055";"ИНДУСТРИЯ ГАЗОВ, АО";"https://promcat.indgas.ru/";"+7 (987) 173-8577";"zaoinga16@mail.ru";"Россия"
"https://icatalog.expocentr.ru/ru/exhibitions/f33d045e-98f8-11ef-80ce-a0d3c1fab97f/exhibitors/382279?stand=8E060";"ИНДУТЕХ, ООО";"http://www.indutech.ru/";"8 800 550-0762";"sc@indutech.ru";"Россия"
"https://icatalog.expocentr.ru/ru/exhibitions/f33d045e-98f8-11ef-80ce-a0d3c1fab97f/exhibitors/382392?stand=14E150";"ИНЖЕНЕРНЫЙ ЦЕНТР ЛИН КОНЦЕПТ, ООО";"http://lean-production.by/";"+375 17 544 33 33";"info@lean-production.by";"Республика Беларусь"
"https://icatalog.expocentr.ru/ru/exhibitions/f33d045e-98f8-11ef-80ce-a0d3c1fab97f/exhibitors/382023?stand=15B040";"ИНКОР, ООО";"http://www.in-core.ru/";"+7 342 235-7560";"info@in-core.ru";"Россия"
"https://icatalog.expocentr.ru/ru/exhibitions/f33d045e-98f8-11ef-80ce-a0d3c1fab97f/exhibitors/382746?stand=14B256";"ИНКРАСКА, ООО";"http://kraski.k-inver.ru/";"+7 (812) 321-6055";"chem@ralpowder.ru";"Россия"
"https://icatalog.expocentr.ru/ru/exhibitions/f33d045e-98f8-11ef-80ce-a0d3c1fab97f/exhibitors/382255?stand=8A053";"ИННЕКСИС, НПО, ООО";"http://www.inneksis.ru/";"8 800 222-1669";"info@inneksis.ru";"Россия"
"https://icatalog.expocentr.ru/ru/exhibitions/f33d045e-98f8-11ef-80ce-a0d3c1fab97f/exhibitors/383417?stand=1F050";"ИННОДРАЙВ, ООО";"https://innodrive.ru/";"+7 (812) 317-7793";"sales@innodrive.ru";"Россия"
"https://icatalog.expocentr.ru/ru/exhibitions/f33d045e-98f8-11ef-80ce-a0d3c1fab97f/exhibitors/382123?stand=6D060";"ИНРЕКО, ООО";"http://www.inreko.ru/";"+7 8362 429495";"poinreko@mail.ru";"Россия"
"https://icatalog.expocentr.ru/ru/exhibitions/f33d045e-98f8-11ef-80ce-a0d3c1fab97f/exhibitors/382681?stand=1C030";"ИНСИСТЕНС, ПО, ООО";"https://cncins.ru/";"8 800 550-2196";"info@cncins.ru";"Россия"
"https://icatalog.expocentr.ru/ru/exhibitions/f33d045e-98f8-11ef-80ce-a0d3c1fab97f/exhibitors/382493?stand=8G057";"ИНСТИТУТ ТЕХНОЛОГИИ МЕТАЛЛОВ НАЦИОНАЛЬНОЙ АКАДЕМИИ НАУК БЕЛАРУСИ, ГНУ";"http://itm.by/";"+375 222 76 66 47";"info@itm.by";"Республика Беларусь"
"https://icatalog.expocentr.ru/ru/exhibitions/f33d045e-98f8-11ef-80ce-a0d3c1fab97f/exhibitors/382053?stand=14B120";"ИНСТРУМЕНТАЛЬНАЯ СИСТЕМА ПТК, ООО";"http://realrez.ru/";"+7 (812) 572-1513";"info@realrez.ru";"Россия"
"https://icatalog.expocentr.ru/ru/exhibitions/f33d045e-98f8-11ef-80ce-a0d3c1fab97f/exhibitors/382331?stand=1B030";"ИНСТРУМЕНТАЛЬНЫЙ ЗАВОД — КОМПЛЕКСНЫЕ ПОСТАВКИ, ООО";"https://sizkp.ru/";"+7 (343) 251-9909";"info@sizkp.ru";"Россия"
"https://icatalog.expocentr.ru/ru/exhibitions/f33d045e-98f8-11ef-80ce-a0d3c1fab97f/exhibitors/383346?stand=4C110";"ИНТЕГРАТОР 1";"http://tecmec.ru/";"+7 (495) 789-1655";"info@tecmec.ru";"Россия"
"https://icatalog.expocentr.ru/ru/exhibitions/f33d045e-98f8-11ef-80ce-a0d3c1fab97f/exhibitors/382293?stand=6D055";"ИНТЕГРИРОВАННЫЕ ИНТЕЛЛЕКТУАЛЬНЫЕ СИСТЕМЫ, ООО";"http://www.ii-system.ru/";"+7 (910) 447-0382";"ceo@ii-system.ru";"Россия"
"https://icatalog.expocentr.ru/ru/exhibitions/f33d045e-98f8-11ef-80ce-a0d3c1fab97f/exhibitors/382401?stand=4C070";"ИНТЕЛЛЕКТУАЛЬНЫЕ РОБОТ СИСТЕМЫ, ООО";"http://www.irobs.ru/";"+7 (495) 414-4727";"sale@irobs.ru";"Россия"
"https://icatalog.expocentr.ru/ru/exhibitions/f33d045e-98f8-11ef-80ce-a0d3c1fab97f/exhibitors/383617?stand=14C090";"ИНТЕРАСС–СЕРВИС";"https://www.metobr-expo.ru/";"";"";"Россия"
"https://icatalog.expocentr.ru/ru/exhibitions/f33d045e-98f8-11ef-80ce-a0d3c1fab97f/exhibitors/382115?stand=3B070";"ИНТЕРВЕСП КОМПАНИЯ, ООО";"http://www.intervesp.ru/";"8 800 555-5100";"info@intervesp.ru";"Россия"
"https://icatalog.expocentr.ru/ru/exhibitions/f33d045e-98f8-11ef-80ce-a0d3c1fab97f/exhibitors/382309?stand=15B090";"ИНТЕРВЕСП-М, ООО";"http://metal-stanki.ru/";"+7 (499) 648-8713";"info@metal-stanki.ru";"Россия"
"https://icatalog.expocentr.ru/ru/exhibitions/f33d045e-98f8-11ef-80ce-a0d3c1fab97f/exhibitors/383566?stand=8D070";"ИНТЕРЭНЕРГО";"https://www.metobr-expo.ru/";"";"";"Россия"
"https://icatalog.expocentr.ru/ru/exhibitions/f33d045e-98f8-11ef-80ce-a0d3c1fab97f/exhibitors/382763?stand=7D030";"ИНТО ПКФ, ЗАВОД СПЕЦИАЛЬНОГО ИНСТРУМЕНТА, ООО";"http://www.into58.com/";"+7 (8412) 999-004";"info@into58.com";"Россия"
"https://icatalog.expocentr.ru/ru/exhibitions/f33d045e-98f8-11ef-80ce-a0d3c1fab97f/exhibitors/382937?stand=4D090";"ИНТРАТУЛ, OOO";"https://intratool.ru/";"+7 (812) 313-5092";"intratool@intratool.ru";"Россия"
"https://icatalog.expocentr.ru/ru/exhibitions/f33d045e-98f8-11ef-80ce-a0d3c1fab97f/exhibitors/382297?stand=8F010";"ИНТЭК, ООО";"http://www.intec.ru/";"+7 (499) 350-8097";"info@intec.ru";"Россия"
"https://icatalog.expocentr.ru/ru/exhibitions/f33d045e-98f8-11ef-80ce-a0d3c1fab97f/exhibitors/382508?stand=8H010";"ИНФАБ, ООО";"http://www.in-fab.ru/";"+7 (495) 380-0515";"info@in-fab.ru";"Россия"
"https://icatalog.expocentr.ru/ru/exhibitions/f33d045e-98f8-11ef-80ce-a0d3c1fab97f/exhibitors/382312?stand=14D195";"ИПЛАНА-ПРО";"http://www.iplana-pro.ru/";"+7 (498) 505-0172";"pro@iplana.ru";"Россия"
"https://icatalog.expocentr.ru/ru/exhibitions/f33d045e-98f8-11ef-80ce-a0d3c1fab97f/exhibitors/382006?stand=3C110";"ИРЛЕН-ИНЖИНИРИНГ, АО";"http://www.irlen.ru/";"+7 (812) 600-6098";"irlen@irlen.ru";"Россия"
"https://icatalog.expocentr.ru/ru/exhibitions/f33d045e-98f8-11ef-80ce-a0d3c1fab97f/exhibitors/382399?stand=14B150";"ИРТИ, ООО";"https://www.metobr-expo.ru/";"+7 (920) 314-2916";"info_dmx@mail.ru";"Россия"
"https://icatalog.expocentr.ru/ru/exhibitions/f33d045e-98f8-11ef-80ce-a0d3c1fab97f/exhibitors/382103?stand=2B060";"ИТА ТЕХНОЛОДЖИ, ООО";"http://www.jettools.ru/";"8 800 555-9182";"neo@jettools.ru";"Россия"
"https://icatalog.expocentr.ru/ru/exhibitions/f33d045e-98f8-11ef-80ce-a0d3c1fab97f/exhibitors/383515?stand=";"ИТО, ИЗДАТЕЛЬСТВО, ООО";"http://www.ito-news.ru/";"+7 (495) 366-9800";"ito@ito-news.ru";"Россия"
"https://icatalog.expocentr.ru/ru/exhibitions/f33d045e-98f8-11ef-80ce-a0d3c1fab97f/exhibitors/382957?stand=14E105";"ИТС-СИБИРЬ, ООО";"http://www.etsregion.ru/";"8 800 444-4262";"info@e2m.ru";"Россия"
"https://icatalog.expocentr.ru/ru/exhibitions/f33d045e-98f8-11ef-80ce-a0d3c1fab97f/exhibitors/383320?stand=4B143";"ИШИМБАЙСКИЙ СТАНКОРЕМОНТНЫЙ ЗАВОД, ООО";"http://www.ufastanki.ru/";"+7 (347) 239-4846";"info@ufastanki.ru";"Россия"
"https://icatalog.expocentr.ru/ru/exhibitions/f33d045e-98f8-11ef-80ce-a0d3c1fab97f/exhibitors/382529?stand=8B065";"КАВИАНТ, НПФ, ООО";"http://www.kaviant.ru/";"+7 343 227-0014";"info@kaviant.ru";"Россия"
"https://icatalog.expocentr.ru/ru/exhibitions/f33d045e-98f8-11ef-80ce-a0d3c1fab97f/exhibitors/382024?stand=3A110";"КАМ СИСТЕМЫ, ООО";"http://www.camsyst.ru/";"+7 (812) 318-5767";"info@camsyst.ru";"Россия"
"https://icatalog.expocentr.ru/ru/exhibitions/f33d045e-98f8-11ef-80ce-a0d3c1fab97f/exhibitors/383407?stand=6C005";"КАМА-МСМ, ООО";"http://www.kama-msm.ru/";"+7 342 2411951";"info@kama-msm.perm.ru";"Россия"
"https://icatalog.expocentr.ru/ru/exhibitions/f33d045e-98f8-11ef-80ce-a0d3c1fab97f/exhibitors/382291?stand=15C010";"КАМИ-ГРУПП, ООО";"http://www.stanki.ru/";"+7 (495) 781-5511";"kami@stanki.ru";"Россия"
"https://icatalog.expocentr.ru/ru/exhibitions/f33d045e-98f8-11ef-80ce-a0d3c1fab97f/exhibitors/383369?stand=6C130";"КАММАРКЕТ ТТК, ООО";"http://www.kammarket.ru/";"+7 8552 39 73 45";"inskam@list.ru";"Россия"
"https://icatalog.expocentr.ru/ru/exhibitions/f33d045e-98f8-11ef-80ce-a0d3c1fab97f/exhibitors/382099?stand=8C035";"КАМОЦЦИ ПНЕВМАТИКА, ООО";"http://www.camozzi.ru/";"+7 (495) 786-6585";"info@camozzi.ru";"Россия"
"https://icatalog.expocentr.ru/ru/exhibitions/f33d045e-98f8-11ef-80ce-a0d3c1fab97f/exhibitors/382122?stand=5B138";"КАСТОЛИН, ООО";"http://www.castolin-eutectic.ru/";"+7 (495) 212-1351";"info@castolin.pro";"Россия"
"https://icatalog.expocentr.ru/ru/exhibitions/f33d045e-98f8-11ef-80ce-a0d3c1fab97f/exhibitors/383597?stand=5E020";"КАТРАН, ООО";"https://katran.pro/";"+7 (347) 285-7724, 285-77-23";"info@katran.pro";"Россия"
"https://icatalog.expocentr.ru/ru/exhibitions/f33d045e-98f8-11ef-80ce-a0d3c1fab97f/exhibitors/382765?stand=8D020";"КВАЛИВЭД, OOO";"http://www.qualived.ru/";"8 800 350-6580";"order@qualived.ru";"Россия"
"https://icatalog.expocentr.ru/ru/exhibitions/f33d045e-98f8-11ef-80ce-a0d3c1fab97f/exhibitors/382475?stand=8A075";"КВАНТ МЕТАЛЛ, ООО";"http://www.xn--80aaenwkaei4cc.xn--p1ai/";"+7 (951) 456-3495";"Qv.Metall@yandex.ru";"Россия"
"https://icatalog.expocentr.ru/ru/exhibitions/f33d045e-98f8-11ef-80ce-a0d3c1fab97f/exhibitors/383365?stand=5B110";"КВАНТ, ООО";"http://kvantcnc.ru/";"+7 (495) 151-6985";"info@kvantcnc.ru";"Россия"
"https://icatalog.expocentr.ru/ru/exhibitions/f33d045e-98f8-11ef-80ce-a0d3c1fab97f/exhibitors/382528?stand=8F083";"КВАНТОРФОРМ, ООО";"http://www.qform3d.ru/";"+7 (499) 643-0453";"sales@qform3d.ru";"Россия"
"https://icatalog.expocentr.ru/ru/exhibitions/f33d045e-98f8-11ef-80ce-a0d3c1fab97f/exhibitors/382242?stand=14B040";"КВАРТА ГРУПП, ООО";"http://www.kvarta.io/";"+7 (495) 740-2544";"info@kvarta.io";"Россия"
"https://icatalog.expocentr.ru/ru/exhibitions/f33d045e-98f8-11ef-80ce-a0d3c1fab97f/exhibitors/382480?stand=4C157";"КЕВ-РУС, ООО";"http://www.keb.ru/";"+7 (492) 237-2480";"info@keb.ru";"Россия"
"https://icatalog.expocentr.ru/ru/exhibitions/f33d045e-98f8-11ef-80ce-a0d3c1fab97f/exhibitors/382756?stand=1A050";"КЕДР, ООО";"http://www.kedrweld.ru/";"+7 (495) 137-5757";"info@kedrweld.ru";"Россия"
"https://icatalog.expocentr.ru/ru/exhibitions/f33d045e-98f8-11ef-80ce-a0d3c1fab97f/exhibitors/383628?stand=8E059";"КЕНОЛЛ";"https://www.metobr-expo.ru/";"";"";"Россия"
"https://icatalog.expocentr.ru/ru/exhibitions/f33d045e-98f8-11ef-80ce-a0d3c1fab97f/exhibitors/382772?stand=2A055";"КИБЕРНЕТИКА, ООО";"http://www.kibernetika.pro/";"+7 (499) 322-7544";"info@kibernetika.pro";"Россия"
"https://icatalog.expocentr.ru/ru/exhibitions/f33d045e-98f8-11ef-80ce-a0d3c1fab97f/exhibitors/381995?stand=8F065";"КИПВАЛЬВ, ООО";"http://www.kipvalve.ru/";"8 800 700-4223";"sales@kipvalve.ru";"Россия"
"https://icatalog.expocentr.ru/ru/exhibitions/f33d045e-98f8-11ef-80ce-a0d3c1fab97f/exhibitors/382330?stand=1C035";"КИРОВГРАДСКИЙ ЗАВОД ТВЕРДЫХ СПЛАВОВ, АО";"http://www.kzts.ru/";"+7 (34357) 40610";"titan@kzts.ru";"Россия"
"https://icatalog.expocentr.ru/ru/exhibitions/f33d045e-98f8-11ef-80ce-a0d3c1fab97f/exhibitors/382250?stand=8B067";"КИРЭЙ, ООО";"http://www.kirei-chemical.ru/";"+7 (499) 390-3045";"info@kirei-chemical.com";"Россия"
"https://icatalog.expocentr.ru/ru/exhibitions/f33d045e-98f8-11ef-80ce-a0d3c1fab97f/exhibitors/381980?stand=8E080";"ККС, ООО";"http://www.kks-spb.ru/";"+7 (812) 741-2365, (812) 741-0044, (812) 741-0626";"mail@kks-spb.ru";"Россия"
"https://icatalog.expocentr.ru/ru/exhibitions/f33d045e-98f8-11ef-80ce-a0d3c1fab97f/exhibitors/382157?stand=4C165";"КОВРОВСКИЙ ЭЛЕКТРОМЕХАНИЧЕСКИЙ ЗАВОД, АО";"http://www.stanki.kemz.org/";"+7 (49232) 9-36-80";"stanki@kemz.org";"Россия"
"https://icatalog.expocentr.ru/ru/exhibitions/f33d045e-98f8-11ef-80ce-a0d3c1fab97f/exhibitors/382314?stand=8G050";"КОМЕТА, АО";"http://www.kometaprom.ru/";"+7 (921) 952-6157";"sev@kemetcom.ru";"Россия"
"https://icatalog.expocentr.ru/ru/exhibitions/f33d045e-98f8-11ef-80ce-a0d3c1fab97f/exhibitors/382139?stand=15C060";"КОМПАНИЯ АМГ, ООО";"http://www.coamg.ru/";"+7 (499) 550-0252";"info@coamg.ru";"Россия"
"https://icatalog.expocentr.ru/ru/exhibitions/f33d045e-98f8-11ef-80ce-a0d3c1fab97f/exhibitors/383418?stand=1C050";"Консорциум АТЛаС, АНО";"http://k-at.ru/";"+7 (938) 299-2921";"info@k-at.ru";"Россия"
"https://icatalog.expocentr.ru/ru/exhibitions/f33d045e-98f8-11ef-80ce-a0d3c1fab97f/exhibitors/382695?stand=8C020";"КОНСТРАКТОР РУС, ООО";"https://constructor-storage.ru/";"+7 (812) 493-5025";"anastasiia.pogosian@constructor-storage.ru";"Россия"
"https://icatalog.expocentr.ru/ru/exhibitions/f33d045e-98f8-11ef-80ce-a0d3c1fab97f/exhibitors/382271?stand=5D050";"КОНТУР, ООО";"https://k97.ru/";"+7 (495) 972-3449";"sales@kontur-97.ru";"Россия"
"https://icatalog.expocentr.ru/ru/exhibitions/f33d045e-98f8-11ef-80ce-a0d3c1fab97f/exhibitors/382760?stand=4D090";"КОНЦЕРН КАЛАШНИКОВ, АО";"http://www.kalashnikovgroup.ru/";"8 800 200-1807";"info@kalashnikov.com";"Россия"
"https://icatalog.expocentr.ru/ru/exhibitions/f33d045e-98f8-11ef-80ce-a0d3c1fab97f/exhibitors/383481?stand=8B025";"КОРПОРАЦИЯ РАЗВИТИЯ УДМУРТСКОЙ РЕСПУБЛИКИ, АНО";"https://madeinudmurtia.ru/";"+7 3412 220000";"info@madeinudmurtia.ru";"Россия"
"https://icatalog.expocentr.ru/ru/exhibitions/f33d045e-98f8-11ef-80ce-a0d3c1fab97f/exhibitors/382294?stand=8F035";"КОРПОРАЦИЯ РОБОТОТЕХНИКИ, АО";"https://corprobo.ru/";"+7 (495) 770-0333";"info@corprobo.ru";"Россия"
"https://icatalog.expocentr.ru/ru/exhibitions/f33d045e-98f8-11ef-80ce-a0d3c1fab97f/exhibitors/382753?stand=15A120";"КОСАПЕР";"http://www.smartlathe.com/";"+7 (985) 146-2711";"cosaper.ru@yandex.ru";"Россия"
"https://icatalog.expocentr.ru/ru/exhibitions/f33d045e-98f8-11ef-80ce-a0d3c1fab97f/exhibitors/382131?stand=8E045";"КОСМОС ТЕХНОЛОДЖИ ИННОВЭЙШН, ООО";"http://www.cosmos-ti.by/";"+375 (44 )781-76-88; +375 (44) 555-46-98.";"info@cosmos-ti.by";"Республика Беларусь"
"https://icatalog.expocentr.ru/ru/exhibitions/f33d045e-98f8-11ef-80ce-a0d3c1fab97f/exhibitors/383316?stand=2D005";"КОЭЛЕТ БРАХА, OOO";"http://xn----7sbhlbaqeieg2asonimf.xn--p1ai/";"+7 (958) 557-9370";"kohelet.bracha@gmail.com";"Россия"
"https://icatalog.expocentr.ru/ru/exhibitions/f33d045e-98f8-11ef-80ce-a0d3c1fab97f/exhibitors/382776?stand=4B176";"КРАСНЫЙ БОРЕЦ, СТАНКОЗАВОД, ОАО";"http://www.krasnyborets.com/";"+375 216 51-81-22";"office@krasnyborets.by";"Республика Беларусь"
"https://icatalog.expocentr.ru/ru/exhibitions/f33d045e-98f8-11ef-80ce-a0d3c1fab97f/exhibitors/382521?stand=5B060";"КРИОБАК";"http://www.cryobak.ru/";"8 800 600-1873";"inbox@cryobak.ru";"Россия"
"https://icatalog.expocentr.ru/ru/exhibitions/f33d045e-98f8-11ef-80ce-a0d3c1fab97f/exhibitors/382210?stand=1A030";"КРИСТАЛ ЛТД, НПП";"http://www.crystalltd.ru/";"+7 (499) 707-7044";"kristalltd@mail.ru";"Россия"
"https://icatalog.expocentr.ru/ru/exhibitions/f33d045e-98f8-11ef-80ce-a0d3c1fab97f/exhibitors/382743?stand=15A020";"КРИСТАЛЛ СЕВЕРО-ЗАПАД, ООО";"http://www.kristallnw.ru/";"+7 (812) 603-2941";"6032941@kristallnw.ru";"Россия"
"https://icatalog.expocentr.ru/ru/exhibitions/f33d045e-98f8-11ef-80ce-a0d3c1fab97f/exhibitors/381991?stand=15C030";"КРОНА ОБОРУДОВАНИЕ, ООО";"http://www.krona-stanki.ru/";"+7 (4912) 460-777";"sale@krona-stanki.ru";"Россия"
"https://icatalog.expocentr.ru/ru/exhibitions/f33d045e-98f8-11ef-80ce-a0d3c1fab97f/exhibitors/382963?stand=8B070";"КРОНОС ТЕХНОЛОГИЯ, ООО";"http://www.skfag.ru/";"+7 (926) 049-8630";"biv@skfcn.com";"Россия"
"https://icatalog.expocentr.ru/ru/exhibitions/f33d045e-98f8-11ef-80ce-a0d3c1fab97f/exhibitors/382286?stand=4C140";"КСМ СПБ, ООО";"http://www.k-sm.ru/";"+7 (812) 702-0104";"inbox@k-sm.ru";"Россия"
"https://icatalog.expocentr.ru/ru/exhibitions/f33d045e-98f8-11ef-80ce-a0d3c1fab97f/exhibitors/382336?stand=8C065";"КСМ-ВОЛГА, ООО";"http://www.ksm-volga.ru/";"+7 8482 759656";"info@ksm-volga.ru";"Россия"
"https://icatalog.expocentr.ru/ru/exhibitions/f33d045e-98f8-11ef-80ce-a0d3c1fab97f/exhibitors/382015?stand=6E090";"КТЦ РУ, ООО";"http://www.ktckazan.ru/";"+7 (843) 524-7755";"ktcru@mail.ru";"Россия"
"https://icatalog.expocentr.ru/ru/exhibitions/f33d045e-98f8-11ef-80ce-a0d3c1fab97f/exhibitors/383475?stand=4B197";"КУЗЛИТМАШ, ОАО";"http://www.kuzlitmash.by/";"+375 (165) 369021";"office@kuzlitmash.by";"Республика Беларусь"
"https://icatalog.expocentr.ru/ru/exhibitions/f33d045e-98f8-11ef-80ce-a0d3c1fab97f/exhibitors/382036?stand=4B110";"Купол-ПРО, АО";"http://kupolpro.ru/";"+7 341 293-1022";"office@kupolpro.ru";"Россия"
"https://icatalog.expocentr.ru/ru/exhibitions/f33d045e-98f8-11ef-80ce-a0d3c1fab97f/exhibitors/383326?stand=8B051";"КУПРУМ, ООО";"https://cu-prum.ru/";"+7 (495) 101-7033";"vm@cu-prum.ru";"Россия"
"https://icatalog.expocentr.ru/ru/exhibitions/f33d045e-98f8-11ef-80ce-a0d3c1fab97f/exhibitors/382339?stand=8E077";"ЛАДОГА, АО";"http://www.ballroll.ru/";"+7 (812) 339-3866";"info@ladogaprof.ru";"Россия"
"https://icatalog.expocentr.ru/ru/exhibitions/f33d045e-98f8-11ef-80ce-a0d3c1fab97f/exhibitors/382352?stand=8F050";"ЛАЗЕРБИ, ООО";"http://www.laserbee.ru/";"+7 (911) 006-1608";"sales@laserbee.ru";"Россия"
"https://icatalog.expocentr.ru/ru/exhibitions/f33d045e-98f8-11ef-80ce-a0d3c1fab97f/exhibitors/382761?stand=1D070";"ЛАЗЕРНЫЕ СИСТЕМЫ, АО";"http://www.lsystems.ru/";"+7 (812) 612-0288";"office@lsystems.ru";"Россия"
"https://icatalog.expocentr.ru/ru/exhibitions/f33d045e-98f8-11ef-80ce-a0d3c1fab97f/exhibitors/382299?stand=14E030";"ЛАЗЕРНЫЙ ЦЕНТР, ООО";"http://www.newlaser.ru/";"+7 (812) 332-0659, 326-7892";"info@newlaser.ru";"Россия"
"https://icatalog.expocentr.ru/ru/exhibitions/f33d045e-98f8-11ef-80ce-a0d3c1fab97f/exhibitors/382614?stand=1B055";"ЛАЗЕРЫ И АППАРАТУРА ТМ, НПЦ, ООО";"https://laser-app.ru/";"+7 (495) 077-8561";"main@laser-app.ru";"Россия"
"https://icatalog.expocentr.ru/ru/exhibitions/f33d045e-98f8-11ef-80ce-a0d3c1fab97f/exhibitors/382025?stand=14A150";"ЛАКОКРАСПОКРЫТИЕ, НПО";"https://www.niilkp.ru/";"+7 (915) 252-1573";"1600@niilkp.ru";"Россия"
"https://icatalog.expocentr.ru/ru/exhibitions/f33d045e-98f8-11ef-80ce-a0d3c1fab97f/exhibitors/382020?stand=4D001";"ЛАПИК, ООО";"http://www.lapic.ru/";"+7 (8452) 35-49-69";"info@lapic.ru";"Россия"
"https://icatalog.expocentr.ru/ru/exhibitions/f33d045e-98f8-11ef-80ce-a0d3c1fab97f/exhibitors/382142?stand=4B090";"ЛАССАРД, ООО";"http://www.lassard.ru/";"+7 (495) 125-1197";"sales@lassard.ru";"Россия"
"https://icatalog.expocentr.ru/ru/exhibitions/f33d045e-98f8-11ef-80ce-a0d3c1fab97f/exhibitors/382132?stand=14C052";"ЛИДЕРМАШ СТАНКИ, ООО";"http://www.leadermash.ru/";"+7 (499) 113-1821";"info@leadermash.ru";"Россия"
"https://icatalog.expocentr.ru/ru/exhibitions/f33d045e-98f8-11ef-80ce-a0d3c1fab97f/exhibitors/382125?stand=14B025";"ЛИДТЕХНОЛОГИЯ, ООО";"https://lidtechnology.ru/";"+7 (812) 448-5821";"Info@lidtechnology.ru";"Россия"
"https://icatalog.expocentr.ru/ru/exhibitions/f33d045e-98f8-11ef-80ce-a0d3c1fab97f/exhibitors/382037?stand=7B070";"ЛИКОН, ООО";"http://www.likon-rus.ru/";"+7 (495) 118-0117";"info@likon-rus.ru";"Россия"
"https://icatalog.expocentr.ru/ru/exhibitions/f33d045e-98f8-11ef-80ce-a0d3c1fab97f/exhibitors/382712?stand=15C070";"ЛИМАО ТРЕЙДИНГ, ООО";"https://maihong.ru/";"8 800 700-2784";"sales@maihong.ru";"Россия"
"https://icatalog.expocentr.ru/ru/exhibitions/f33d045e-98f8-11ef-80ce-a0d3c1fab97f/exhibitors/382403?stand=14B132";"ЛИНЗЛАЗЕР, ООО";"http://www.linzlaser.ru/";"+7 (495) 477-5296";"zakaz@linzlaser.ru";"Россия"
"https://icatalog.expocentr.ru/ru/exhibitions/f33d045e-98f8-11ef-80ce-a0d3c1fab97f/exhibitors/383487?stand=8C005";"ЛИПЕЦКИЙ СТАНКОЗАВОД ВОЗРОЖДЕНИЕ, ЗАО";"http://www.lipetskiystankozavod.ru/";"+7 (4742) 77-88-19";"3L722V@mail.ru";"Россия"
"https://icatalog.expocentr.ru/ru/exhibitions/f33d045e-98f8-11ef-80ce-a0d3c1fab97f/exhibitors/382278?stand=3B155";"ЛИПЕЦКОЕ СТАНКОСТРОИТЕЛЬНОЕ ПРЕДПРИЯТИЕ, ООО";"http://www.lssp.ru/";"8 800 101-0762";"lssp@lssp.ru";"Россия"
"https://icatalog.expocentr.ru/ru/exhibitions/f33d045e-98f8-11ef-80ce-a0d3c1fab97f/exhibitors/383484?stand=8C005";"ЛИПЕЦКТЕХНОЛИТ, ООО";"http://drobemet48.ru/";"+7 (962) 350-4848";"info@drobemet48.ru";"Россия"
"https://icatalog.expocentr.ru/ru/exhibitions/f33d045e-98f8-11ef-80ce-a0d3c1fab97f/exhibitors/382950?stand=8C090";"ЛИУ РУС, ООО";"http://www.lyautomation.ru/";"+7 (905) 305-0662";"sergey.derzhavin@lyautomation.ru";"Россия"
"https://icatalog.expocentr.ru/ru/exhibitions/f33d045e-98f8-11ef-80ce-a0d3c1fab97f/exhibitors/382130?stand=8C046";"ЛККА, ООО";"http://www.lkka-springs.com/";"+7 (495) 128-0008, (925) 532-2206";"info@lkka-springs.com";"Россия"
"https://icatalog.expocentr.ru/ru/exhibitions/f33d045e-98f8-11ef-80ce-a0d3c1fab97f/exhibitors/383568?stand=8E050";"ЛЛК-ИНТЕРНЕШНЛ, ООО";"http://lukoil-masla.ru/";"+7 (495) 627-4020";"masla-sales@lukoil.com";"Россия"
"https://icatalog.expocentr.ru/ru/exhibitions/f33d045e-98f8-11ef-80ce-a0d3c1fab97f/exhibitors/382082?stand=8B063";"ЛОСЕН ТЕХНОЛОГИЯ, ООО";"http://www.rosen-tech.ru/";"+7 (916) 797-1000";"info@losen.tech";"Россия"
"https://icatalog.expocentr.ru/ru/exhibitions/f33d045e-98f8-11ef-80ce-a0d3c1fab97f/exhibitors/382202?stand=8G065";"ЛС-ДРАЙВ, ООО";"http://www.ls-drive.ru/";"+7 (499) 404-2287";"info@ls-drive.ru";"Россия"
"https://icatalog.expocentr.ru/ru/exhibitions/f33d045e-98f8-11ef-80ce-a0d3c1fab97f/exhibitors/382101?stand=7B028";"М-ТУЛ, ООО";"http://caec.ru/";"+7 351 225-2017";"sales@mtural.ru";"Россия"
"https://icatalog.expocentr.ru/ru/exhibitions/f33d045e-98f8-11ef-80ce-a0d3c1fab97f/exhibitors/383542?stand=8G053";"МАГНУМ МЕТАЛЛ";"http://www.mag-m.ru/";"+7 (495) 223-1010";"info@mag-m.ru";"Россия"
"https://icatalog.expocentr.ru/ru/exhibitions/f33d045e-98f8-11ef-80ce-a0d3c1fab97f/exhibitors/382201?stand=6B125";"МАР СЕРВИС";"http://www.mahr-service.ru/";"+7 (812) 989-0305";"info@mahr-service.ru";"Россия"
"https://icatalog.expocentr.ru/ru/exhibitions/f33d045e-98f8-11ef-80ce-a0d3c1fab97f/exhibitors/382317?stand=6D010";"МАСТЕР-ЭКСПЕР, ООО";"https://master-tool.su/";"8 800 550-1719";"info@master-tool.su";"Россия"
"https://icatalog.expocentr.ru/ru/exhibitions/f33d045e-98f8-11ef-80ce-a0d3c1fab97f/exhibitors/382052?stand=15D090";"МАУНДЕР, ООО";"http://www.maunder.ru/";"+7 (495) 150-3066";"mail@maunder.ru";"Россия"
"https://icatalog.expocentr.ru/ru/exhibitions/f33d045e-98f8-11ef-80ce-a0d3c1fab97f/exhibitors/382964?stand=15E120";"МАШИНДЕКС, ООО";"http://www.machindex.ru/";"+7 (495) 136-2761";"info@machindex.ru";"Россия"
"https://icatalog.expocentr.ru/ru/exhibitions/f33d045e-98f8-11ef-80ce-a0d3c1fab97f/exhibitors/383349?stand=14F075";"МАШТЕХНИКА, ООО";"http://www.mashtechnica.ru/";"+7 (495) 984-8610";"info@mashtechnica.ru";"Россия"
"https://icatalog.expocentr.ru/ru/exhibitions/f33d045e-98f8-11ef-80ce-a0d3c1fab97f/exhibitors/382120?stand=15B165";"МАШЭКС-СЕРВИС";"http://www.mashex.com.ru/";"+7 (495) 150-5059";"info@mashex.com.ru";"Россия"
"https://icatalog.expocentr.ru/ru/exhibitions/f33d045e-98f8-11ef-80ce-a0d3c1fab97f/exhibitors/382453?stand=14A115";"МВИФ, ООО";"http://www.mvif.ru/";"+7 (495) 988-6444";"mail@mvif.ru";"Россия"
"https://icatalog.expocentr.ru/ru/exhibitions/f33d045e-98f8-11ef-80ce-a0d3c1fab97f/exhibitors/382621?stand=4C055";"МГТУ ИМ. Н.Э. БАУМАНА";"http://www.bmstu.ru/";"+7 (499) 263-6391";"bauman@bmstu.ru";"Россия"
"https://icatalog.expocentr.ru/ru/exhibitions/f33d045e-98f8-11ef-80ce-a0d3c1fab97f/exhibitors/382138?stand=15D130";"МЕАТЭК Группа компаний";"http://www.meatec.ru/";"+7 (495) 626-9926";"info@meatec.ru";"Россия"
"https://icatalog.expocentr.ru/ru/exhibitions/f33d045e-98f8-11ef-80ce-a0d3c1fab97f/exhibitors/382174?stand=14B160";"МЕТАЛБЕНД";"http://www.metalbend.ru/";"+7 8552 2233313";"info@dener.com.ru";"Россия"
"https://icatalog.expocentr.ru/ru/exhibitions/f33d045e-98f8-11ef-80ce-a0d3c1fab97f/exhibitors/383585?stand=";"МЕТАЛЛ ЭКСПО, ЖУРНАЛ";"https://prompages.ru/";"+7 (812) 324-1863";"sale@prompages.ru";"Россия"
"https://icatalog.expocentr.ru/ru/exhibitions/f33d045e-98f8-11ef-80ce-a0d3c1fab97f/exhibitors/382136?stand=8H040";"МЕТАЛЛ-СПРИНТ";"http://www.metal-sprint.com/";"+7 (499) 286-3223";"info@metal-sprint.com";"Россия"
"https://icatalog.expocentr.ru/ru/exhibitions/f33d045e-98f8-11ef-80ce-a0d3c1fab97f/exhibitors/382215?stand=8G063";"МЕТАЛЛИКО, ООО";"http://www.metalliko.pro/";"+7 (495) 647-6565";"info@metalliko.pro";"Россия"
"https://icatalog.expocentr.ru/ru/exhibitions/f33d045e-98f8-11ef-80ce-a0d3c1fab97f/exhibitors/382079?stand=2B001";"МЕТАЛЛМАШ, ООО";"http://www.metallmash.ru/";"8 800 511-0708";"info@metallmash.ru";"Россия"
"https://icatalog.expocentr.ru/ru/exhibitions/f33d045e-98f8-11ef-80ce-a0d3c1fab97f/exhibitors/383511?stand=8B040";"МЕТАЛЛОГРАФИЯ, ООО";"https://metallografiya.ru/";"+7 4822 452436";"s.shmargun@mgraf.ru";"Россия"
"https://icatalog.expocentr.ru/ru/exhibitions/f33d045e-98f8-11ef-80ce-a0d3c1fab97f/exhibitors/383551?stand=14A120";"МЕТАЛЛООБРАБОТЧИКИ.РУ";"http://www.metalloobrabotchiki.ru/";"+7 (992) 504-5322";"info@metalloobrabotchiki.ru";"Россия"
"https://icatalog.expocentr.ru/ru/exhibitions/f33d045e-98f8-11ef-80ce-a0d3c1fab97f/exhibitors/382021?stand=5B090";"МЕТАЛЛПРОЦЕСС Н, ООО";"https://white-robot.ru/";"+7 (903) 370-0020";"info@white-robot.ru";"Россия"
"https://icatalog.expocentr.ru/ru/exhibitions/f33d045e-98f8-11ef-80ce-a0d3c1fab97f/exhibitors/382383?stand=3C075";"МеталлРез, ООО";"http://metal-rez.ru/";"8 800 550-7323";"info@metal-rez.ru";"Россия"
"https://icatalog.expocentr.ru/ru/exhibitions/f33d045e-98f8-11ef-80ce-a0d3c1fab97f/exhibitors/382307?stand=5E110";"МЕТАЛЛСТРОЙСНАБ, ООО";"http://www.metallstroysnab.ru/";"+7 481235-27-26";"metallstroysnab@gmail.com";"Россия"
"https://icatalog.expocentr.ru/ru/exhibitions/f33d045e-98f8-11ef-80ce-a0d3c1fab97f/exhibitors/382305?stand=15D170";"МЕТАЛМАСТЕР, ООО";"http://www.metalmaster.ru/";"+7 (495) 120-8635";"info@metalmaster.ru";"Россия"
"https://icatalog.expocentr.ru/ru/exhibitions/f33d045e-98f8-11ef-80ce-a0d3c1fab97f/exhibitors/382050?stand=7C055";"МЕТОМЕТ, ООО";"http://www.tootool.ru/";"+7 (495) 118-4466";"info@tootool.ru";"Россия"
"https://icatalog.expocentr.ru/ru/exhibitions/f33d045e-98f8-11ef-80ce-a0d3c1fab97f/exhibitors/382246?stand=15C040";"МЕХАНИТ ГК, ООО";"https://www.mehanit.ru/";"8 800 551-12 06";"info@mehanit.ru";"Россия"
"https://icatalog.expocentr.ru/ru/exhibitions/f33d045e-98f8-11ef-80ce-a0d3c1fab97f/exhibitors/382748?stand=4D030";"МЕХАТРОНИКА, АО";"https://mtronics.ru/";"+7 4932 957700";"info@mtronics.ru";"Россия"
"https://icatalog.expocentr.ru/ru/exhibitions/f33d045e-98f8-11ef-80ce-a0d3c1fab97f/exhibitors/382730?stand=14B254";"МЕХСТРОЙ, ООО";"http://www.spectrline.ru/";"+7 (920) 624-4817";"info@spectrline.ru";"Россия"
"https://icatalog.expocentr.ru/ru/exhibitions/f33d045e-98f8-11ef-80ce-a0d3c1fab97f/exhibitors/383461?stand=4B172";"МЗОР, ОАО";"http://www.mzor.by/";"+375 (17) 221 23 24";"mzor@mzor.by";"Республика Беларусь"
"https://icatalog.expocentr.ru/ru/exhibitions/f33d045e-98f8-11ef-80ce-a0d3c1fab97f/exhibitors/382209?stand=5E055";"МИДАСОТ НПО, ООО";"http://www.midasot.ru/";"+7 (495) 799-5800";"info@midasot.ru";"Россия"
"https://icatalog.expocentr.ru/ru/exhibitions/f33d045e-98f8-11ef-80ce-a0d3c1fab97f/exhibitors/382002?stand=6C040";"МИКРО, ИНЖЕНЕРНО-МЕТРОЛОГИЧЕСКИЙ ЦЕНТР, ООО";"http://www.imcmikro.ru/";"+7 (812) 534-6882";"imcmikro@mail.ru";"Россия"
"https://icatalog.expocentr.ru/ru/exhibitions/f33d045e-98f8-11ef-80ce-a0d3c1fab97f/exhibitors/381979?stand=2E060";"МИЛЛТЮРН МАШИНЕРИ, ООО";"http://www.millturn.ru/";"+7 (495) 204-0024";"info@millturn.ru";"Россия"
"https://icatalog.expocentr.ru/ru/exhibitions/f33d045e-98f8-11ef-80ce-a0d3c1fab97f/exhibitors/383424?stand=8A020";"МИНИСТЕРСТВО ОБРАЗОВАНИЯ РЕСПУБЛИКИ БЕЛАРУСЬ";"http://www.edu.gov.by/";"+375 72008328";"root@edu.gov.by";"Республика Беларусь"
"https://icatalog.expocentr.ru/ru/exhibitions/f33d045e-98f8-11ef-80ce-a0d3c1fab97f/exhibitors/382182?stand=1E005";"МИОН, ПК, ООО";"https://pkmion.ru/";"+7 3822 996501";"pk-mion@mail.ru";"Россия"
"https://icatalog.expocentr.ru/ru/exhibitions/f33d045e-98f8-11ef-80ce-a0d3c1fab97f/exhibitors/382178?stand=7C070";"МИР СТАНОЧНИКА, ООО";"http://www.mirstan.ru/";"+7 (495) 118-2161";"info@mirstan.ru";"Россия"
"https://icatalog.expocentr.ru/ru/exhibitions/f33d045e-98f8-11ef-80ce-a0d3c1fab97f/exhibitors/383371?stand=4B078";"МИРАИ ВИЖН, ООО";"http://www.mvision.tech/";"+7 (960) 055-3447";"info@mvision.tech";"Россия"
"https://icatalog.expocentr.ru/ru/exhibitions/f33d045e-98f8-11ef-80ce-a0d3c1fab97f/exhibitors/383366?stand=4C015";"МИРЭА — РОССИЙСКИЙ ТЕХНОЛОГИЧЕСКИЙ УНИВЕРСИТЕТ (РТУ МИРЭА), ФГБОУ ВО";"http://www.mirea.ru/";"+7 (499) 600-8080";"rector@mirea.ru";"Россия"
"https://icatalog.expocentr.ru/ru/exhibitions/f33d045e-98f8-11ef-80ce-a0d3c1fab97f/exhibitors/382771?stand=4C010";"МИСИС, ФГОУ ВПО НАЦИОНАЛЬНЫЙ ИССЛЕДОВАТЕЛЬСКИЙ ТЕХНОЛОГИЧЕСКИЙ УНИВЕРСИТЕТ";"https://misis.ru/";"+7 (495) 638-4519";"imcenter@misis.ru";"Россия"
"https://icatalog.expocentr.ru/ru/exhibitions/f33d045e-98f8-11ef-80ce-a0d3c1fab97f/exhibitors/383554?stand=6D055";"МКРУС";"http://www.mkrus.ru/";"+7 (499) 130-0868";"am@mkrus.ru";"Россия"
"https://icatalog.expocentr.ru/ru/exhibitions/f33d045e-98f8-11ef-80ce-a0d3c1fab97f/exhibitors/382358?stand=4D180";"МОДМАШ-СОФТ, ООО";"http://www.modmash.ru/";"+7 (831) 220-3128";"info@modmash.ru";"Россия"
"https://icatalog.expocentr.ru/ru/exhibitions/f33d045e-98f8-11ef-80ce-a0d3c1fab97f/exhibitors/382069?stand=2D020";"МОДУЛЬ, ООО";"http://www.modul-m.pro/";"+7 (495) 103-4024";"info@modul-m.pro";"Россия"
"https://icatalog.expocentr.ru/ru/exhibitions/f33d045e-98f8-11ef-80ce-a0d3c1fab97f/exhibitors/382233?stand=14F148";"МОСПРЕСС";"http://www.mospres.ru/";"+7 (499) 110-2367";"info@mospres.ru";"Россия"
"https://icatalog.expocentr.ru/ru/exhibitions/f33d045e-98f8-11ef-80ce-a0d3c1fab97f/exhibitors/382222?stand=4A050";"МОТОРНЫЕ ТЕХНОЛОГИИ НПП, ООО";"https://moykadvs.ru/";"+7 8412 458005";"op@moykadvs.ru";"Россия"
"https://icatalog.expocentr.ru/ru/exhibitions/f33d045e-98f8-11ef-80ce-a0d3c1fab97f/exhibitors/382191?stand=7B010";"МС МЕТРОЛОДЖИ";"http://www.metrologi.ru/";"+7 (812) 336-4050";"meritel@metrologi.ru";"Россия"
"https://icatalog.expocentr.ru/ru/exhibitions/f33d045e-98f8-11ef-80ce-a0d3c1fab97f/exhibitors/383619?stand=4D150";"МС-ТЕХНОЛОГИЯ, ООО";"http://modmash.ru/";"+7 (961) 630-7070";"info@modmash.ru";"Россия"
"https://icatalog.expocentr.ru/ru/exhibitions/f33d045e-98f8-11ef-80ce-a0d3c1fab97f/exhibitors/382147?stand=8A055";"МСК ГРУПП";"http://www.msk-group.pro/";"+7 4842 210292";"Kochioni@yandex.ru";"Россия"
"https://icatalog.expocentr.ru/ru/exhibitions/f33d045e-98f8-11ef-80ce-a0d3c1fab97f/exhibitors/382066?stand=14B190";"МУРОМСКИЙ ПРИБОРОСТРОИТЕЛЬНЫЙ ЗАВОД, АО";"http://mpz-murom.ru/";"+7 49234 60885";"market@mpzflame.ru";"Россия"
"https://icatalog.expocentr.ru/ru/exhibitions/f33d045e-98f8-11ef-80ce-a0d3c1fab97f/exhibitors/382047?stand=8E070";"МЮРРПЛАСТИК СИСТЕМТЕХНИК РУССЛАНД";"http://www.mpw-electric.com/";"+7 (495) 943-0555";"info@mpw-electric.ru";"Россия"
"https://icatalog.expocentr.ru/ru/exhibitions/f33d045e-98f8-11ef-80ce-a0d3c1fab97f/exhibitors/382059?stand=14C205";"НАЗАРОВО-МЕТАЛЛУРГСЕРВИС";"http://nazmetal.ru/";"+7 3915530475";"nazmetall@mail.ru";"Россия"
"https://icatalog.expocentr.ru/ru/exhibitions/f33d045e-98f8-11ef-80ce-a0d3c1fab97f/exhibitors/382190?stand=4D135";"НАКАЛ — ПРОМЫШЛЕННЫЕ ПЕЧИ, ЗАО";"http://www.nakal.ru/";"+7 (495) 988-4047";"nakal@nakal.ru";"Россия"
"https://icatalog.expocentr.ru/ru/exhibitions/f33d045e-98f8-11ef-80ce-a0d3c1fab97f/exhibitors/383497?stand=1B110";"НАЦИОНАЛЬНАЯ АССОЦИАЦИЯ РАЗВИТИЯ СВАРОЧНОГО ПРОИЗВОДСТВА";"http://nawd.group/";"+7 (495) 372-1142";"info@nawd.group";"Россия"
"https://icatalog.expocentr.ru/ru/exhibitions/f33d045e-98f8-11ef-80ce-a0d3c1fab97f/exhibitors/382124?stand=6B020";"НВС ТЕХНИКА, ООО";"https://fenwerk.ru/";"+7 (499) 391-3814";"zakaz@fenwerk.ru";"Россия"
"https://icatalog.expocentr.ru/ru/exhibitions/f33d045e-98f8-11ef-80ce-a0d3c1fab97f/exhibitors/382146?stand=8G020";"НЕВА ТЕХНОЛОДЖИ, ООО";"http://nevatec.ru/";"+7 (812) 784-1534";"info@nevatec.ru";"Россия"
"https://icatalog.expocentr.ru/ru/exhibitions/f33d045e-98f8-11ef-80ce-a0d3c1fab97f/exhibitors/382398?stand=1C025";"НИР, АО";"http://www.zao-nir.com/";"+7 4855 292601";"info@zao-nir.com";"Россия"
"https://icatalog.expocentr.ru/ru/exhibitions/f33d045e-98f8-11ef-80ce-a0d3c1fab97f/exhibitors/382060?stand=4C137";"НИТИ ПРОГРЕСС, АО";"http://www.niti-progress.ru/";"+7 3412 439535";"dav@niti-progress.ru";"Россия"
"https://icatalog.expocentr.ru/ru/exhibitions/f33d045e-98f8-11ef-80ce-a0d3c1fab97f/exhibitors/383442?stand=5C120";"НИУ МЭИ";"http://www.mpei.ru/";"+7 (495) 362-7560";"";"Россия"
"https://icatalog.expocentr.ru/ru/exhibitions/f33d045e-98f8-11ef-80ce-a0d3c1fab97f/exhibitors/382359?stand=6C050";"НОВОТЕКС СИСТЕМС";"http://www.novotexsys.ru/";"+7 (495) 128-3880";"info@novotexsys.ru";"Россия"
"https://icatalog.expocentr.ru/ru/exhibitions/f33d045e-98f8-11ef-80ce-a0d3c1fab97f/exhibitors/383526?stand=14C075";"НОВЫЙ СВЕТ, ООО";"http://novsvet52.ru/";"+7 (831) 214-1492";"nov-svet@list.ru";"Россия"
"https://icatalog.expocentr.ru/ru/exhibitions/f33d045e-98f8-11ef-80ce-a0d3c1fab97f/exhibitors/382253?stand=6C110";"НОРГАУ РУССЛАНД, ООО";"http://www.norgau.com/";"+7 (495) 988-2000";"info@norgau.com";"Россия"
"https://icatalog.expocentr.ru/ru/exhibitions/f33d045e-98f8-11ef-80ce-a0d3c1fab97f/exhibitors/382777?stand=3A090";"НТЦ ГЕММА, ООО";"http://www.gemma.ru/";"+7 (495) 972-2597";"gemma@gemma.ru";"Россия"
"https://icatalog.expocentr.ru/ru/exhibitions/f33d045e-98f8-11ef-80ce-a0d3c1fab97f/exhibitors/382732?stand=8C048";"НЬЮ ЛАЙН ИНЖИНИРИНГ";"http://www.nleng.ru/";"+7 (495) 374-9576";"info@nleng.ru";"Россия"
"https://icatalog.expocentr.ru/ru/exhibitions/f33d045e-98f8-11ef-80ce-a0d3c1fab97f/exhibitors/382038?stand=14F150";"ОБНИНСКИЙ ЦЕНТР ПОРОШКОВОГО НАПЫЛЕНИЯ (ОЦПН, ООО)";"http://www.dymet.net/";"+7 4843921780";"ocps@obninsk.com";"Россия"
"https://icatalog.expocentr.ru/ru/exhibitions/f33d045e-98f8-11ef-80ce-a0d3c1fab97f/exhibitors/383513?stand=";"ОБОРУДОВАНИЕ. РАЗРАБОТКИ. ТЕХНОЛОГИИ, ЖУРНАЛ";"http://www.obo-rt.ru/";"8 800 755-7001";"manager@obo-rt.ru";"Россия"
"https://icatalog.expocentr.ru/ru/exhibitions/f33d045e-98f8-11ef-80ce-a0d3c1fab97f/exhibitors/382946?stand=4B125";"ОБУХОВСКИЙ ЗАВОД, НПО, АО";"http://www.goz.ru/";"+7 (812) 363-9340";"dou@goz.ru";"Россия"
"https://icatalog.expocentr.ru/ru/exhibitions/f33d045e-98f8-11ef-80ce-a0d3c1fab97f/exhibitors/383543?stand=";"ОБЪЕДИНЕННАЯ ПРОМЫШЛЕННАЯ РЕДАКЦИЯ, ООО";"http://www.promweekly.ru/";"+7 (495) 505-7692";"promweekly@mail.ru";"Россия"
"https://icatalog.expocentr.ru/ru/exhibitions/f33d045e-98f8-11ef-80ce-a0d3c1fab97f/exhibitors/382135?stand=3D010";"ОБЪЕДИНЕННЫЕ МАШИНЫ, ООО";"http://o-machines.ru/";"+7 (495) 138-0909";"info@o-machines.ru";"Россия"
"https://icatalog.expocentr.ru/ru/exhibitions/f33d045e-98f8-11ef-80ce-a0d3c1fab97f/exhibitors/382956?stand=14B242";"ОКСИ-ПРО, ООО";"http://www.oxi-pro.ru/";"+7 (495) 510-5350";"info@oxi-pro.ru";"Россия"
"https://icatalog.expocentr.ru/ru/exhibitions/f33d045e-98f8-11ef-80ce-a0d3c1fab97f/exhibitors/383549?stand=15D160";"ОЛДЭНГ СОВМЕСТНОЕ ПРЕДПРИЯТИЕ МАШИНОСТРОИТЕЛЬНАЯ КОМПАНИЯ";"http://oldeng.ru/";"+7 (343) 365-8668";"sve@oldeng.ru";"Россия"
"https://icatalog.expocentr.ru/ru/exhibitions/f33d045e-98f8-11ef-80ce-a0d3c1fab97f/exhibitors/383527?stand=7D090";"ОМЕГА ТЕСТ ГРУПП (ОТГ, ООО)";"http://www.omega-tg.com/";"+7 (499) 302-0137";"info@omega-tg.com";"Россия"
"https://icatalog.expocentr.ru/ru/exhibitions/f33d045e-98f8-11ef-80ce-a0d3c1fab97f/exhibitors/382104?stand=8D001";"ОМП, ООО";"http://www.o-m-p.ru/";"+7 (812) 770-2230";"m26@mail.o-m-p.ru";"Россия"
"https://icatalog.expocentr.ru/ru/exhibitions/f33d045e-98f8-11ef-80ce-a0d3c1fab97f/exhibitors/382735?stand=4D040";"ОМУТНИНСКИЙ МЕТАЛЛУРГИЧЕСКИЙ ЗАВОД, АО";"http://www.voltech.ru/";"+7 (83352) 2-12-87";"info@voltech.ru";"Россия"
"https://icatalog.expocentr.ru/ru/exhibitions/f33d045e-98f8-11ef-80ce-a0d3c1fab97f/exhibitors/383363?stand=1C090";"ОНСИНТ, ООО";"http://www.onsint.ru/";"+7 (964) 718-6285";"info@onsint.ru";"Россия"
"https://icatalog.expocentr.ru/ru/exhibitions/f33d045e-98f8-11ef-80ce-a0d3c1fab97f/exhibitors/381982?stand=5E060";"ОРИОН, НАУЧНО-ИНЖЕНЕРНАЯ КОМПАНИЯ, ООО";"http://www.orion-weldprom.ru/";"+7 (921) 983-0077";"orion-weldprom@yandex.ru";"Россия"
"https://icatalog.expocentr.ru/ru/exhibitions/f33d045e-98f8-11ef-80ce-a0d3c1fab97f/exhibitors/382400?stand=4B184";"ОРШАНСКИЙ ИНСТРУМЕНТАЛЬНЫЙ ЗАВОД, ОАО";"http://www.orshiz.by/";"+375 (216) 516900";"Info@orshiz.by";"Республика Беларусь"
"https://icatalog.expocentr.ru/ru/exhibitions/f33d045e-98f8-11ef-80ce-a0d3c1fab97f/exhibitors/382017?stand=7C020";"ОСНАСТИК, ООО";"http://osnastik.ru/";"+7 (499) 390-9337";"";"Россия"
"https://icatalog.expocentr.ru/ru/exhibitions/f33d045e-98f8-11ef-80ce-a0d3c1fab97f/exhibitors/382737?stand=8G010";"ОСТЕК-АРТТУЛ, ООО";"http://www.ostec-group.ru/";"+7 (495) 788-4444";"info@arttool.ru";"Россия"
"https://icatalog.expocentr.ru/ru/exhibitions/f33d045e-98f8-11ef-80ce-a0d3c1fab97f/exhibitors/382617?stand=8B045";"ПАРАЛЛЕЛЬ, ООО";"http://www.bolt57.ru/";"+7 4862 369036";"parallel@bolt57.ru";"Россия"
"https://icatalog.expocentr.ru/ru/exhibitions/f33d045e-98f8-11ef-80ce-a0d3c1fab97f/exhibitors/383547?stand=14F030";"ПАРТНЕР";"http://www.welding-machine.ru/";"+7 (926) 546-2170";"oleg211185@mail.ru";"Россия"
"https://icatalog.expocentr.ru/ru/exhibitions/f33d045e-98f8-11ef-80ce-a0d3c1fab97f/exhibitors/383473?stand=8B012";"ПАТРИОТ СКБ, ООО";"https://www.metobr-expo.ru/";"+7 (987) 521-9858";"manager@mig-lock.ru";"Россия"
"https://icatalog.expocentr.ru/ru/exhibitions/f33d045e-98f8-11ef-80ce-a0d3c1fab97f/exhibitors/382413?stand=14A140";"ПБМ";"http://pbm.pro/";"+7 (916) 156-5114";"paa@presstool.ru";"Россия"
"https://icatalog.expocentr.ru/ru/exhibitions/f33d045e-98f8-11ef-80ce-a0d3c1fab97f/exhibitors/382170?stand=15C115";"ПЕГАС-РУС, ООО";"http://www.scandicut.ru/";"+7 (812) 670-8816";"info@pegas-rus.ru";"Россия"
"https://icatalog.expocentr.ru/ru/exhibitions/f33d045e-98f8-11ef-80ce-a0d3c1fab97f/exhibitors/383516?stand=4B078";"ПЕГАС, ООО";"https://pegas.company/";"+7 (843) 278-3838";"stanki@pegas.company";"Россия"
"https://icatalog.expocentr.ru/ru/exhibitions/f33d045e-98f8-11ef-80ce-a0d3c1fab97f/exhibitors/382062?stand=6E128";"ПЕГАТЕК";"http://www.pegatec-market.ru/";"8 800 550-5359";"info@pegatec-market.ru";"Россия"
"https://icatalog.expocentr.ru/ru/exhibitions/f33d045e-98f8-11ef-80ce-a0d3c1fab97f/exhibitors/382141?stand=15C020";"ПЕРИТОН ИНЖИНИРИНГ, АО";"http://www.perytone.ru/";"+7 (495) 995-5553";"info@perytone.ru";"Россия"
"https://icatalog.expocentr.ru/ru/exhibitions/f33d045e-98f8-11ef-80ce-a0d3c1fab97f/exhibitors/382248?stand=5B110";"ПЕРМАНЕНТ К&М, АО";"http://permanent.ru/";"+7 (495) 490-6347";"info@permanent.ru";"Россия"
"https://icatalog.expocentr.ru/ru/exhibitions/f33d045e-98f8-11ef-80ce-a0d3c1fab97f/exhibitors/383410?stand=1C050";"ПИКАСО 3Д, ООО";"https://picaso-3d.ru/ru";"+7 (499) 653-8791";"marketing@picaso-3d.ru";"Россия"
"https://icatalog.expocentr.ru/ru/exhibitions/f33d045e-98f8-11ef-80ce-a0d3c1fab97f/exhibitors/382419?stand=7B118";"ПИЛАНА ГРУПП, ООО";"https://pilanagrupp.ru/";"+7 (495) 740-3221";"info@pilanagrupp.ru";"Россия"
"https://icatalog.expocentr.ru/ru/exhibitions/f33d045e-98f8-11ef-80ce-a0d3c1fab97f/exhibitors/382027?stand=4B003";"ПИМЕК, ООО";"http://www.pimek.ru/";"+7 (499) 374-9440";"info@pimek.ru";"Россия"
"https://icatalog.expocentr.ru/ru/exhibitions/f33d045e-98f8-11ef-80ce-a0d3c1fab97f/exhibitors/382355?stand=15B060";"ПКТБА, ЗАО";"http://www.pktba.ru/";"+7 (8412) 200-201";"ks@pktba.ru";"Россия"
"https://icatalog.expocentr.ru/ru/exhibitions/f33d045e-98f8-11ef-80ce-a0d3c1fab97f/exhibitors/382535?stand=8C003";"ПНЕВМАТИКА, АО";"http://www.pneumoao.ru/";"+7 (365) 244-1155";"pneumo@pneumoao.ru";"Россия"
"https://icatalog.expocentr.ru/ru/exhibitions/f33d045e-98f8-11ef-80ce-a0d3c1fab97f/exhibitors/383351?stand=4D160";"ПНЕВМОЛАЙН, ООО";"http://xn--80ablbqlsc8akf2c1c.xn--p1ai/";"+7 (919) 346-8643";"sale@uchistanki.ru";"Россия"
"https://icatalog.expocentr.ru/ru/exhibitions/f33d045e-98f8-11ef-80ce-a0d3c1fab97f/exhibitors/383242?stand=1D112";"ПОККЕЛЬС, ООО";"http://www.pokkels.ru/";"8 800 555-3466";"info@pokkels.ru";"Россия"
"https://icatalog.expocentr.ru/ru/exhibitions/f33d045e-98f8-11ef-80ce-a0d3c1fab97f/exhibitors/382384?stand=3E020";"ПОЛЕСЬЕ, ПП, СООО";"https://www.polesie-toys.com/";"+375 164277000";"office@pppolesie.com";"Республика Беларусь"
"https://icatalog.expocentr.ru/ru/exhibitions/f33d045e-98f8-11ef-80ce-a0d3c1fab97f/exhibitors/382106?stand=14D200";"ПОЛИПЛАСТ, ООО";"http://www.poliplast.ru/";"+7 8112 725315";"marketing@galvanica.ru";"Россия"
"https://icatalog.expocentr.ru/ru/exhibitions/f33d045e-98f8-11ef-80ce-a0d3c1fab97f/exhibitors/382237?stand=8D060";"ПОЛИТЕГ-МЕТ, ООО";"http://www.pmet.biz/";"+7 (495) 921-3747";"info@pmet.biz";"Россия"
"https://icatalog.expocentr.ru/ru/exhibitions/f33d045e-98f8-11ef-80ce-a0d3c1fab97f/exhibitors/382283?stand=3D050";"ПОЛИТЕК, ООО";"http://www.politek-service.ru/";"8 800 511-4805";"info@politek-service.ru";"Россия"
"https://icatalog.expocentr.ru/ru/exhibitions/f33d045e-98f8-11ef-80ce-a0d3c1fab97f/exhibitors/382252?stand=8B043";"ПОЛИТЕХНИКА, ООО";"http://www.polytechnica.ru/";"+7 (812) 241-0025";"info@polytechnica.ru";"Россия"
"https://icatalog.expocentr.ru/ru/exhibitions/f33d045e-98f8-11ef-80ce-a0d3c1fab97f/exhibitors/381988?stand=3A050";"ПОСТПРОЦЕССОР, КГ, АО";"http://www.postprocessor.ru/";"+7 (499) 702-8349";"info@postprocessor.ru";"Россия"
"https://icatalog.expocentr.ru/ru/exhibitions/f33d045e-98f8-11ef-80ce-a0d3c1fab97f/exhibitors/382770?stand=5B095";"ПРАЙД-АВТОМАТИКС, ООО";"http://www.prideautomatics.com/";"+7 8412200993";"robots@prideautomatics.com";"Россия"
"https://icatalog.expocentr.ru/ru/exhibitions/f33d045e-98f8-11ef-80ce-a0d3c1fab97f/exhibitors/382068?stand=7C045";"ПРАЙД, ТОРГОВЫЙ ДОМ, ООО";"http://www.pride.ru/";"8 800 505-1834";"7136@pride.ru";"Россия"
"https://icatalog.expocentr.ru/ru/exhibitions/f33d045e-98f8-11ef-80ce-a0d3c1fab97f/exhibitors/382220?stand=5A001";"ПРЕДИКТОР ЭЛЭЛСИ, ООО";"http://predictorllc.ru/";"+7 (495) 767-8757";"info@predictorllc.ru";"Россия"
"https://icatalog.expocentr.ru/ru/exhibitions/f33d045e-98f8-11ef-80ce-a0d3c1fab97f/exhibitors/383322?stand=8A065";"ПРЕОЛ, ООО";"https://preol.ru/";"+7 (917) 557-8780";"p.gorlova@preol.ru";"Россия"
"https://icatalog.expocentr.ru/ru/exhibitions/f33d045e-98f8-11ef-80ce-a0d3c1fab97f/exhibitors/383315?stand=8E058";"ПРЕСС-СЕРВИС";"http://www.pres-servis.ru/";"+7 (910) 642-5245";"mikhailov_igor_@mail.ru";"Россия"
"https://icatalog.expocentr.ru/ru/exhibitions/f33d045e-98f8-11ef-80ce-a0d3c1fab97f/exhibitors/382005?stand=14D110";"ПРЕССМАШ, СО, ООО";"http://pressmash.ru/";"+7 (495) 215-2050";"info@pressmash.ru";"Россия"
"https://icatalog.expocentr.ru/ru/exhibitions/f33d045e-98f8-11ef-80ce-a0d3c1fab97f/exhibitors/383392?stand=8C020";"ПРИБОРОСТРОИТЕЛЬ, АО";"http://priborvbg.ru/";"+7 8137825406";"tokarev.s@priborvbg.ru";"Россия"
"https://icatalog.expocentr.ru/ru/exhibitions/f33d045e-98f8-11ef-80ce-a0d3c1fab97f/exhibitors/382363?stand=4E030";"ПРИВОДНАЯ ТЕХНИКА, НТЦ, ООО";"http://www.privod.ru/";"+7 (495) 786-2100";"info@privod.ru";"Россия"
"https://icatalog.expocentr.ru/ru/exhibitions/f33d045e-98f8-11ef-80ce-a0d3c1fab97f/exhibitors/383518?stand=1F070";"ПРИКЛАДНАЯ РОБОТОТЕХНИКА, ООО";"http://www.appliedrobotics.ru/";"+7 (495) 142-0235";"info@appliedrobotics.ru";"Россия"
"https://icatalog.expocentr.ru/ru/exhibitions/f33d045e-98f8-11ef-80ce-a0d3c1fab97f/exhibitors/382247?stand=14C170";"ПРИМАТЕК НПК, ООО";"http://www.primatek.ru/";"+7 (812) 960-0361";"info@primatek.ru";"Россия"
"https://icatalog.expocentr.ru/ru/exhibitions/f33d045e-98f8-11ef-80ce-a0d3c1fab97f/exhibitors/382184?stand=6B010";"ПРИОРИТЕТ, ООО";"https://prioritet-tech.com/";"+7 (495) 121-2636";"info@prioritet-tech.com";"Россия"
"https://icatalog.expocentr.ru/ru/exhibitions/f33d045e-98f8-11ef-80ce-a0d3c1fab97f/exhibitors/383571?stand=6C001";"ПРОЕКТ-Р, ООО";"http://proekt-r.com/";"+7 (913) 921-4744";"info@proekt-r.com";"Россия"
"https://icatalog.expocentr.ru/ru/exhibitions/f33d045e-98f8-11ef-80ce-a0d3c1fab97f/exhibitors/382167?stand=6D050";"ПРОМАРСЕНАЛ, КОМПАНИЯ, ООО";"http://www.promarsenal.ru/";"+7 351 225-3138";"info@promarsenal.ru";"Россия"
"https://icatalog.expocentr.ru/ru/exhibitions/f33d045e-98f8-11ef-80ce-a0d3c1fab97f/exhibitors/381983?stand=7C050";"ПРОМГЕОДЕЗИЯ, ООО";"http://www.promgeo.com/";"+7 (812) 676-0767";"company@promgeo.com";"Россия"
"https://icatalog.expocentr.ru/ru/exhibitions/f33d045e-98f8-11ef-80ce-a0d3c1fab97f/exhibitors/382224?stand=4B080";"ПРОМЕТ НПО, ООО";"http://www.safe.ru/";"+7 (495) 777-4860";"info@promet.ru";"Россия"
"https://icatalog.expocentr.ru/ru/exhibitions/f33d045e-98f8-11ef-80ce-a0d3c1fab97f/exhibitors/383419?stand=4B078";"ПРОМЕТЕЙ-Т, OOO";"http://prmt.ru/";"+7 (921) 411-6481";"rylkov@prmt.ru";"Россия"
"https://icatalog.expocentr.ru/ru/exhibitions/f33d045e-98f8-11ef-80ce-a0d3c1fab97f/exhibitors/382272?stand=7C030";"ПРОМИНСТРУМЕНТ, ООО";"https://gesac.com.ru/";"+7 (495) 748-8880";"info@promgrupp.ru";"Россия"
"https://icatalog.expocentr.ru/ru/exhibitions/f33d045e-98f8-11ef-80ce-a0d3c1fab97f/exhibitors/382026?stand=6C070";"ПРОМИНТЕХ";"http://www.prominteh.ru/";"+7 (812) 375-9152";"info@prominteh.ru";"Россия"
"https://icatalog.expocentr.ru/ru/exhibitions/f33d045e-98f8-11ef-80ce-a0d3c1fab97f/exhibitors/382008?stand=15A010";"ПРОМЛОГИСТИКА, ООО";"http://www.promlogistica.ru/";"+7 (499) 495-1142";"info@promlogistica.ru";"Россия"
"https://icatalog.expocentr.ru/ru/exhibitions/f33d045e-98f8-11ef-80ce-a0d3c1fab97f/exhibitors/383548?stand=1E065";"ПРОМОБОТ, ООО";"https://promo-bot.ru/";"+7 342 257-8085";"n.mineeva@promo-bot.ru";"Россия"
"https://icatalog.expocentr.ru/ru/exhibitions/f33d045e-98f8-11ef-80ce-a0d3c1fab97f/exhibitors/382206?stand=15D010";"ПРОМОЙЛ, ООО";"http://www.promoil.com/";"8 800 775-5402";"office@promoil.com";"Россия"
"https://icatalog.expocentr.ru/ru/exhibitions/f33d045e-98f8-11ef-80ce-a0d3c1fab97f/exhibitors/382067?stand=1D010";"ПРОМРЕССУРС НПФ, ООО";"http://www.promressurs.ru/";"+7 (495) 589-2721";"info@promressurs.ru";"Россия"
"https://icatalog.expocentr.ru/ru/exhibitions/f33d045e-98f8-11ef-80ce-a0d3c1fab97f/exhibitors/381992?stand=8E010";"ПРОМРОБОТ, ООО";"https://welding.prom-robot.ru/";"8 800 201-2628";"promrobot@group-svk.ru";"Россия"
"https://icatalog.expocentr.ru/ru/exhibitions/f33d045e-98f8-11ef-80ce-a0d3c1fab97f/exhibitors/382153?stand=14A190";"ПРОМТЕХ, ООО";"http://www.promtehspb.ru/";"+7 (812) 336-3946";"dc@promtehspb.ru";"Россия"
"https://icatalog.expocentr.ru/ru/exhibitions/f33d045e-98f8-11ef-80ce-a0d3c1fab97f/exhibitors/382175?stand=14A130";"ПРОМТЕХКОМПЛЕКТ, АО";"http://www.stanki.ptkgroup.ru/";"+7 (495) 721-8500";"info@ptkgroup.ru";"Россия"
"https://icatalog.expocentr.ru/ru/exhibitions/f33d045e-98f8-11ef-80ce-a0d3c1fab97f/exhibitors/382495?stand=14D180";"ПРОМТЕХСЕРВИС, ООО";"http://www.prom-ts.com/";"+7 (495) 771-7767";"info@prom-ts.com";"Россия"
"https://icatalog.expocentr.ru/ru/exhibitions/f33d045e-98f8-11ef-80ce-a0d3c1fab97f/exhibitors/382343?stand=8B001";"ПРОМТЭК, НПП, ООО";"https://npp-promtek.ru/";"+7 (846) 205-5300";"info@npp-promtek.ru";"Россия"
"https://icatalog.expocentr.ru/ru/exhibitions/f33d045e-98f8-11ef-80ce-a0d3c1fab97f/exhibitors/383522?stand=";"ПРОМЫШЛЕННЫЕ СТРАНИЦЫ, ЖУРНАЛ";"http://www.indpages.ru/";"+7 3912190119";"reklama@pgmedia.ru";"Россия"
"https://icatalog.expocentr.ru/ru/exhibitions/f33d045e-98f8-11ef-80ce-a0d3c1fab97f/exhibitors/382496?stand=8B001";"ПромЭкспертГрупп, ООО";"http://pegexport.com/";"+7 846 201-2823";"info@pegroup.kz";"Россия"
"https://icatalog.expocentr.ru/ru/exhibitions/f33d045e-98f8-11ef-80ce-a0d3c1fab97f/exhibitors/382755?stand=2A010";"ПРОСИСТЕМ, ООО";"http://www.runord-tools.ru/";"+7 (499) 714-7044";"info@runord-tools.ru";"Россия"
"https://icatalog.expocentr.ru/ru/exhibitions/f33d045e-98f8-11ef-80ce-a0d3c1fab97f/exhibitors/382126?stand=15D070";"ПРОТЕХНОЛОГИИ, АО";"http://www.protechnolog.ru/";"+7 (812) 318-7558";"office@protechnolog.ru";"Россия"
"https://icatalog.expocentr.ru/ru/exhibitions/f33d045e-98f8-11ef-80ce-a0d3c1fab97f/exhibitors/382725?stand=3B075";"ПРОТОН-М, ООО";"http://www.proton-stanki.ru/";"8 800 301-8251";"info@proton-stanki.ru";"Россия"
"https://icatalog.expocentr.ru/ru/exhibitions/f33d045e-98f8-11ef-80ce-a0d3c1fab97f/exhibitors/382707?stand=8C020";"ПРОФАВТОМАТИКА, ООО";"https://tekom.com/";"+7 (812) 600-6780";"s.leskova@tekom.com";"Россия"
"https://icatalog.expocentr.ru/ru/exhibitions/f33d045e-98f8-11ef-80ce-a0d3c1fab97f/exhibitors/382611?stand=5B038";"ПРОФЕССИОНАЛЬНАЯ СВАРКА РУС, ООО";"https://www.metobr-expo.ru/";"+7 (921) 308-4981";"a.bolshakov@rus-welding.ru";"Россия"
"https://icatalog.expocentr.ru/ru/exhibitions/f33d045e-98f8-11ef-80ce-a0d3c1fab97f/exhibitors/383336?stand=8B080";"ПРОФТЕРМО";"http://www.proftermo.ru/";"+7 8552 778368";"mail@proftermo.com";"Россия"
"https://icatalog.expocentr.ru/ru/exhibitions/f33d045e-98f8-11ef-80ce-a0d3c1fab97f/exhibitors/382745?stand=7A010";"ПРОФТУЛС, ООО";"https://proftoolsspb.ru/";"+7 (812) 380-8289";"office@proftools-spb.ru";"Россия"
"https://icatalog.expocentr.ru/ru/exhibitions/f33d045e-98f8-11ef-80ce-a0d3c1fab97f/exhibitors/382303?stand=4E040";"ПРОЦЕСС, НПО, ООО";"http://www.npoprocess.ru/";"+7 (812) 426-9906";"commerce@npoprocess.ru";"Россия"
"https://icatalog.expocentr.ru/ru/exhibitions/f33d045e-98f8-11ef-80ce-a0d3c1fab97f/exhibitors/382232?stand=15C110";"ПСК, ООО";"https://promcab.ru/";"+7 (495) 145-8303";"info@promcab.ru";"Россия"
"https://icatalog.expocentr.ru/ru/exhibitions/f33d045e-98f8-11ef-80ce-a0d3c1fab97f/exhibitors/383453?stand=8F056";"ПТЦ ВЕКТОР, ООО";"https://ptc-vector.ru/contacts";"+7 (930) 035-6014";"a.matrenin@ptc-vector.ru";"Россия"
"https://icatalog.expocentr.ru/ru/exhibitions/f33d045e-98f8-11ef-80ce-a0d3c1fab97f/exhibitors/382281?stand=4C163";"ПУШ ПУЛ, ТД, ООО";"http://www.tdpushpull.com/";"+7 (495) 792-0070";"info@tdpushpull.com";"Россия"
"https://icatalog.expocentr.ru/ru/exhibitions/f33d045e-98f8-11ef-80ce-a0d3c1fab97f/exhibitors/382219?stand=14E170";"Р-ГАРНЕТ, АО";"http://www.r-garnet.ru/";"8 800 700-9464";"info@r-garnet.ru";"Россия"
"https://icatalog.expocentr.ru/ru/exhibitions/f33d045e-98f8-11ef-80ce-a0d3c1fab97f/exhibitors/382137?stand=14E010";"Р-СТАЛЬ, АО";"http://rosmark.ru/";"8 800 700-2764";"stanok@rosmark.ru";"Россия"
"https://icatalog.expocentr.ru/ru/exhibitions/f33d045e-98f8-11ef-80ce-a0d3c1fab97f/exhibitors/382351?stand=3C130";"РАЗМЕР, OOO";"http://razmergroup.com/";"+7 (812) 389-3399";"sales@razmergroup.ru";"Россия"
"https://icatalog.expocentr.ru/ru/exhibitions/f33d045e-98f8-11ef-80ce-a0d3c1fab97f/exhibitors/383477?stand=8F054";"РДА ГРУПП, ООО";"http://www.stardagroup.ru/";"8 800 777-3534";"rda_group@mail.ru";"Россия"
"https://icatalog.expocentr.ru/ru/exhibitions/f33d045e-98f8-11ef-80ce-a0d3c1fab97f/exhibitors/382375?stand=15B150";"РЕГИОНАЛЬНАЯ ПРОИЗВОДСТВЕННАЯ КОМПАНИЯ, ООО";"http://www.rpk-reutov.ru/";"+7 (495) 943-4945";"info@rpk-reutov.ru";"Россия"
"https://icatalog.expocentr.ru/ru/exhibitions/f33d045e-98f8-11ef-80ce-a0d3c1fab97f/exhibitors/383552?stand=8E042";"РЕДИУС 168, ООО";"http://www.redius.spb.ru/";"+7 (495) 741-0276";"redius@redius.spb.ru";"Россия"
"https://icatalog.expocentr.ru/ru/exhibitions/f33d045e-98f8-11ef-80ce-a0d3c1fab97f/exhibitors/383474?stand=14D155";"РЕЛСТАН";"http://www.relstan.ru/";"8 800 600-4130";"info@relstan.ru";"Россия"
"https://icatalog.expocentr.ru/ru/exhibitions/f33d045e-98f8-11ef-80ce-a0d3c1fab97f/exhibitors/383464?stand=8C005";"РЕМЛИТМАШ, ООО";"http://www.remlitmash48.ru/";"+7 (960) 155-0977";"remlitmash@yandex.ru";"Россия"
"https://icatalog.expocentr.ru/ru/exhibitions/f33d045e-98f8-11ef-80ce-a0d3c1fab97f/exhibitors/382366?stand=4C160";"РЕММАШ СПБ, ООО";"http://www.remmash.ru/";"+7 (812) 294-6033";"rs@remmash.ru";"Россия"
"https://icatalog.expocentr.ru/ru/exhibitions/f33d045e-98f8-11ef-80ce-a0d3c1fab97f/exhibitors/382087?stand=14D165";"РЕНОЛ ГРУПП, ООО";"https://renolgroup.com/";"+7 (812) 213-4770";"info@renolgroup.com";"Россия"
"https://icatalog.expocentr.ru/ru/exhibitions/f33d045e-98f8-11ef-80ce-a0d3c1fab97f/exhibitors/382405?stand=8A060";"РЕПРОМ, ООО";"http://www.reprom-sm.ru/";"+7 (812) 509-2224";"main@reprom-sm.ru";"Россия"
"https://icatalog.expocentr.ru/ru/exhibitions/f33d045e-98f8-11ef-80ce-a0d3c1fab97f/exhibitors/382160?stand=7B026";"РЕСУРС ПЛЮС, ООО";"https://www.rp-ural.ru/";"+7 351 220-7441";"info@rp-ural.ru";"Россия"
"https://icatalog.expocentr.ru/ru/exhibitions/f33d045e-98f8-11ef-80ce-a0d3c1fab97f/exhibitors/383394?stand=4B078";"РИБОРН, OOO";"https://riborn.ru/";"+7 (917) 907-2112";"info@riborn.ru";"Россия"
"https://icatalog.expocentr.ru/ru/exhibitions/f33d045e-98f8-11ef-80ce-a0d3c1fab97f/exhibitors/382211?stand=6B120";"РИК, ООО";"http://www.kronwerk.biz/";"+7 (905) 233-9627";"dd@ricspb.ru";"Россия"
"https://icatalog.expocentr.ru/ru/exhibitions/f33d045e-98f8-11ef-80ce-a0d3c1fab97f/exhibitors/382864?stand=1B001";"РИТ-ИНЖИНИРИНГ, НПП, ООО";"http://www.rit-i.ru/";"+7 (495) 988-8307";"info@rit-i.ru";"Россия"
"https://icatalog.expocentr.ru/ru/exhibitions/f33d045e-98f8-11ef-80ce-a0d3c1fab97f/exhibitors/383502?stand=";"РИТМ МАШИНОСТРОЕНИЯ, ЖУРНАЛ";"http://www.ritm-magazine.com/";"+7 (499) 559-9998";"info@ritm-magazine.com";"Россия"
"https://icatalog.expocentr.ru/ru/exhibitions/f33d045e-98f8-11ef-80ce-a0d3c1fab97f/exhibitors/383581?stand=5B110";"РМК";"https://www.metobr-expo.ru/";"";"";"Россия"
"https://icatalog.expocentr.ru/ru/exhibitions/f33d045e-98f8-11ef-80ce-a0d3c1fab97f/exhibitors/382612?stand=6A020";"РОБАЛС ПК, ООО";"http://www.robals.ru/";"+7 (86137) 9-41-22, 9-43-03";"info@robals.ru";"Россия"
"https://icatalog.expocentr.ru/ru/exhibitions/f33d045e-98f8-11ef-80ce-a0d3c1fab97f/exhibitors/382613?stand=14B085";"РОБИЛАЙН, ООО";"http://www.robyline.by/";"+375 447808099";"info@robyline.by";"Республика Беларусь"
"https://icatalog.expocentr.ru/ru/exhibitions/f33d045e-98f8-11ef-80ce-a0d3c1fab97f/exhibitors/383569?stand=1F060";"РОБОКОМПОНЕНТ";"https://www.metobr-expo.ru/";"";"";"Россия"
"https://icatalog.expocentr.ru/ru/exhibitions/f33d045e-98f8-11ef-80ce-a0d3c1fab97f/exhibitors/383420?stand=1E100";"РОБОПРО";"http://www.robopro.pro/";"+7 (495) 797-7414";"info@robopro.pro";"Россия"
"https://icatalog.expocentr.ru/ru/exhibitions/f33d045e-98f8-11ef-80ce-a0d3c1fab97f/exhibitors/382936?stand=5E030";"РОБОТЕК, ООО";"http://www.robotek.msk.ru/";"+7 (495) 778-6388";"info@robotek.msk.ru";"Россия"
"https://icatalog.expocentr.ru/ru/exhibitions/f33d045e-98f8-11ef-80ce-a0d3c1fab97f/exhibitors/382953?stand=1B055";"РОБОТЕХ, ООО";"https://robotech.digital/";"+7 (342) 292-1460";"info@robotech.digital";"Россия"
"https://icatalog.expocentr.ru/ru/exhibitions/f33d045e-98f8-11ef-80ce-a0d3c1fab97f/exhibitors/383446?stand=8F056";"РОБОТОТЕХНИКА, ООО";"http://www.robteh.ru/";"+7 (499) 113-7033";"a.hapancev@robteh.ru";"Россия"
"https://icatalog.expocentr.ru/ru/exhibitions/f33d045e-98f8-11ef-80ce-a0d3c1fab97f/exhibitors/382451?stand=7D010";"РОДМИКС, ООО";"https://www.rodmix.ru/";"+7 4852 680021";"info@rodmix.ru";"Россия"
"https://icatalog.expocentr.ru/ru/exhibitions/f33d045e-98f8-11ef-80ce-a0d3c1fab97f/exhibitors/381998?stand=5C010";"РОКСИСТЕМЫ, ООО";"http://www.rocksystems.ru/";"8 800 201-0585";"info@rocksystems.ru";"Россия"
"https://icatalog.expocentr.ru/ru/exhibitions/f33d045e-98f8-11ef-80ce-a0d3c1fab97f/exhibitors/382022?stand=8F070";"РОЛТЭК, ООО";"https://www.rolls.ru/";"+7 (812) 679-8050, 8 800 350-2448";"procrane@rolls.ru";"Россия"
"https://icatalog.expocentr.ru/ru/exhibitions/f33d045e-98f8-11ef-80ce-a0d3c1fab97f/exhibitors/382740?stand=4B180";"РОНТЕК МАШИН ТУЛС";"http://www.rontek.by/";"+375 177548001";"dir@rontek.by";"Республика Беларусь"
"https://icatalog.expocentr.ru/ru/exhibitions/f33d045e-98f8-11ef-80ce-a0d3c1fab97f/exhibitors/382769?stand=1B050";"РОСАТОМ АДДИТИВНЫЕ ТЕХНОЛОГИИ, ООО";"https://rosat.tvel.ru/";"+7 (499) 949-2430";"daguk@rosatom.ru";"Россия"
"https://icatalog.expocentr.ru/ru/exhibitions/f33d045e-98f8-11ef-80ce-a0d3c1fab97f/exhibitors/382275?stand=2A050";"РОСНА ИНЖИНИРИНГ НТ, ООО";"http://www.rosna.spb.ru/";"+7 (812) 502-9393";"nt@rosna.spb.ru";"Россия"
"https://icatalog.expocentr.ru/ru/exhibitions/f33d045e-98f8-11ef-80ce-a0d3c1fab97f/exhibitors/383570?stand=8D072";"РОССИЙСКАЯ МАНИПУЛЯТОРНАЯ КОМПАНИЯ (РМК)";"http://www.rus-man.com/";"8 800 700-1133";"info@rus-man.com";"Россия"
"https://icatalog.expocentr.ru/ru/exhibitions/f33d045e-98f8-11ef-80ce-a0d3c1fab97f/exhibitors/382420?stand=8D045";"РОТОР, ПКП, ООО";"http://www.pkp-rotor.ru/";"+7 (930) 220-0140";"zakaz@pkp-rotor.ru";"Россия"
"https://icatalog.expocentr.ru/ru/exhibitions/f33d045e-98f8-11ef-80ce-a0d3c1fab97f/exhibitors/382729?stand=5E010";"РОТОРИКА, ООО";"http://www.ro-tools.ru/";"+7 (495) 788-7178";"info@ro-tool.ru";"Россия"
"https://icatalog.expocentr.ru/ru/exhibitions/f33d045e-98f8-11ef-80ce-a0d3c1fab97f/exhibitors/382407?stand=6D012";"РСКИТ ПК, ООО";"http://www.rskit.ru/";"+7 (495) 727-6438";"khomiakov@rskit.ru";"Россия"
"https://icatalog.expocentr.ru/ru/exhibitions/f33d045e-98f8-11ef-80ce-a0d3c1fab97f/exhibitors/382373?stand=14A185";"РТС ИНЖИНИРИНГ, ООО";"http://www.rts-engineering.ru/";"+7 (495) 964-4748";"main@rts-engineering.ru";"Россия"
"https://icatalog.expocentr.ru/ru/exhibitions/f33d045e-98f8-11ef-80ce-a0d3c1fab97f/exhibitors/383350?stand=7D152";"РТСЕРВИС, ООО";"http://www.rtservice.ru/";"+7 (495) 223-3597";"asmoiseev@rtservice.ru";"Россия"
"https://icatalog.expocentr.ru/ru/exhibitions/f33d045e-98f8-11ef-80ce-a0d3c1fab97f/exhibitors/382421?stand=8G040";"РУСАЛ";"https://www.metobr-expo.ru/";"+7 8442 745698";"Yuliya.Zhadaeva@rusal.com";"Россия"
"https://icatalog.expocentr.ru/ru/exhibitions/f33d045e-98f8-11ef-80ce-a0d3c1fab97f/exhibitors/382051?stand=8C050";"РУСИНДАСТРИ ПК, ООО";"http://www.rusindastry.ru/";"8 800 100-7283";"info@rusindastry.ru";"Россия"
"https://icatalog.expocentr.ru/ru/exhibitions/f33d045e-98f8-11ef-80ce-a0d3c1fab97f/exhibitors/382096?stand=15D110";"РУСИНЖИНИРИНГ, ООО";"http://hgsv.ru/";"+7 3522 509389";"info@hgsv.ru";"Россия"
"https://icatalog.expocentr.ru/ru/exhibitions/f33d045e-98f8-11ef-80ce-a0d3c1fab97f/exhibitors/382566?stand=1E055";"РУССКИЕ КУЗНЕЧНЫЕ МАШИНЫ, ООО";"http://rf-m.com/";"+7 351 259-4630";"info@rf-m.com";"Россия"
"https://icatalog.expocentr.ru/ru/exhibitions/f33d045e-98f8-11ef-80ce-a0d3c1fab97f/exhibitors/382165?stand=1B040";"РУССКИЙ ИНСТРУМЕНТ, ПФ, ООО";"http://beltools.ru/";"+7 (4722) 78-93-93";"info@beltools.ru";"Россия"
"https://icatalog.expocentr.ru/ru/exhibitions/f33d045e-98f8-11ef-80ce-a0d3c1fab97f/exhibitors/382342?stand=14A080";"РУХСЕРВОМОТОР, ООО";"http://www.ruchservomotor.by/";"+375 173905443";"info@e-motors.tech";"Республика Беларусь"
"https://icatalog.expocentr.ru/ru/exhibitions/f33d045e-98f8-11ef-80ce-a0d3c1fab97f/exhibitors/383340?stand=8B015";"РЫБИНСКИЙ ИНСТРУМЕНТАЛЬНЫЙ ЗАВОД, ООО";"https://riz76.ru/";"8 800 301-6556";"zavod@riz76.ru";"Россия"
"https://icatalog.expocentr.ru/ru/exhibitions/f33d045e-98f8-11ef-80ce-a0d3c1fab97f/exhibitors/382238?stand=14E055";"РЭДИАНС, ООО";"https://radiance-laser.ru/";"8 800 505-3485";"sales@radiance-laser.ru";"Россия"
"https://icatalog.expocentr.ru/ru/exhibitions/f33d045e-98f8-11ef-80ce-a0d3c1fab97f/exhibitors/383411?stand=1C050";"РЭДИТИВ КБ, ООО";"http://reditve.ru/";"+7 3422251678";"in@reditive.ru";"Россия"
"https://icatalog.expocentr.ru/ru/exhibitions/f33d045e-98f8-11ef-80ce-a0d3c1fab97f/exhibitors/383414?stand=1C050";"РЭК, ООО";"https://rec3d.ru/";"+7 (499) 288-2726";"potok@rec3d.ru";"Россия"
"https://icatalog.expocentr.ru/ru/exhibitions/f33d045e-98f8-11ef-80ce-a0d3c1fab97f/exhibitors/382354?stand=14E192";"РЭС ФЕРРОПОЛИС";"http://www.ferropolis.ru/";"+7 (812) 702-0452";"info@ferropolis.ru";"Россия"
"https://icatalog.expocentr.ru/ru/exhibitions/f33d045e-98f8-11ef-80ce-a0d3c1fab97f/exhibitors/382589?stand=3B150";"РЯЗАНСКОЕ СТАНКОСТРОИТЕЛЬНОЕ ОБЪЕДИНЕНИЕ, АО";"http://www.rso-stanki.ru/";"8 800 551-2004";"info@rso-stanki.ru";"Россия"
"https://icatalog.expocentr.ru/ru/exhibitions/f33d045e-98f8-11ef-80ce-a0d3c1fab97f/exhibitors/383531?stand=15B012";"САВ-ГРУПП, ООО";"https://www.metobr-expo.ru/";"+7 (925) 978-4827";"amidsav002@mail.ru";"Россия"
"https://icatalog.expocentr.ru/ru/exhibitions/f33d045e-98f8-11ef-80ce-a0d3c1fab97f/exhibitors/382310?stand=14C167";"САДДЕКС СБ";"http://www.saddex.ru/";"+7 (495) 811-0081";"info@saddex.ru";"Россия"
"https://icatalog.expocentr.ru/ru/exhibitions/f33d045e-98f8-11ef-80ce-a0d3c1fab97f/exhibitors/382766?stand=1B055";"САМАРСКИЙ НАЦИОНАЛЬНЫЙ ИССЛЕДОВАТЕЛЬСКИЙ УНИВЕРСИТЕТ ИМЕНИ АКАДЕМИКА С.П. КОРОЛЕВА";"https://ssau.ru/";"+7 (846) 267-4322, (846) 334-7922";"ideu@ssau.ru";"Россия"
"https://icatalog.expocentr.ru/ru/exhibitions/f33d045e-98f8-11ef-80ce-a0d3c1fab97f/exhibitors/382340?stand=8B001";"САМАРСКИЙ ОПЫТНО-ЭКСПЕРИМЕНТАЛЬНЫЙ ЗАВОД АЛЮМИНИЕВЫХ СПЛАВОВ, ЗАО";"https://www.metobr-expo.ru/";"+7 846 342-6046";"lea@scraport.ru";"Россия"
"https://icatalog.expocentr.ru/ru/exhibitions/f33d045e-98f8-11ef-80ce-a0d3c1fab97f/exhibitors/382285?stand=6D130";"САМСОНТЕХНО, ООО";"http://www.samsontechno.ru/";"+7 (495) 740-5648";"office@samson-techno.ru";"Россия"
"https://icatalog.expocentr.ru/ru/exhibitions/f33d045e-98f8-11ef-80ce-a0d3c1fab97f/exhibitors/383321?stand=1D090";"САНКТ-ПЕТЕРБУРГСКИЙ ГОСУДАРСТВЕННЫЙ МОРСКОЙ ТЕХНИЧЕСКИЙ УНИВЕРСИТЕТ, ФГБОУ ВО";"http://smtu.ru/";"+7 (812) 714-0761";"office@smtu.ru";"Россия"
"https://icatalog.expocentr.ru/ru/exhibitions/f33d045e-98f8-11ef-80ce-a0d3c1fab97f/exhibitors/382365?stand=14B252";"САННЕН РУС, ООО";"http://www.honings.ru/";"+7 (495) 258-4343";"sunnen@sunnen-russia.ru";"Россия"
"https://icatalog.expocentr.ru/ru/exhibitions/f33d045e-98f8-11ef-80ce-a0d3c1fab97f/exhibitors/382758?stand=2D001";"САРАПУЛЬСКИЙ ЭЛЕКТРОГЕНЕРАТОРНЫЙ ЗАВОД (СЭГЗ), АО";"http://www.segz.ru/";"+7 34147 97293";"reklama@segz.ru";"Россия"
"https://icatalog.expocentr.ru/ru/exhibitions/f33d045e-98f8-11ef-80ce-a0d3c1fab97f/exhibitors/382111?stand=1F010";"САТУРН — ИНСТРУМЕНТАЛЬНЫЙ ЗАВОД (СатИЗ, АО)";"http://www.satiz.ru/";"+7 4855 32-07-78";"Idea@satiz.ru";"Россия"
"https://icatalog.expocentr.ru/ru/exhibitions/f33d045e-98f8-11ef-80ce-a0d3c1fab97f/exhibitors/382014?stand=5E110";"СВАРИВАЕМ БУДУЩЕЕ, ООО";"http://svar-go.ru/";"+7 (495) 150-5320";"info@svar-go.ru";"Россия"
"https://icatalog.expocentr.ru/ru/exhibitions/f33d045e-98f8-11ef-80ce-a0d3c1fab97f/exhibitors/382046?stand=5C110";"СВАРНОЙ, ООО";"http://www.svarnoy.ru/";"8 800 600-4491";"info@svarnoy.ru";"Россия"
"https://icatalog.expocentr.ru/ru/exhibitions/f33d045e-98f8-11ef-80ce-a0d3c1fab97f/exhibitors/382938?stand=14B140";"СЕКИРУС, ТМ (ТД ГЕФЕСТ)";"https://sekirus.com/";"8 800 600-1116";"info@sekirus.com";"Россия"
"https://icatalog.expocentr.ru/ru/exhibitions/f33d045e-98f8-11ef-80ce-a0d3c1fab97f/exhibitors/382775?stand=4D090";"СЕМАРГЛ, ООО";"http://www.semargl.pro/";"+7 (812) 702-1021";"info@semargl.pro";"Россия"
"https://icatalog.expocentr.ru/ru/exhibitions/f33d045e-98f8-11ef-80ce-a0d3c1fab97f/exhibitors/382691?stand=4D120";"СЕМАТ, ООО";"http://www.semat.ru/";"+7 (495) 150-0285";"sales@semat.ru";"Россия"
"https://icatalog.expocentr.ru/ru/exhibitions/f33d045e-98f8-11ef-80ce-a0d3c1fab97f/exhibitors/382019?stand=7C005";"СЕНСОР-ТУЛ, ООО";"http://www.sensor-tool.ru/";"+7 (906) 884-6097";"310182@inbox.ru";"Россия"
"https://icatalog.expocentr.ru/ru/exhibitions/f33d045e-98f8-11ef-80ce-a0d3c1fab97f/exhibitors/382064?stand=8E075";"СЕНСОРЕН ЭЛЕКТРО, ООО";"http://www.sensoren.ru/";"+7 (495) 150-4800";"info@sensoren.ru";"Россия"
"https://icatalog.expocentr.ru/ru/exhibitions/f33d045e-98f8-11ef-80ce-a0d3c1fab97f/exhibitors/382949?stand=15E060";"СЕРВИСТЕХ, ООО";"http://www.servicetex.ru/";"+7 (499) 550-2947";"info@servicetex.ru";"Россия"
"https://icatalog.expocentr.ru/ru/exhibitions/f33d045e-98f8-11ef-80ce-a0d3c1fab97f/exhibitors/382726?stand=14B130";"СЕТЕК ТЕХНОЛОДЖИ, ООО";"http://www.setek.tech/";"8 800 551-0789";"zakaz@setek.tech";"Россия"
"https://icatalog.expocentr.ru/ru/exhibitions/f33d045e-98f8-11ef-80ce-a0d3c1fab97f/exhibitors/382304?stand=1D001";"СИЗ, АО";"http://www.siz66.ru/";"+7 343 385-8710";"zavod@siz66.ru";"Россия"
"https://icatalog.expocentr.ru/ru/exhibitions/f33d045e-98f8-11ef-80ce-a0d3c1fab97f/exhibitors/382962?stand=8F085";"СИМБИРСКИЙ КРАНОВЫЙ ЗАВОД, ООО";"http://www.simkran.ru/";"+7 (8422) 220-220";"info@simkran.ru";"Россия"
"https://icatalog.expocentr.ru/ru/exhibitions/f33d045e-98f8-11ef-80ce-a0d3c1fab97f/exhibitors/382128?stand=8D025";"СИМЭКС, ООО";"http://www.simecs.ru/";"+7 (812) 677-0057";"info@simecs.ru";"Россия"
"https://icatalog.expocentr.ru/ru/exhibitions/f33d045e-98f8-11ef-80ce-a0d3c1fab97f/exhibitors/382089?stand=8F030";"СИНКАМ, ООО";"http://www.syncam.ru/";"+7 (495) 147-0525";"info@syncam.ru";"Россия"
"https://icatalog.expocentr.ru/ru/exhibitions/f33d045e-98f8-11ef-80ce-a0d3c1fab97f/exhibitors/382404?stand=5D010";"СИР МЕККАНИКА РУ, ООО";"http://www.sirmeccanica.ru/";"+7 (495) 139-6775";"info@sirmeccanica.ru";"Россия"
"https://icatalog.expocentr.ru/ru/exhibitions/f33d045e-98f8-11ef-80ce-a0d3c1fab97f/exhibitors/382094?stand=14E195";"СИСТЕМА, ООО";"http://www.system.com.ru/";"+7 (495) 955-1451";"info@system.com.ru";"Россия"
"https://icatalog.expocentr.ru/ru/exhibitions/f33d045e-98f8-11ef-80ce-a0d3c1fab97f/exhibitors/383339?stand=8B015";"СИСТЕМА, ООО";"http://sistema-metal.ru/";"+7 (4855) 295319, (920) 110-8004";"info@Sistema-metal.ru";"Россия"
"https://icatalog.expocentr.ru/ru/exhibitions/f33d045e-98f8-11ef-80ce-a0d3c1fab97f/exhibitors/382863?stand=2C001";"СИСТЕМОТЕХНИКА ГК";"https://deltaregulator.ru/";"+7 (495) 236-9098";"box@deltaregulator.ru";"Россия"
"https://icatalog.expocentr.ru/ru/exhibitions/f33d045e-98f8-11ef-80ce-a0d3c1fab97f/exhibitors/383345?stand=8C010";"СИСТЕМЫ ПОДАЧИ ТЕХНИЧЕСКИХ ГАЗОВ";"https://sptg.ru/";"+7 3422252926";"info@sptg.ru";"Россия"
"https://icatalog.expocentr.ru/ru/exhibitions/f33d045e-98f8-11ef-80ce-a0d3c1fab97f/exhibitors/382367?stand=3B050";"СИТЕК РУС, ООО";"http://www.sitek-group.ru/";"+7 (909) 655-4403";"info@sitek-group.ru";"Россия"
"https://icatalog.expocentr.ru/ru/exhibitions/f33d045e-98f8-11ef-80ce-a0d3c1fab97f/exhibitors/382955?stand=14B212";"СИШУ ИНЖИНИРИНГ, ООО";"https://www.metobr-expo.ru/";"+7 (927) 779-3996";"info@xishu-eng.ru";"Россия"
"https://icatalog.expocentr.ru/ru/exhibitions/f33d045e-98f8-11ef-80ce-a0d3c1fab97f/exhibitors/382699?stand=2D090";"СИЭНСИ МЕТРОЛОДЖИ, ООО";"https://cncmetrology.ru/";"+7 (495) 899-0202";"sales@cncmetrology.ru";"Россия"
"https://icatalog.expocentr.ru/ru/exhibitions/f33d045e-98f8-11ef-80ce-a0d3c1fab97f/exhibitors/382479?stand=14D130";"СИЭФАЙ, ООО";"http://cf.industries/";"+7 (495) 223-9266";"info@cfigroup.ru";"Россия"
"https://icatalog.expocentr.ru/ru/exhibitions/f33d045e-98f8-11ef-80ce-a0d3c1fab97f/exhibitors/383469?stand=8F056";"СКАНФОРМ, ООО";"http://www.scanform.ru/";"+7 (985) 980-0297";"ki@scanform.ru";"Россия"
"https://icatalog.expocentr.ru/ru/exhibitions/f33d045e-98f8-11ef-80ce-a0d3c1fab97f/exhibitors/382107?stand=4E010";"СКБ ИС, ОАО";"http://www.skbis.ru/";"+7 (812) 334-1772";"lir@skbis.ru";"Россия"
"https://icatalog.expocentr.ru/ru/exhibitions/f33d045e-98f8-11ef-80ce-a0d3c1fab97f/exhibitors/382159?stand=8E035";"СКБ-14, ООО";"http://skb-14.ru/";"+7 8172 582714";"info@skb-14.ru";"Россия"
"https://icatalog.expocentr.ru/ru/exhibitions/f33d045e-98f8-11ef-80ce-a0d3c1fab97f/exhibitors/382196?stand=1D040";"СКИФ-М, ООО";"http://www.skif-m.net/";"+7 (4722) 21 32 85";"info@skif-m.net";"Россия"
"https://icatalog.expocentr.ru/ru/exhibitions/f33d045e-98f8-11ef-80ce-a0d3c1fab97f/exhibitors/383441?stand=8F056";"СКОЛКОВО, ФОНД";"http://www.sk.ru/";"+7 (495) 956-0033";"skfoundation@sk.ru";"Россия"
"https://icatalog.expocentr.ru/ru/exhibitions/f33d045e-98f8-11ef-80ce-a0d3c1fab97f/exhibitors/382274?stand=3C180";"СЛТ, ООО";"http://www.sltgroup.ru/";"+7 (495) 846-7736";"info.mail@sltgroup.ru";"Россия"
"https://icatalog.expocentr.ru/ru/exhibitions/f33d045e-98f8-11ef-80ce-a0d3c1fab97f/exhibitors/382110?stand=8F075";"СМАРТ АВТОМАТИЗАЦИЯ, ООО";"http://www.smarta.ru/";"8 800 550-3487";"sales@smarta.ru";"Россия"
"https://icatalog.expocentr.ru/ru/exhibitions/f33d045e-98f8-11ef-80ce-a0d3c1fab97f/exhibitors/383335?stand=14A060";"СМАРТ МАРКИНГ, ООО";"https://smart-marking.ru/";"+7 (926) 829-9741";"info@smart-marking.ru";"Россия"
"https://icatalog.expocentr.ru/ru/exhibitions/f33d045e-98f8-11ef-80ce-a0d3c1fab97f/exhibitors/382121?stand=5D030";"СМД, ООО";"http://smd.com.ru/";"+7 880 777-0824";"info@smd.com.ru";"Россия"
"https://icatalog.expocentr.ru/ru/exhibitions/f33d045e-98f8-11ef-80ce-a0d3c1fab97f/exhibitors/381994?stand=5D090";"СМТ, ООО (GROBOTP TM)";"https://crp-robot.ru/";"+7 (495) 111-7689";"info@crp-robot.ru";"Россия"
"https://icatalog.expocentr.ru/ru/exhibitions/f33d045e-98f8-11ef-80ce-a0d3c1fab97f/exhibitors/382032?stand=14B055";"СНС ВОЛГА, ООО";"https://www.metobr-expo.ru/";"+7 (495) 979-2020";"info@cncvolga.ru";"Россия"
"https://icatalog.expocentr.ru/ru/exhibitions/f33d045e-98f8-11ef-80ce-a0d3c1fab97f/exhibitors/382070?stand=3D090";"СодикоМ-Центр, АО";"http://www.sodicom.biz/";"+7 (495) 787-0970";"info@sodick.ru";"Россия"
"https://icatalog.expocentr.ru/ru/exhibitions/f33d045e-98f8-11ef-80ce-a0d3c1fab97f/exhibitors/382105?stand=3B130";"СОИС КОНСАЛТ, ООО";"http://www.sois-consulting.ru/";"+7 (499) 750-2176";"sois@mail.ru";"Россия"
"https://icatalog.expocentr.ru/ru/exhibitions/f33d045e-98f8-11ef-80ce-a0d3c1fab97f/exhibitors/382039?stand=15B100";"СОЛДРИМ-СПб, ООО";"http://www.soldream-spb.com/";"+7 (812) 602-1875";"soldream-spb@soldream-spb.com";"Россия"
"https://icatalog.expocentr.ru/ru/exhibitions/f33d045e-98f8-11ef-80ce-a0d3c1fab97f/exhibitors/382158?stand=14F190";"СОЛТЕК, НТК";"http://www.stc-soltec.ru/";"+7 (495) 988-5058";"a.smirnov@stc-soltec.ru";"Россия"
"https://icatalog.expocentr.ru/ru/exhibitions/f33d045e-98f8-11ef-80ce-a0d3c1fab97f/exhibitors/382229?stand=6D030";"СОНАТЕК, ООО";"http://www.sonatec.ru/";"+7 (495) 540-5646";"info@sonatec.ru";"Россия"
"https://icatalog.expocentr.ru/ru/exhibitions/f33d045e-98f8-11ef-80ce-a0d3c1fab97f/exhibitors/382290?stand=5D020";"СОФПОЛ, ООО";"http://www.sofpol.ru/";"+7 (981) 800-6239";"robot@sofpol.ru";"Россия"
"https://icatalog.expocentr.ru/ru/exhibitions/f33d045e-98f8-11ef-80ce-a0d3c1fab97f/exhibitors/382620?stand=15C140";"СОЮЗ ИНЖИНИРИНГ, ООО";"http://www.unionsar.ru/";"";"Info@unionsar.ru";"Россия"
"https://icatalog.expocentr.ru/ru/exhibitions/f33d045e-98f8-11ef-80ce-a0d3c1fab97f/exhibitors/382462?stand=14F192";"СОЮЗ ПРОФЕССИОНАЛЬНЫХ ПАЯЛЬЩИКОВ ИМЕНИ С. Н. ЛОЦМАНОВА";"http://paika.ru/";"+7 (903) 584-1240";"paika@mail.ru";"Россия"
"https://icatalog.expocentr.ru/ru/exhibitions/f33d045e-98f8-11ef-80ce-a0d3c1fab97f/exhibitors/382417?stand=4B130";"СПБ ЗПС, ООО";"http://www.zps.ru/";"+7 (812) 320-0465";"mash@zps.ru";"Россия"
"https://icatalog.expocentr.ru/ru/exhibitions/f33d045e-98f8-11ef-80ce-a0d3c1fab97f/exhibitors/382370?stand=6A025";"СПЕКТРАЛЬНАЯ ЛАБОРАТОРИЯ";"http://www.spectr-lab.ru/";"+7 (812) 385-1453";"in@spectr-lab.ru";"Россия"
"https://icatalog.expocentr.ru/ru/exhibitions/f33d045e-98f8-11ef-80ce-a0d3c1fab97f/exhibitors/382113?stand=1B020";"СПЕЦИНСТРУМЕНТ, ООО";"http://www.spetsinstrument.pro/";"+7 (929) 641-8929";"info@spetsinstrument.pro";"Россия"
"https://icatalog.expocentr.ru/ru/exhibitions/f33d045e-98f8-11ef-80ce-a0d3c1fab97f/exhibitors/382116?stand=1C001";"СПЕЦПРОМИНСТРУМЕНТ, ООО";"https://spec-prom.ru/";"+7 351 729-8101";"promin@spec-prom.ru";"Россия"
"https://icatalog.expocentr.ru/ru/exhibitions/f33d045e-98f8-11ef-80ce-a0d3c1fab97f/exhibitors/382071?stand=4B137";"СПРУТ-Технология, ООО";"http://www.sprut.ru/";"+7 (495) 369-0067";"asp@sprut.ru";"Россия"
"https://icatalog.expocentr.ru/ru/exhibitions/f33d045e-98f8-11ef-80ce-a0d3c1fab97f/exhibitors/382450?stand=8B001";"СРЕДНЕВОЛЖСКИЙ СТАНКОЗАВОД, ООО";"http://ptosvsz.ru/";"+7 846 207-3731";"Office@svsz.ru";"Россия"
"https://icatalog.expocentr.ru/ru/exhibitions/f33d045e-98f8-11ef-80ce-a0d3c1fab97f/exhibitors/382221?stand=6C010";"СТ ГЛОБАЛ, ООО";"http://www.stglobal.ru/";"+7 (495) 363-3628";"info@stglobal.ru";"Россия"
"https://icatalog.expocentr.ru/ru/exhibitions/f33d045e-98f8-11ef-80ce-a0d3c1fab97f/exhibitors/383572?stand=4D010";"СТАН";"http://www.stan-company.ru/";"+7 (495) 916-5555, 8 800 333-8889";"info@stan-company.ru";"Россия"
"https://icatalog.expocentr.ru/ru/exhibitions/f33d045e-98f8-11ef-80ce-a0d3c1fab97f/exhibitors/382056?stand=4D155";"СТАН-САМАРА, ЗАО";"http://www.stan-samara.ru/";"+7 846 207-3187";"zavod@stan-samara.ru";"Россия"
"https://icatalog.expocentr.ru/ru/exhibitions/f33d045e-98f8-11ef-80ce-a0d3c1fab97f/exhibitors/382016?stand=14F070";"СТАНБЕРГ, ООО";"http://www.stanberg.tech/";"+7 (495) 055-0101";"info@stanberg.tech";"Россия"
"https://icatalog.expocentr.ru/ru/exhibitions/f33d045e-98f8-11ef-80ce-a0d3c1fab97f/exhibitors/382009?stand=15B035";"СТАНКИ ТЕХНОЛОГИИ ИНСТРУМЕНТ, ООО";"http://www.stankisti.ru/";"+7 (916) 902-9977";"demcs@mail.ru";"Россия"
"https://icatalog.expocentr.ru/ru/exhibitions/f33d045e-98f8-11ef-80ce-a0d3c1fab97f/exhibitors/382241?stand=15B155";"СТАНКИ ТРЕЙД, ООО";"http://www.ts-stanki.ru/";"8 800 550-3350";"zakaz@ts-stanki.ru";"Россия"
"https://icatalog.expocentr.ru/ru/exhibitions/f33d045e-98f8-11ef-80ce-a0d3c1fab97f/exhibitors/382959?stand=4C065";"СТАНКИН, МГТУ, ФГАОУ ВО";"http://www.stankin.ru/";"+7 (499) 973-3885";"rector@stankin.ru";"Россия"
"https://icatalog.expocentr.ru/ru/exhibitions/f33d045e-98f8-11ef-80ce-a0d3c1fab97f/exhibitors/382098?stand=2C050";"СТАНКО ГК, ООО";"https://uss-stanko.com/";"+7 863 210-8280, 210-8290, 210-8270";"mail@uss-stanko.com";"Россия"
"https://icatalog.expocentr.ru/ru/exhibitions/f33d045e-98f8-11ef-80ce-a0d3c1fab97f/exhibitors/382718?stand=4B174";"СтанкоГомель, ОАО";"https://stankogomel.by/";"+375 232-50-97-20";"stankogomel@stankogomel.by";"Республика Беларусь"
"https://icatalog.expocentr.ru/ru/exhibitions/f33d045e-98f8-11ef-80ce-a0d3c1fab97f/exhibitors/382933?stand=15D192";"СТАНКОГРУПП, ООО";"http://www.stanko-group.net/";"+7 (495) 668-1046";"tender@stanko-group.net";"Россия"
"https://icatalog.expocentr.ru/ru/exhibitions/f33d045e-98f8-11ef-80ce-a0d3c1fab97f/exhibitors/383611?stand=";"СТАНКОИНСТРУМЕНТ, ЖУРНАЛ";"http://www.stankoinst.ru/";"+7 (495) 234-0110";"rec-knigi@electronics.ru";"Россия"
"https://icatalog.expocentr.ru/ru/exhibitions/f33d045e-98f8-11ef-80ce-a0d3c1fab97f/exhibitors/383317?stand=8B013";"СТАНКОМ, ООО";"http://www.stanok-chpu.ru/";"8 800 600-7370";"yar@stanok-chpu.ru";"Россия"
"https://icatalog.expocentr.ru/ru/exhibitions/f33d045e-98f8-11ef-80ce-a0d3c1fab97f/exhibitors/382347?stand=3B170";"СТАНКОМАШКОМПЛЕКС, АО";"http://www.stankomach.com/";"+7 4822 521521";"info@stankomach.com";"Россия"
"https://icatalog.expocentr.ru/ru/exhibitions/f33d045e-98f8-11ef-80ce-a0d3c1fab97f/exhibitors/383625?stand=4D050";"СТАНКОМАШСТРОЙ";"https://www.metobr-expo.ru/";"";"";"Россия"
"https://icatalog.expocentr.ru/ru/exhibitions/f33d045e-98f8-11ef-80ce-a0d3c1fab97f/exhibitors/382386?stand=4C115";"СТАНКОСЕРВИС, ПКФ, ООО";"http://www.stankoservis-rzn.ru/";"+7 (4912) 501-301";"955617@mail.ru";"Россия"
"https://icatalog.expocentr.ru/ru/exhibitions/f33d045e-98f8-11ef-80ce-a0d3c1fab97f/exhibitors/383318?stand=8B013";"СТАНКОСТРОИТЕЛЬНОЕ ПРЕДПРИЯТИЕ ТЕМП, ООО";"https://www.metobr-expo.ru/";"+7 (926) 604-1461";"MTFTemp@yandex.ru";"Россия"
"https://icatalog.expocentr.ru/ru/exhibitions/f33d045e-98f8-11ef-80ce-a0d3c1fab97f/exhibitors/382757?stand=4B186";"СТАНКОСТРОИТЕЛЬНЫЙ ЗАВОД ИМ. С. М. КИРОВА, ОАО";"http://www.belstanki.by/";"+375 (17) 369-18-40";"market@belstanki.by";"Республика Беларусь"
"https://icatalog.expocentr.ru/ru/exhibitions/f33d045e-98f8-11ef-80ce-a0d3c1fab97f/exhibitors/382012?stand=15B030";"СТАНЭКСИМ ИТЦ";"https://stanexim.by/";"+375 17 388 60 50";"office@stanexim.by";"Республика Беларусь"
"https://icatalog.expocentr.ru/ru/exhibitions/f33d045e-98f8-11ef-80ce-a0d3c1fab97f/exhibitors/383508?stand=8B040";"СТАРК-ПРОФИ, ООО";"http://stark-profi.ru/";"8 800 101-5553";"info@stark-profi.ru";"Россия"
"https://icatalog.expocentr.ru/ru/exhibitions/f33d045e-98f8-11ef-80ce-a0d3c1fab97f/exhibitors/382226?stand=14D090";"СТАРЛЕКС, ООО";"http://www.starlex.ru/";"+7 (812) 925-3580";"info@starlex.ru";"Россия"
"https://icatalog.expocentr.ru/ru/exhibitions/f33d045e-98f8-11ef-80ce-a0d3c1fab97f/exhibitors/382767?stand=1B055";"СТЕРЕОТЕК";"https://5dtech.pro/";"+7 (499) 348-1848";"store@5dtech.pro";"Россия"
"https://icatalog.expocentr.ru/ru/exhibitions/f33d045e-98f8-11ef-80ce-a0d3c1fab97f/exhibitors/383416?stand=14E015";"СТИКОМ, ООО";"http://www.stikom.ru/";"+7 831 266-8870";"info@stikom.ru";"Россия"
"https://icatalog.expocentr.ru/ru/exhibitions/f33d045e-98f8-11ef-80ce-a0d3c1fab97f/exhibitors/382133?stand=14E050";"СТИЛ ДЖЕНИУС, ООО";"http://www.steelgenius.ru/";"+7 (495) 789-2039";"info@steelgenius.ru";"Россия"
"https://icatalog.expocentr.ru/ru/exhibitions/f33d045e-98f8-11ef-80ce-a0d3c1fab97f/exhibitors/382754?stand=15E110";"СТИЛМАК, ООО";"http://www.v-hold.ru/";"+7 (495) 988-0170";"metal@v-hold.ru";"Россия"
"https://icatalog.expocentr.ru/ru/exhibitions/f33d045e-98f8-11ef-80ce-a0d3c1fab97f/exhibitors/382295?stand=14D010";"СТМ, ООО";"https://hl-laser.ru/";"8 800 550-0469";"sales@hl-laser.ru";"Россия"
"https://icatalog.expocentr.ru/ru/exhibitions/f33d045e-98f8-11ef-80ce-a0d3c1fab97f/exhibitors/382292?stand=8C030";"СТОИК, ПРОМЫШЛЕННАЯ АВТОМАТИЗАЦИЯ, ООО";"https://optimusdrive.ru/catalog";"+7 (495) 280-1942";"news@optimusdrive.ru";"Россия"
"https://icatalog.expocentr.ru/ru/exhibitions/f33d045e-98f8-11ef-80ce-a0d3c1fab97f/exhibitors/382282?stand=14F110";"СТРОЙПЛАСТ, ООО";"https://cncbend.ru/";"+7 (495) 575-8240; +7 (925) 5047013";"info@cncbend.ru";"Россия"
"https://icatalog.expocentr.ru/ru/exhibitions/f33d045e-98f8-11ef-80ce-a0d3c1fab97f/exhibitors/382333?stand=8B001";"СТРОММАШИНА-ИНДУСТРИЯ, ООО";"http://www.strommash.ru/";"+7 (846) 3741-741";"td@strommash.ru";"Россия"
"https://icatalog.expocentr.ru/ru/exhibitions/f33d045e-98f8-11ef-80ce-a0d3c1fab97f/exhibitors/382747?stand=8C020";"СТЭЛС, ООО";"http://spb-stels.ru/";"+7 (921) 092-0363";"de@pilous.ru";"Россия"
"https://icatalog.expocentr.ru/ru/exhibitions/f33d045e-98f8-11ef-80ce-a0d3c1fab97f/exhibitors/382100?stand=8C057";"СУПРИМ ЛУБРИКАНТС, ООО";"http://www.supremelubricants.ru/";"+7 (495) 797-3590";"info@suplb.ru";"Россия"
"https://icatalog.expocentr.ru/ru/exhibitions/f33d045e-98f8-11ef-80ce-a0d3c1fab97f/exhibitors/382934?stand=2D060";"СФТ, ООО";"http://www.cftech.ru/";"+7 (495) 995-7108";"info@cftech.ru";"Россия"
"https://icatalog.expocentr.ru/ru/exhibitions/f33d045e-98f8-11ef-80ce-a0d3c1fab97f/exhibitors/382076?stand=7B020";"ТАНАК ТЦ, ООО";"http://www.tanak.tech/";"+7 (495) 369-4643";"info@tanak.tech";"Россия"
"https://icatalog.expocentr.ru/ru/exhibitions/f33d045e-98f8-11ef-80ce-a0d3c1fab97f/exhibitors/382832?stand=14B092";"ТВИМ, АО";"http://www.tvim.ru/";"+7 343 383-1107";"office@tvim.ru";"Россия"
"https://icatalog.expocentr.ru/ru/exhibitions/f33d045e-98f8-11ef-80ce-a0d3c1fab97f/exhibitors/382045?stand=1E020";"ТВИНТОС, СЕРПУХОВСКИЙ ИНСТРУМЕНТАЛЬНЫЙ ЗАВОД, АО";"http://www.tvintos.ru/";"+7 496 772-5943";"tvintos@tvintos.ru";"Россия"
"https://icatalog.expocentr.ru/ru/exhibitions/f33d045e-98f8-11ef-80ce-a0d3c1fab97f/exhibitors/382117?stand=1F030";"ТЕРЕКАЛМАЗ, АО";"http://www.terekalmaz.ru/";"+7 8663243690";"mail@terekalmaz.ru";"Россия"
"https://icatalog.expocentr.ru/ru/exhibitions/f33d045e-98f8-11ef-80ce-a0d3c1fab97f/exhibitors/382058?stand=14C175";"ТЕРМАЛ-СПРЕЙ-ТЕК";"http://www.t-s-t.ru/";"+7 (495) 475-8978";"info@t-s-t.ru";"Россия"
"https://icatalog.expocentr.ru/ru/exhibitions/f33d045e-98f8-11ef-80ce-a0d3c1fab97f/exhibitors/382402?stand=1B095";"ТЕРМОЛАЗЕР, ООО";"https://termolazer.ru/";"8 800 100-8826";"Info@termolazer.ru";"Россия"
"https://icatalog.expocentr.ru/ru/exhibitions/f33d045e-98f8-11ef-80ce-a0d3c1fab97f/exhibitors/382041?stand=8D075";"ТЕРСУС, ООО";"https://tersus.ru/";"+7 (910) 468-8387";"tersus11@gmail.com";"Россия"
"https://icatalog.expocentr.ru/ru/exhibitions/f33d045e-98f8-11ef-80ce-a0d3c1fab97f/exhibitors/381985?stand=5D070";"ТЕСВЕЛ, ООО";"http://www.teswel.ru/";"8 800 511-1050";"info@teswel.ru";"Россия"
"https://icatalog.expocentr.ru/ru/exhibitions/f33d045e-98f8-11ef-80ce-a0d3c1fab97f/exhibitors/382840?stand=14F130";"ТЕСЛАМАК";"https://teslamak.ru/";"8 800 101-1839";"sales14@teslamak.ru";"Россия"
"https://icatalog.expocentr.ru/ru/exhibitions/f33d045e-98f8-11ef-80ce-a0d3c1fab97f/exhibitors/383524?stand=8G068";"ТЕХКОМПЛЕКТ-М, ООО";"http://www.tk-m.ru/";"+7 (904) 800-1633";"kustovera@ya.ru";"Россия"
"https://icatalog.expocentr.ru/ru/exhibitions/f33d045e-98f8-11ef-80ce-a0d3c1fab97f/exhibitors/382537?stand=2C060";"ТЕХМАШ, АО";"http://www.osk-group.ru/";"8 800 301-0159";"info@osk-group.ru";"Россия"
"https://icatalog.expocentr.ru/ru/exhibitions/f33d045e-98f8-11ef-80ce-a0d3c1fab97f/exhibitors/382858?stand=4C125";"ТЕХНИКА ВСЗ, ООО";"http://www.vzfs.ru/";"+7 4922 453095";"vzfs@yandex.ru";"Россия"
"https://icatalog.expocentr.ru/ru/exhibitions/f33d045e-98f8-11ef-80ce-a0d3c1fab97f/exhibitors/382380?stand=4B190";"ТЕХНИКОН, ООО";"http://www.technikon.by/";"+7 (495) 909-1100";"info@technikon.by";"Республика Беларусь"
"https://icatalog.expocentr.ru/ru/exhibitions/f33d045e-98f8-11ef-80ce-a0d3c1fab97f/exhibitors/382610?stand=14D030";"ТЕХНОГРАВ, ООО";"http://www.senfeng.ru/";"8 800 200-2588";"sales@technograv.ru";"Россия"
"https://icatalog.expocentr.ru/ru/exhibitions/f33d045e-98f8-11ef-80ce-a0d3c1fab97f/exhibitors/383348?stand=14B080";"ТЕХНОЛОГИИ ПРОМЫШЛЕННОГО СЕРВИСА, ООО";"http://www.prom-osk.ru/";"+7 (812) 777-0099";"pr@prom-tool.ru";"Россия"
"https://icatalog.expocentr.ru/ru/exhibitions/f33d045e-98f8-11ef-80ce-a0d3c1fab97f/exhibitors/383368?stand=8C054";"ТЕХНОЛОГИЧЕСКИЙ ЦЕНТР НПП, ООО";"http://www.technocentr-vrn.ru/";"+7 473 228-4841";"adm@technocentr-vrn.ru";"Россия"
"https://icatalog.expocentr.ru/ru/exhibitions/f33d045e-98f8-11ef-80ce-a0d3c1fab97f/exhibitors/382162?stand=14C195";"ТЕХНОЛОГИЯ И МАТЕРИАЛЫ, ООО";"http://www.technology-materials.ru/";"+7 (495) 150-0875";"info@technology-materials.ru";"Россия"
"https://icatalog.expocentr.ru/ru/exhibitions/f33d045e-98f8-11ef-80ce-a0d3c1fab97f/exhibitors/382235?stand=3D070";"ТЕХНОЛОГИЯ РАЗВИТИЯ ОТКРЫТЫХ СИСТЕМ, ООО";"http://www.tros-stanko.ru/";"+7 (499) 261-7889";"tros-stanko@tros-stanko.ru";"Россия"
"https://icatalog.expocentr.ru/ru/exhibitions/f33d045e-98f8-11ef-80ce-a0d3c1fab97f/exhibitors/382616?stand=8B074";"ТЕХНОЛОГИЯ, OOO";"http://www.machineryoutlet.ru/";"+7 (495) 796-3040";"info@machineryoutlet.ru";"Россия"
"https://icatalog.expocentr.ru/ru/exhibitions/f33d045e-98f8-11ef-80ce-a0d3c1fab97f/exhibitors/382270?stand=8E063";"ТЕХНОЛОГИЯ, ООО";"http://www.chemtehno.ru/";"+7 843 229-8612";"mils11@mail.ru";"Россия"
"https://icatalog.expocentr.ru/ru/exhibitions/f33d045e-98f8-11ef-80ce-a0d3c1fab97f/exhibitors/382360?stand=14D190";"ТЕХНОМАКС";"http://www.technomax.pro/";"+7 (495) 646-0568";"info@technomax.pro";"Россия"
"https://icatalog.expocentr.ru/ru/exhibitions/f33d045e-98f8-11ef-80ce-a0d3c1fab97f/exhibitors/383573?stand=2C070";"ТЕХНОПРОМ, ООО";"https://tprom-msk.ru/";"+7 (495) 127-0175";"info@tprom-msk.ru";"Россия"
"https://icatalog.expocentr.ru/ru/exhibitions/f33d045e-98f8-11ef-80ce-a0d3c1fab97f/exhibitors/382213?stand=8F020";"ТЕХНОПРОМ, ООО";"http://www.acnc.ru/";"+7 (987) 480-7628";"sale@acnc.ru";"Россия"
"https://icatalog.expocentr.ru/ru/exhibitions/f33d045e-98f8-11ef-80ce-a0d3c1fab97f/exhibitors/383406?stand=4B090";"ТЕХНОРЭД, ООО";"https://technored.ru/";"+7 (495) 777-5171";"sales@technored.ru";"Россия"
"https://icatalog.expocentr.ru/ru/exhibitions/f33d045e-98f8-11ef-80ce-a0d3c1fab97f/exhibitors/382035?stand=5D135";"ТЕХНОСВАР КС, ООО";"http://www.tehnosvar.ru/";"+7 8112 725213";"info@tehnosvar.ru";"Россия"
"https://icatalog.expocentr.ru/ru/exhibitions/f33d045e-98f8-11ef-80ce-a0d3c1fab97f/exhibitors/382031?stand=6E050";"ТИДЖИ-РУС, ООО";"https://tg-russia.com/";"+7 (495) 411-4993";"info@tg-russia.com";"Россия"
"https://icatalog.expocentr.ru/ru/exhibitions/f33d045e-98f8-11ef-80ce-a0d3c1fab97f/exhibitors/383412?stand=14C165";"ТИЛМАШ, ООО";"http://www.tilmash.ru/";"+7 843 297-3521";"mail@tilmash.ru";"Россия"
"https://icatalog.expocentr.ru/ru/exhibitions/f33d045e-98f8-11ef-80ce-a0d3c1fab97f/exhibitors/382862?stand=4D070";"ТИССК, ООО";"http://xn--h1aeuac.xn--p1ai/";"+7 (919) 247-0196";"info@tissc.ru";"Россия"
"https://icatalog.expocentr.ru/ru/exhibitions/f33d045e-98f8-11ef-80ce-a0d3c1fab97f/exhibitors/383405?stand=8B076";"ТК ВТК, ООО";"http://www.vtk-tk.ru/";"8 800 777-7035";"sales@vtk-tk.ru";"Россия"
"https://icatalog.expocentr.ru/ru/exhibitions/f33d045e-98f8-11ef-80ce-a0d3c1fab97f/exhibitors/382239?stand=3D070";"ТМ-ТЕХ, ООО";"http://www.tm-tech.ru/";"+7 4912 994782";"tm-tech.rzn@mail.ru";"Россия"
"https://icatalog.expocentr.ru/ru/exhibitions/f33d045e-98f8-11ef-80ce-a0d3c1fab97f/exhibitors/382173?stand=6D134";"ТМД-ГРУПП, ООО";"http://www.tmd-group.ru/";"+7 (495) 926-9377";"";"Россия"
"https://icatalog.expocentr.ru/ru/exhibitions/f33d045e-98f8-11ef-80ce-a0d3c1fab97f/exhibitors/382011?stand=14A075";"ТМТ, ООО";"https://tmtpro.ru/";"+7 351 211-0815";"info@tmtpro.ru";"Россия"
"https://icatalog.expocentr.ru/ru/exhibitions/f33d045e-98f8-11ef-80ce-a0d3c1fab97f/exhibitors/382095?stand=1C040";"ТОМСКИЙ ИНСТРУМЕНТ, НАУЧНО-ПРОИЗВОДСТВЕННАЯ КОМПАНИЯ, ООО";"http://www.tiz.ru/";"+7 (3822) 944-010";"tpti@tiz.ru";"Россия"
"https://icatalog.expocentr.ru/ru/exhibitions/f33d045e-98f8-11ef-80ce-a0d3c1fab97f/exhibitors/382192?stand=15E020";"ТОНАСТ, ООО";"http://www.tonast.su/";"+7 (951) 751-5282";"info@tonast.su";"Россия"
"https://icatalog.expocentr.ru/ru/exhibitions/f33d045e-98f8-11ef-80ce-a0d3c1fab97f/exhibitors/382841?stand=8F045";"ТОП СТАНОК, ООО";"http://www.topstanok.ru/";"8 800 500-3391";"stanok@topstanok.ru";"Россия"
"https://icatalog.expocentr.ru/ru/exhibitions/f33d045e-98f8-11ef-80ce-a0d3c1fab97f/exhibitors/382719?stand=6C055";"ТОРНЕРИ, ООО";"http://www.torneri.ru/";"+7 (495) 955-1815";"mostools@bk.ru";"Россия"
"https://icatalog.expocentr.ru/ru/exhibitions/f33d045e-98f8-11ef-80ce-a0d3c1fab97f/exhibitors/382276?stand=14E130";"ТОЧНЫЕ МАШИНЫ, ООО";"https://tm96.ru/";"+7 (343) 311-0930";"ek@tm96.ru";"Россия"
"https://icatalog.expocentr.ru/ru/exhibitions/f33d045e-98f8-11ef-80ce-a0d3c1fab97f/exhibitors/382353?stand=15A030";"ТР ПРОМ";"http://www.stanoktr.ru/";"8 800 700-3263";"info@stanoktr.ru";"Россия"
"https://icatalog.expocentr.ru/ru/exhibitions/f33d045e-98f8-11ef-80ce-a0d3c1fab97f/exhibitors/382200?stand=14B165";"ТР СИСТЕМ, ООО";"http://www.st-mech.ru/";"+7 (495) 274-0037";"info@st-mech.ru";"Россия"
"https://icatalog.expocentr.ru/ru/exhibitions/f33d045e-98f8-11ef-80ce-a0d3c1fab97f/exhibitors/382145?stand=7A035";"ТРАНСЕТ, OOO";"http://www.transetru.ru/";"+7 (812) 622-6200";"info@transetspb.ru";"Россия"
"https://icatalog.expocentr.ru/ru/exhibitions/f33d045e-98f8-11ef-80ce-a0d3c1fab97f/exhibitors/382049?stand=8G077";"ТРАСКО, ООО";"http://trasko.ru/";"+7 (495) 564-8714";"info@trasko.ru";"Россия"
"https://icatalog.expocentr.ru/ru/exhibitions/f33d045e-98f8-11ef-80ce-a0d3c1fab97f/exhibitors/382156?stand=6B040";"ТРЕЙД ТЕХНОЛОДЖИ, ООО";"http://www.trte.ru/";"+7 (499) 650-5031";"zakaz@trte.ru";"Россия"
"https://icatalog.expocentr.ru/ru/exhibitions/f33d045e-98f8-11ef-80ce-a0d3c1fab97f/exhibitors/383421?stand=8C020";"ТРИБОТЕХНИЧЕСКИЕ РЕШЕНИЯ, ООО";"http://www.tribotech-reshenia.ru/";"+7 (812) 221-5069";"info@tribotech-reshenia.ru";"Россия"
"https://icatalog.expocentr.ru/ru/exhibitions/f33d045e-98f8-11ef-80ce-a0d3c1fab97f/exhibitors/383580?stand=8F056";"ТРИЗ РОБОТИКС ГК";"https://www.metobr-expo.ru/";"";"";"Россия"
"https://icatalog.expocentr.ru/ru/exhibitions/f33d045e-98f8-11ef-80ce-a0d3c1fab97f/exhibitors/382723?stand=15C130";"ТРОИЦКСТАНКОПРОМ, ООО";"http://www.stankitsp.com/";"+7 351 632-1243";"info@stankitsp.com";"Россия"
"https://icatalog.expocentr.ru/ru/exhibitions/f33d045e-98f8-11ef-80ce-a0d3c1fab97f/exhibitors/382965?stand=3B190";"ТСТ, ООО";"https://techservicetrade.com/";"+7 (967) 222-5725";"info@techservicetrade.com";"Россия"
"https://icatalog.expocentr.ru/ru/exhibitions/f33d045e-98f8-11ef-80ce-a0d3c1fab97f/exhibitors/382180?stand=14B110";"ТУГУР-ИНЖИНИРИНГ, ООО";"http://tg-prom.com/";"8 800 222-3677";"zakaz@tg-prom.com";"Россия"
"https://icatalog.expocentr.ru/ru/exhibitions/f33d045e-98f8-11ef-80ce-a0d3c1fab97f/exhibitors/383393?stand=14F085";"ТУЛС, ООО";"http://www.bochu.ru/";"8 800 555-8408";"info@bochu.ru";"Россия"
"https://icatalog.expocentr.ru/ru/exhibitions/f33d045e-98f8-11ef-80ce-a0d3c1fab97f/exhibitors/382004?stand=8C060";"ТУЛТЕХНИК, ООО";"http://www.tooltechnic.pro/";"+7 (495) 137-8525";"info@tooltechnic.pro";"Россия"
"https://icatalog.expocentr.ru/ru/exhibitions/f33d045e-98f8-11ef-80ce-a0d3c1fab97f/exhibitors/382857?stand=1A110";"ТЭТА, НПК, ООО";"http://www.tetacom.ru/";"+7 3822 943000";"info@tetacom.ru";"Россия"
"https://icatalog.expocentr.ru/ru/exhibitions/f33d045e-98f8-11ef-80ce-a0d3c1fab97f/exhibitors/382406?stand=4D140";"ТЯЖПРЕССМАШ, ПАО";"http://www.tkporyazan.ru/";"+7 (4912) 30-81-93";"pptkpo@tkporyazan.ru";"Россия"
"https://icatalog.expocentr.ru/ru/exhibitions/f33d045e-98f8-11ef-80ce-a0d3c1fab97f/exhibitors/382083?stand=4D170";"УЛЬЯНОВСКИЙ СТАНКОСТРОИТЕЛЬНЫЙ ЗАВОД, ООО";"http://www.ulsz.ru/";"+7 8422590650";"info@ulsz.ru";"Россия"
"https://icatalog.expocentr.ru/ru/exhibitions/f33d045e-98f8-11ef-80ce-a0d3c1fab97f/exhibitors/381990?stand=2C010";"УНИМАТИК, ООО";"http://www.unimatic.com/";"+7 (343) 289-9020";"ural@unimatic.ru";"Россия"
"https://icatalog.expocentr.ru/ru/exhibitions/f33d045e-98f8-11ef-80ce-a0d3c1fab97f/exhibitors/382187?stand=8D030";"УРАЛ-ИНСТРУМЕНТ-ПУМОРИ, ООО";"http://www.uipumori.ru/";"+7 342 215-4518";"info@uipumori.ru";"Россия"
"https://icatalog.expocentr.ru/ru/exhibitions/f33d045e-98f8-11ef-80ce-a0d3c1fab97f/exhibitors/382161?stand=5B065";"УРАЛТЕРМОСВАР, АО";"http://www.uraltermosvar.ru/";"+7 343 376-4680";"uraltermosvar@mail.ru";"Россия"
"https://icatalog.expocentr.ru/ru/exhibitions/f33d045e-98f8-11ef-80ce-a0d3c1fab97f/exhibitors/383557?stand=14A050";"УЭМЗ, ООО";"https://www.metobr-expo.ru/";"";"";"Россия"
"https://icatalog.expocentr.ru/ru/exhibitions/f33d045e-98f8-11ef-80ce-a0d3c1fab97f/exhibitors/382615?stand=1C060";"Ф2 ИННОВАЦИИ, ООО";"http://www.f2innovations.ru/";"+7 342 219-8709";"info@fdm2.com";"Россия"
"https://icatalog.expocentr.ru/ru/exhibitions/f33d045e-98f8-11ef-80ce-a0d3c1fab97f/exhibitors/383550?stand=1E090";"ФЕДЕРАЛЬНЫЙ ЦЕНТР РАЗВИТИЯ ПРОМЫШЛЕННОЙ РОБОТОТЕХНИКИ";"https://robotics-center.ru/";"+7 (843) 203-9253";"info@robotics-center.ru";"Россия"
"https://icatalog.expocentr.ru/ru/exhibitions/f33d045e-98f8-11ef-80ce-a0d3c1fab97f/exhibitors/382218?stand=8A050";"ФЕНИКС ЛУБРИКАНТС, ООО";"http://www.phoenixoil.ru/";"+7 (495) 777-0023";"info@phoenixoil.ru";"Россия"
"https://icatalog.expocentr.ru/ru/exhibitions/f33d045e-98f8-11ef-80ce-a0d3c1fab97f/exhibitors/382410?stand=6D040";"ФЕНИКС, ООО";"http://feniksspb.ru/";"+7 (812) 724-1717";"info@feniksspb.ru";"Россия"
"https://icatalog.expocentr.ru/ru/exhibitions/f33d045e-98f8-11ef-80ce-a0d3c1fab97f/exhibitors/383616?stand=4D150";"ФЕРРОЭЛЕКТРИК ПТК, ООО";"http://ferroizm.ru/";"+7 831 423-7085";"info@ferroelektric.ru";"Россия"
"https://icatalog.expocentr.ru/ru/exhibitions/f33d045e-98f8-11ef-80ce-a0d3c1fab97f/exhibitors/382081?stand=6A048";"ФИКС ТРЕЙД, ООО";"http://www.fixtrade.ru/";"+7 (495) 748-0877";"info@fixtrade.ru";"Россия"
"https://icatalog.expocentr.ru/ru/exhibitions/f33d045e-98f8-11ef-80ce-a0d3c1fab97f/exhibitors/382216?stand=3A020";"ФИНВАЛ-ТЕХНО, ООО";"http://www.finval.ru/";"+7 (495) 647-8847";"info@finval.ru";"Россия"
"https://icatalog.expocentr.ru/ru/exhibitions/f33d045e-98f8-11ef-80ce-a0d3c1fab97f/exhibitors/382546?stand=8C003";"ФИРМА СЭЛМА, ЭМЗ, АО";"http://www.zavodselma.ru/";"+7 (978) 728-9797";"pgd@selma.npfets.ru";"Россия"
"https://icatalog.expocentr.ru/ru/exhibitions/f33d045e-98f8-11ef-80ce-a0d3c1fab97f/exhibitors/383413?stand=15B065";"ФОБОС МАШИНС, ООО";"http://www.phobos.ru/";"+7 (926) 798-8663";"info@phobos.ru";"Россия"
"https://icatalog.expocentr.ru/ru/exhibitions/f33d045e-98f8-11ef-80ce-a0d3c1fab97f/exhibitors/382273?stand=5C115";"ФОКСВЕЛД РУС, ООО";"http://www.foxweld.ru/";"8 800 250-7885";"info@foxweld.ru";"Россия"
"https://icatalog.expocentr.ru/ru/exhibitions/f33d045e-98f8-11ef-80ce-a0d3c1fab97f/exhibitors/383582?stand=8C005";"ФОРСАЖ-ОЙЛ";"https://www.metobr-expo.ru/";"";"";"Россия"
"https://icatalog.expocentr.ru/ru/exhibitions/f33d045e-98f8-11ef-80ce-a0d3c1fab97f/exhibitors/382948?stand=8B112";"ФортекоБокс";"https://fortecobox.ru/";"+7 (921) 348-3165";"info@prom-neva.ru";"Россия"
"https://icatalog.expocentr.ru/ru/exhibitions/f33d045e-98f8-11ef-80ce-a0d3c1fab97f/exhibitors/382483?stand=8B022";"ФРЕЗЕРОН, ООО";"http://www.frezeron.com/";"+7 (925) 267-8577";"remont@frezeron.com";"Россия"
"https://icatalog.expocentr.ru/ru/exhibitions/f33d045e-98f8-11ef-80ce-a0d3c1fab97f/exhibitors/382240?stand=8F067";"ФРЕЙ, ООО";"http://www.ul-prugina.ru/";"+7 (8422) 24-22-25";"501509@mail.ru";"Россия"
"https://icatalog.expocentr.ru/ru/exhibitions/f33d045e-98f8-11ef-80ce-a0d3c1fab97f/exhibitors/382163?stand=14D170";"ХАЛТЕК";"http://www.haltec.ru/";"+7 (495) 252-0500";"info@haltec.ru";"Россия"
"https://icatalog.expocentr.ru/ru/exhibitions/f33d045e-98f8-11ef-80ce-a0d3c1fab97f/exhibitors/382728?stand=6D136";"ХАРДЭЛЛОЙ, ООО";"https://www.metobr-expo.ru/";"+7 (926) 565-2644";"Hardalloy-se@yandex.ru";"Россия"
"https://icatalog.expocentr.ru/ru/exhibitions/f33d045e-98f8-11ef-80ce-a0d3c1fab97f/exhibitors/383370?stand=8B060";"ХИМБЕЛСЕРВИС, ЗАО";"http://www.himbelservice.ru/";"+375 173551640";"info@himbelservice.by";"Республика Беларусь"
"https://icatalog.expocentr.ru/ru/exhibitions/f33d045e-98f8-11ef-80ce-a0d3c1fab97f/exhibitors/383440?stand=4B078";"ХИМГРАД ТЕХНОПОЛИС, АО";"https://himgrad.ru/";"+7 843 224-4140";"pr@himgrad.ru";"Россия"
"https://icatalog.expocentr.ru/ru/exhibitions/f33d045e-98f8-11ef-80ce-a0d3c1fab97f/exhibitors/382361?stand=14B250";"ХИМСЕРВИС, ЗАО";"http://metal.ch-s.ru/";"+7 (48762) 797-74";"adm@ch-s.ru";"Россия"
"https://icatalog.expocentr.ru/ru/exhibitions/f33d045e-98f8-11ef-80ce-a0d3c1fab97f/exhibitors/382277?stand=8B050";"ХОЛВ ГРУПП";"http://holv-group.com/";"+7 831 423-6805";"info@holv.ru";"Россия"
"https://icatalog.expocentr.ru/ru/exhibitions/f33d045e-98f8-11ef-80ce-a0d3c1fab97f/exhibitors/382861?stand=1B056";"ЦЕНТР АДДИТИВНЫХ ТЕХНОЛОГИЙ, АО";"https://rt-3d.ru/";"+7 (495) 197-7650";"info@rt-3d.ru";"Россия"
"https://icatalog.expocentr.ru/ru/exhibitions/f33d045e-98f8-11ef-80ce-a0d3c1fab97f/exhibitors/382408?stand=8B030";"ЦЕНТР ОТРАСЛЕВЫХ ПРОЕКТОВ, ООО";"http://www.cip.msk.ru/";"+7 (498) 504-0767";"info@cip.msk.ru";"Россия"
"https://icatalog.expocentr.ru/ru/exhibitions/f33d045e-98f8-11ef-80ce-a0d3c1fab97f/exhibitors/382817?stand=8C020";"ЦЕНТР РАЗВИТИЯ ПРОМЫШЛЕННОСТИ ЛЕНИНГРАДСКОЙ ОБЛАСТИ";"http://www.crplo.ru/";"+7 (812) 644-0122";"info@crplo.ru";"Россия"
"https://icatalog.expocentr.ru/ru/exhibitions/f33d045e-98f8-11ef-80ce-a0d3c1fab97f/exhibitors/383208?stand=14D095";"ЦЕНТР СВАРКИ, ООО";"http://www.centresm.ru/";"+7 3912911018";"svarka@centresm.ru";"Россия"
"https://icatalog.expocentr.ru/ru/exhibitions/f33d045e-98f8-11ef-80ce-a0d3c1fab97f/exhibitors/382129?stand=3B001";"ЦЕНТР СПРУТ-Т, ООО";"http://www.csprut.ru/";"+7 (495) 181-0013";"office@csprut.ru";"Россия"
"https://icatalog.expocentr.ru/ru/exhibitions/f33d045e-98f8-11ef-80ce-a0d3c1fab97f/exhibitors/382086?stand=14B195";"ЦЕНТР ФИНИШНЫХ ТЕХНОЛОГИЙ (ЦФТ), ООО";"http://www.galtovki.ru/";"+7 (495) 739-9820";"info@galtovki.ru";"Россия"
"https://icatalog.expocentr.ru/ru/exhibitions/f33d045e-98f8-11ef-80ce-a0d3c1fab97f/exhibitors/382731?stand=4B195";"ЦЕНТРОЛИТ, ГОМЕЛЬСКИЙ ЛИТЕЙНЫЙ ЗАВОД, ОАО";"http://www.centrolit.by/";"+375 232464379";"info@glz-centrolit.by";"Республика Беларусь"
"https://icatalog.expocentr.ru/ru/exhibitions/f33d045e-98f8-11ef-80ce-a0d3c1fab97f/exhibitors/382055?stand=14A170";"ЦИНКЕР, ООО";"http://www.zinker.ru/";"8 800 222-3763";"info@zinker.ru";"Россия"
"https://icatalog.expocentr.ru/ru/exhibitions/f33d045e-98f8-11ef-80ce-a0d3c1fab97f/exhibitors/382144?stand=14F194";"ЦИНКОР, ООО";"http://www.zincor-lkm.ru/";"+7 (495) 540-4438, 8-800-555-34-18";"info@zincor-Lkm.ru";"Россия"
"https://icatalog.expocentr.ru/ru/exhibitions/f33d045e-98f8-11ef-80ce-a0d3c1fab97f/exhibitors/382311?stand=4C155";"ЦИФРА, ГК, ООО";"http://www.zyfra.com/";"+7 (495) 665-9131";"info@zyfra.com";"Россия"
"https://icatalog.expocentr.ru/ru/exhibitions/f33d045e-98f8-11ef-80ce-a0d3c1fab97f/exhibitors/383583?stand=14E060";"ЦКСП";"https://www.metobr-expo.ru/";"";"";"Россия"
"https://icatalog.expocentr.ru/ru/exhibitions/f33d045e-98f8-11ef-80ce-a0d3c1fab97f/exhibitors/382084?stand=14F135";"ЦПО";"http://www.centr-po.ru/";"+7 (812) 220-2228";"support@centr-po.ru";"Россия"
"https://icatalog.expocentr.ru/ru/exhibitions/f33d045e-98f8-11ef-80ce-a0d3c1fab97f/exhibitors/383343?stand=8C010";"ЧАЙКОВСКИЙ ЗАВОД МЕХАНИКА";"https://mehan59.ru/";"+7 34241 22295";"info@mehan59.ru";"Россия"
"https://icatalog.expocentr.ru/ru/exhibitions/f33d045e-98f8-11ef-80ce-a0d3c1fab97f/exhibitors/383500?stand=1C001";"ЧЕЛЯБИНСКИЙ ЗАВОД СПЕЦИНСТРУМЕНТА, ООО";"https://chelzsi.ru/";"+7 351 214-9955";"zakaz@chelzsi.ru";"Россия"
"https://icatalog.expocentr.ru/ru/exhibitions/f33d045e-98f8-11ef-80ce-a0d3c1fab97f/exhibitors/382181?stand=14A050";"ЧЗПМ, ООО";"https://drobemet.ru/";"8 800 500-3453";"info@chzpm.ru";"Россия"
"https://icatalog.expocentr.ru/ru/exhibitions/f33d045e-98f8-11ef-80ce-a0d3c1fab97f/exhibitors/382030?stand=14E060";"ЧМТ, ООО";"http://www.ii-mach.cn/";"+7 (985) 974-3802";"Safronova@headman.ru";"Россия"
"https://icatalog.expocentr.ru/ru/exhibitions/f33d045e-98f8-11ef-80ce-a0d3c1fab97f/exhibitors/382604?stand=3D140";"ЧПУ ТЕХНОЛОГИИ, ООО";"https://cnctechnology.ru/";"+7 (495) 128-1247";"info@cnctechnology.ru";"Россия"
"https://icatalog.expocentr.ru/ru/exhibitions/f33d045e-98f8-11ef-80ce-a0d3c1fab97f/exhibitors/382188?stand=6C045";"ЧТС";"https://chtstools.ru/";"8 800 302-2775";"sales@chts74.ru";"Россия"
"https://icatalog.expocentr.ru/ru/exhibitions/f33d045e-98f8-11ef-80ce-a0d3c1fab97f/exhibitors/382033?stand=14B060";"ШАРПЛЭЙЗ, ООО";"http://www.sharplase.ru/";"8 800 333-1083";"info@sharplase.ru";"Россия"
"https://icatalog.expocentr.ru/ru/exhibitions/f33d045e-98f8-11ef-80ce-a0d3c1fab97f/exhibitors/382782?stand=7B040";"ШПАНТЕХ, ООО";"http://spanntech.ru/";"8 800 600-4921";"info@spanntech.ru";"Россия"
"https://icatalog.expocentr.ru/ru/exhibitions/f33d045e-98f8-11ef-80ce-a0d3c1fab97f/exhibitors/383389?stand=4D060";"ШПИНДЕЛЬ СЕРВИС, ООО";"http://spindelservice.ru/";"+7 (383) 375-2182";"info@spindelservice.ru";"Россия"
"https://icatalog.expocentr.ru/ru/exhibitions/f33d045e-98f8-11ef-80ce-a0d3c1fab97f/exhibitors/381986?stand=14A090";"ШТАНЗЕН, ООО";"http://www.stanzen.ru/";"+7 (812) 241-1491";"info@stanzen.ru";"Россия"
"https://icatalog.expocentr.ru/ru/exhibitions/f33d045e-98f8-11ef-80ce-a0d3c1fab97f/exhibitors/383324?stand=8E065";"ШУЙФЕН, ООО";"http://www.c-wbk.ru/";"+7 (495) 796-6818";"info@c-wbk.ru";"Россия"
"https://icatalog.expocentr.ru/ru/exhibitions/f33d045e-98f8-11ef-80ce-a0d3c1fab97f/exhibitors/383586?stand=7C005";"ЭКВИВАЛЕНТ";"http://www.eqtools.ru/";"+7 (495) 960-3711";"marketing@asitr.ru";"Россия"
"https://icatalog.expocentr.ru/ru/exhibitions/f33d045e-98f8-11ef-80ce-a0d3c1fab97f/exhibitors/383600?stand=8C040";"ЭКОКАМИН ГК";"https://www.metobr-expo.ru/";"";"";"Россия"
"https://icatalog.expocentr.ru/ru/exhibitions/f33d045e-98f8-11ef-80ce-a0d3c1fab97f/exhibitors/382851?stand=14C155";"ЭКОЛАЙН-ТЕХНО, ООО";"http://www.ecoline-techno.ru/";"+7 (495) 507-3631";"info@ecoline-techno.ru";"Россия"
"https://icatalog.expocentr.ru/ru/exhibitions/f33d045e-98f8-11ef-80ce-a0d3c1fab97f/exhibitors/383415?stand=8B053";"ЭКОМАКС, OOO";"http://www.ecomaks.ru/";"+7 (910) 957-3890";"info@ecomaks.ru";"Россия"
"https://icatalog.expocentr.ru/ru/exhibitions/f33d045e-98f8-11ef-80ce-a0d3c1fab97f/exhibitors/382168?stand=8D053";"ЭКОХИММАШ";"http://www.ecochim.ru/";"+7 4943544142";"question@ecochim.ru";"Россия"
"https://icatalog.expocentr.ru/ru/exhibitions/f33d045e-98f8-11ef-80ce-a0d3c1fab97f/exhibitors/382440?stand=7D150";"ЭКСПО ИНСТРУМЕНТ";"http://www.expo-instrument.ru/";"+7 (495) 640-0613";"sale@expo-instrument.ru";"Россия"
"https://icatalog.expocentr.ru/ru/exhibitions/f33d045e-98f8-11ef-80ce-a0d3c1fab97f/exhibitors/383514?stand=1B110";"ЭЛЕКТРО ИНТЕЛ, АО";"http://ei-neon.ru/";"8 800 700-5798";"e@ei-neon.ru";"Россия"
"https://icatalog.expocentr.ru/ru/exhibitions/f33d045e-98f8-11ef-80ce-a0d3c1fab97f/exhibitors/382000?stand=14D205";"ЭЛИОНМОСТ, ТД";"http://www.topwaterjet.ru/index.html";"+7 (911) 943-9680";"mezenkov@yandex.ru";"Россия"
"https://icatalog.expocentr.ru/ru/exhibitions/f33d045e-98f8-11ef-80ce-a0d3c1fab97f/exhibitors/382781?stand=14D202";"ЭЛЬМАШ, ООО";"http://www.elmash.org/";"+7 831 206-1640";"viktor09t@list.ru";"Россия"
"https://icatalog.expocentr.ru/ru/exhibitions/f33d045e-98f8-11ef-80ce-a0d3c1fab97f/exhibitors/382944?stand=4A070";"ЭНГЕЛЬС ЭЛЕКТРОИНСТРУМЕНТЫ, ООО";"http://www.engelstool.ru/";"";"info@engelstool.ru";"Россия"
"https://icatalog.expocentr.ru/ru/exhibitions/f33d045e-98f8-11ef-80ce-a0d3c1fab97f/exhibitors/382228?stand=14C200";"ЭНЖИКОМ, ООО";"http://www.engicom-technologies.ru/";"+7 (910) 813-3907";"engicom177@mail.ru";"Россия"
"https://icatalog.expocentr.ru/ru/exhibitions/f33d045e-98f8-11ef-80ce-a0d3c1fab97f/exhibitors/383344?stand=8B025";"ЭНН ГРУПП, ООО";"https://stankiizh.ru/";"+7 (951) 193-7978";"shop@izhstankii.ru";"Россия"
"https://icatalog.expocentr.ru/ru/exhibitions/f33d045e-98f8-11ef-80ce-a0d3c1fab97f/exhibitors/382485?stand=14F170";"ЭНТОХИМ, АО";"http://www.entokhim.ru/";"+7 (495) 745-5588";"support@entokhim.ru";"Россия"
"https://icatalog.expocentr.ru/ru/exhibitions/f33d045e-98f8-11ef-80ce-a0d3c1fab97f/exhibitors/382313?stand=15A150";"ЭРСТВАК, ООО";"http://www.erstvak.com/";"+7 (499) 703-0636";"info@erstvak.com";"Россия"
"https://icatalog.expocentr.ru/ru/exhibitions/f33d045e-98f8-11ef-80ce-a0d3c1fab97f/exhibitors/382034?stand=8D010";"ЭСТУН, ООО";"http://www.estun-automation.com/";"8 800 250-1762";"info@estun-automation.com";"Россия"
"https://icatalog.expocentr.ru/ru/exhibitions/f33d045e-98f8-11ef-80ce-a0d3c1fab97f/exhibitors/383476?stand=8B012";"ЭФ ЭМ ГРУПП, ООО";"https://fmg58.ru/";"8 800 700-6958";"fmgroup58@mail.ru";"Россия"
"https://icatalog.expocentr.ru/ru/exhibitions/f33d045e-98f8-11ef-80ce-a0d3c1fab97f/exhibitors/382109?stand=14F080";"ЮВЕНТА, ООО";"https://www.juventalaser.ru/";"+7 (495) 481-3487";"sales@juventalaser.ru";"Россия"
"https://icatalog.expocentr.ru/ru/exhibitions/f33d045e-98f8-11ef-80ce-a0d3c1fab97f/exhibitors/383323?stand=8E025";"ЮДО, ООО";"http://udorf.ru/";"+7 (927) 711-4434, +7 (927) 711-4478";"tecnoprom@mail.ru";"Россия"
"https://icatalog.expocentr.ru/ru/exhibitions/f33d045e-98f8-11ef-80ce-a0d3c1fab97f/exhibitors/382172?stand=4C020";"ЮЖНЫЙ ЗАВОД ТЯЖЕЛОГО СТАНКОСТРОЕНИЯ, ООО";"https://www.uzts-sedin.com/";"+7 (861) 997-6045/47";"info@uzts-sedin.com";"Россия"
"https://icatalog.expocentr.ru/ru/exhibitions/f33d045e-98f8-11ef-80ce-a0d3c1fab97f/exhibitors/382464?stand=2E050";"ЮМАК, ООО";"http://www.u-mac.ru/";"+7 (495) 212-9378";"info@u-mac.ru";"Россия"
"https://icatalog.expocentr.ru/ru/exhibitions/f33d045e-98f8-11ef-80ce-a0d3c1fab97f/exhibitors/382245?stand=7C060";"ЮМИК, ООО";"https://umictool.com/";"+7 (495) 197-7747";"zakaz@umictool.com";"Россия"
"https://icatalog.expocentr.ru/ru/exhibitions/f33d045e-98f8-11ef-80ce-a0d3c1fab97f/exhibitors/382127?stand=8E085";"ЮМП, АО";"http://www.umpgroup.ru/";"+7 (495) 748-0907";"info@umpqroup.ru";"Россия"
"https://icatalog.expocentr.ru/ru/exhibitions/f33d045e-98f8-11ef-80ce-a0d3c1fab97f/exhibitors/382463?stand=4C090";"ЮНИМАШ";"http://www.unimach.ru/";"+7 (812) 622-0208";"sales@unimach.ru";"Россия"
"https://icatalog.expocentr.ru/ru/exhibitions/f33d045e-98f8-11ef-80ce-a0d3c1fab97f/exhibitors/383338?stand=8B015";"ЯРМАШХОЛДИНГ, ООО";"https://yarmashholding.ru/";"+7 (961) 973-3629";"yarholding@yandex.ru";"Россия"
