Ссылка;Название;Сайт;Телефон;Email;Рубрики
"https://icatalog.expocentr.ru/ru/exhibitions/a94ff0c2-5685-11f0-80d0-a0d3c1fab97f/exhibitors/384042?&stand=13C105";"ALTOPACK S.P.A.";"http://asap-fe.com/";"+7 (812) 363-4770";"assistant@asap-fe.com";"Комплексные упаковочные линии Вертикальные упаковочные машины Горизонтальные упаковочные машины Оборудование для групповой упаковки Групповая упаковка Окончательная упаковка, перемещение материалов"
"https://icatalog.expocentr.ru/ru/exhibitions/a94ff0c2-5685-11f0-80d0-a0d3c1fab97f/exhibitors/384027?&stand=13D090";"ANTON OHLERT";"https://www.agroprodmash-expo.ru/";"";"";"Комплексные упаковочные линии Оборудование для групповой упаковки Флоупак Оборудование, материалы, инвентарь для производства кондитерских изделий и шоколада Формовочно-отливочное оборудование для предприятий кондитерской промышленности Оборудование и автоматизированные линии для производства кондитерских изделий"
"https://icatalog.expocentr.ru/ru/exhibitions/a94ff0c2-5685-11f0-80d0-a0d3c1fab97f/exhibitors/383697?&stand=13E215";"APS Group";"https://apsfood.ru/";"8 800 775-4944";"vopros@apsfood.ru";"Комплексные решения для предприятий пищевой промышленности Оборудование для нарезки сыров Оборудование для переработки молока и производства молочных продуктов Оборудование для приема и первичной обработки молока Оборудование для производства кисломолочных культур и продуктов на их основе Оборудование для производства сыров Российский экспортер Оборудование для молочной промышленности Емкостное оборудование"
"https://icatalog.expocentr.ru/ru/exhibitions/a94ff0c2-5685-11f0-80d0-a0d3c1fab97f/exhibitors/383805?&stand=13D055";"ARCAN MAKINE SANAYI VE TICARET A.S.";"http://www.arcan.com.tr/";"+90 2323768821";"cem.eroglu@arcan.com.tr";"Оборудование, материалы, инвентарь для производства кондитерских изделий и шоколада Глазировочное оборудование Оборудование для выпечки вафель Оборудование для мини-пекарен, кондитерских мини-цехов Формовочно-отливочное оборудование для предприятий кондитерской промышленности Оборудование и автоматизированные линии для производства кондитерских изделий"
"https://icatalog.expocentr.ru/ru/exhibitions/a94ff0c2-5685-11f0-80d0-a0d3c1fab97f/exhibitors/384131?&stand=13B134";"BEIJING HORIFOOD ENGINEERING S&T CO. LTD";"http://www.hori.com.cn/";"+86 18931656708";"gaoyue0525@foxmail.com";"Насосы и насосное оборудование Комплексные решения для предприятий пищевой промышленности Системы автоматизации управления производственными процессами Оборудование для переработки сырья Оборудование для переработки фруктов и овощей Оборудование для производства фруктовых и овощных соков"
"https://icatalog.expocentr.ru/ru/exhibitions/a94ff0c2-5685-11f0-80d0-a0d3c1fab97f/exhibitors/384223?&stand=13E160";"BEIJING XUTENGDA AUTOMATION EQUIPMENT CO. LTD";"http://www.bjxutengda.com/";"+86 010-67509161";"liyaqian@xutengda.com";"Комплексные упаковочные линии Оборудование для групповой упаковки Упаковка и упаковочные материалы Окончательная упаковка, перемещение материалов Транспортное, подъемное, погрузочное оборудование Промышленные роботы"
"https://icatalog.expocentr.ru/ru/exhibitions/a94ff0c2-5685-11f0-80d0-a0d3c1fab97f/exhibitors/383975?&stand=13F210";"BOEMA FPT S.r.l.";"http://www.boema.com/";"+39 0173 678 711";"boema@boema.com";"Оборудование для производства детского питания Оборудование для переработки фруктов и овощей Оборудование для производства консервов (мясных, рыбных, фруктовых/овощных) Оборудование для производства продуктов глубокой заморозки Оборудование для производства фруктовых и овощных соков Оборудование для переработки картофеля"
"https://icatalog.expocentr.ru/ru/exhibitions/a94ff0c2-5685-11f0-80d0-a0d3c1fab97f/exhibitors/383939?&stand=13A200";"BRIGHTSAIL INDUSTRIES GROUP CO. LTD";"http://www.molinotec.com/";"+86 15961653782";"info@brightsail-asia.com";"Ингредиенты, сырьё Переработка сельхозпродукции. Мини-цеха. Мини-заводы. Мини-пекарни. Мельницы, элеваторы Оборудование для сахарной промышленности Оборудование для изготовления муки Оборудование для дозирования и производства ингредиентов Оборудование для производства ингредиентов, пищевых добавок, специй, пряностей, приправ"
"https://icatalog.expocentr.ru/ru/exhibitions/a94ff0c2-5685-11f0-80d0-a0d3c1fab97f/exhibitors/384144?&stand=13E001";"CABRELLON S.R.L.";"http://www.cabrellon.it/";"+39 0444953165";"cabrellon@cabrellon.it";"Запчасти, комплектующие, расходные материалы для оборудования Оборудование, материалы, инвентарь для производства кондитерских изделий и шоколада Оборудование для мини-пекарен, кондитерских мини-цехов Формовочно-отливочное оборудование для предприятий кондитерской промышленности"
"https://icatalog.expocentr.ru/ru/exhibitions/a94ff0c2-5685-11f0-80d0-a0d3c1fab97f/exhibitors/384953?&stand=13A110";"CANGZHOU CITY YUHUI PACKING MACHINERY MAKING CO. LTD";"http://www.czyuhui.com/";"+86 13832710478";"yuhuizjf923@163.com";"Оборудование для розлива Технологические линии по розливу Упаковочное оборудование для жидких и пастообразных продуктов Флоупак"
"https://icatalog.expocentr.ru/ru/exhibitions/a94ff0c2-5685-11f0-80d0-a0d3c1fab97f/exhibitors/384237?&stand=13B098";"CHENGDU LST SCIENCE AND TECHNOLOGY CO. LTD";"https://www.agroprodmash-expo.ru/";"+86 15828466326";"freya@chocolateequipment.net";"Фасовочные машины Запчасти, комплектующие, расходные материалы для оборудования Силиконовые изделия для предприятий Спиральные конвейеры Оборудование, материалы, инвентарь для производства кондитерских изделий и шоколада Системы шоковой заморозки (спиральные, тоннельные шкафы и агрегаты) хлебобулочных и кондитерских изделий"
"https://icatalog.expocentr.ru/ru/exhibitions/a94ff0c2-5685-11f0-80d0-a0d3c1fab97f/exhibitors/383891?&stand=13B182";"CHENGDU SHENGLI MACHINERY EQUIPMENT CO. LTD";"http://www.shenglipack.com/";"+86 2882601208";"sljx@cd-sljx.com";"Упаковочное оборудование для штучных продуктов"
"https://icatalog.expocentr.ru/ru/exhibitions/a94ff0c2-5685-11f0-80d0-a0d3c1fab97f/exhibitors/384046?&stand=13B128";"CHUN NUO INTELLI-MFG TECH. CO. LTD";"http://www.shcnjx.com/";"+86 02160402906";"shcnjx001@shcnjx.com";"Запчасти, комплектующие, расходные материалы для оборудования Промышленные моющие и дезинфицирующие средства Оборудование для производства и розлива спиртных напитков, пива и безалкогольных напитков"
"https://icatalog.expocentr.ru/ru/exhibitions/a94ff0c2-5685-11f0-80d0-a0d3c1fab97f/exhibitors/385126?&stand=13D145";"COMAT";"https://www.agroprodmash-expo.ru/";"";"";""
"https://icatalog.expocentr.ru/ru/exhibitions/a94ff0c2-5685-11f0-80d0-a0d3c1fab97f/exhibitors/384043?&stand=13C105";"COMEK S.R.L.";"http://asap-fe.com/";"+7 (812) 363-4770";"assistant@asap-fe.com";"Упаковочное оборудование для сыпучих продуктов Упаковочное оборудование для штучных продуктов Вертикальные упаковочные машины Горизонтальные упаковочные машины Оборудование для групповой упаковки Окончательная упаковка, перемещение материалов"
"https://icatalog.expocentr.ru/ru/exhibitions/a94ff0c2-5685-11f0-80d0-a0d3c1fab97f/exhibitors/383773?&stand=13C030";"CONFECTRA MAKINE LIMITED COMPANY";"http://www.confectra.com/tr";"+90 5324111959";"ali@confectra.com";"Горизонтальные упаковочные машины Флоупак Оборудование, материалы, инвентарь для производства кондитерских изделий и шоколада Глазировочное оборудование Формовочно-отливочное оборудование для предприятий кондитерской промышленности Оборудование и автоматизированные линии для производства кондитерских изделий"
"https://icatalog.expocentr.ru/ru/exhibitions/a94ff0c2-5685-11f0-80d0-a0d3c1fab97f/exhibitors/384147?&stand=13E001";"CONFITECH S.R.L.";"http://www.confitech.it/";"+39 0119087982";"info@confitech.it";"Оборудование, материалы, инвентарь для производства кондитерских изделий и шоколада Глазировочное оборудование Оборудование и автоматизированные линии для производства кондитерских изделий"
"https://icatalog.expocentr.ru/ru/exhibitions/a94ff0c2-5685-11f0-80d0-a0d3c1fab97f/exhibitors/384008?&stand=13B146";"DONGGUAN CAPER PACKAGING TECHNOLOGY CO. LTD";"http://kapocup.com/";"+86 769-81813106";"sales@kapocup.com";"Вспомогательные упаковочные изделия (крышки, колпачки, пробки, обвязочные ленты) Полужесткая упаковка ПЭТ-преформы"
"https://icatalog.expocentr.ru/ru/exhibitions/a94ff0c2-5685-11f0-80d0-a0d3c1fab97f/exhibitors/383850?&stand=13C190";"EKTAM MAKINE SAN. VE TIC. A.S.";"http://www.ektam.com/";"+90 2328771575";"sales@ektam.com";"Оборудование для розлива Технологические линии по розливу Этикетировочные машины, этикетировщики, аппликаторы этикеток Оборудование для розлива молока Оборудование для производства и розлива спиртных напитков, пива и безалкогольных напитков Напитки"
"https://icatalog.expocentr.ru/ru/exhibitions/a94ff0c2-5685-11f0-80d0-a0d3c1fab97f/exhibitors/384059?&stand=13B090";"EQUIPMENTIMES (DALIAN) E-COMMERCE CO. LTD";"http://www.mecfoodingredients.com/";"+86 41139803821";"zxq@mec.com.cn";"Оборудование для производства мороженого Оборудование для производства хлебобулочных изделий"
"https://icatalog.expocentr.ru/ru/exhibitions/a94ff0c2-5685-11f0-80d0-a0d3c1fab97f/exhibitors/384160?&stand=13D158";"EuroConcept & Dingzheng Machinery LTD";"http://www.euroconcept.ru/";"+7 (926) 664-4380";"info@euroconcept.ru";"Оборудование для розлива Технологические линии по розливу Оборудование для дозирования жидких продуктов"
"https://icatalog.expocentr.ru/ru/exhibitions/a94ff0c2-5685-11f0-80d0-a0d3c1fab97f/exhibitors/383977?&stand=13C065";"EVERPEAK LLP";"http://www.everpeak.kz/";"+7 7072162521";"hello@everpeak.kz";"Вспомогательные компоненты Кондитерские изделия Хлеб и хлебопекарные изделия Оборудование для дозирования ингредиентов"
"https://icatalog.expocentr.ru/ru/exhibitions/a94ff0c2-5685-11f0-80d0-a0d3c1fab97f/exhibitors/384039?&stand=13C105";"FAVA S.P.A.";"http://asap-fe.com/";"+7 (812) 363-4770";"assistant@asap-fe.com";"Оборудование для производства макаронных изделий Оборудование для производства продуктов быстрого приготовления"
"https://icatalog.expocentr.ru/ru/exhibitions/a94ff0c2-5685-11f0-80d0-a0d3c1fab97f/exhibitors/383749?&stand=13E100";"FIBOSA";"http://www.fibosa.com/";"+34 972 478 080";"comercial3@fibosa.com";"Оборудование для нарезки, измельчения и порционирования Комплексные решения для предприятий пищевой промышленности Оборудование для нарезки и порционирования Оборудование для нарезки сыров Оборудование для производства сыров"
"https://icatalog.expocentr.ru/ru/exhibitions/a94ff0c2-5685-11f0-80d0-a0d3c1fab97f/exhibitors/384105?&stand=13D205";"FINNAH";"http://bewahrt.ru/";"+7 (495) 483-0903";"ruslan.minishev@bewahrt.ru";"Технологические линии по розливу Экструзионное и выдувное оборудование Термоформование, наполнение и запечатывание Упаковывание в картонные коробки, короба Оборудование для розлива молока Российский экспортер Компрессорно-конденсаторные агрегаты"
"https://icatalog.expocentr.ru/ru/exhibitions/a94ff0c2-5685-11f0-80d0-a0d3c1fab97f/exhibitors/383693?&stand=13D070";"FORMA MAKINA SAN. A.S.";"http://www.formamakina.com/";"+90 2128861151";"forma@formamakina.com";"Горизонтальные упаковочные машины Фасовочно-упаковочные автоматы Оборудование, материалы, инвентарь для производства кондитерских изделий и шоколада Оборудование для мини-пекарен, кондитерских мини-цехов Формы для выпечки Хлебопекарное оборудование"
"https://icatalog.expocentr.ru/ru/exhibitions/a94ff0c2-5685-11f0-80d0-a0d3c1fab97f/exhibitors/384117?&stand=13B170";"FOSHAN JINGYI IMPORT & EXPORT CO. LTD";"http://www.ike.cn/";"+86 75783338767";"orange@ike.cn";"Оборудование для переработки фруктов и овощей Оборудование для переработки ягод, грибов Оборудование для производства сублимированных продуктов Оборудование для переработки сырья и производства продуктов питания для малых форм хозяйствования (фермеров) Оборудование для переработки мяса Оборудование для изготовления колбасных изделий"
"https://icatalog.expocentr.ru/ru/exhibitions/a94ff0c2-5685-11f0-80d0-a0d3c1fab97f/exhibitors/384060?&stand=13B100";"GUANGDONG TENGLI MACHINERY EQUIPMENT CO. LTD";"http://www.tenglimachine.com/";"+86 07532566998";"tenglimachinery@163.com";"Оборудование для производства мороженого"
"https://icatalog.expocentr.ru/ru/exhibitions/a94ff0c2-5685-11f0-80d0-a0d3c1fab97f/exhibitors/383885?&stand=13A100";"GUANGDONG XINRIDE TECHNOLOGY CO. LTD";"http://www.xinridechina.com/";"+86 13827579618";"344925087@qq.com";"Глазировочное оборудование Оборудование для выпечки вафель Оборудование для мини-пекарен, кондитерских мини-цехов Формовочно-отливочное оборудование для предприятий кондитерской промышленности Формы для выпечки Оборудование и автоматизированные линии для производства кондитерских изделий"
"https://icatalog.expocentr.ru/ru/exhibitions/a94ff0c2-5685-11f0-80d0-a0d3c1fab97f/exhibitors/384058?&stand=13B108";"GUANGZHOU XIANGHE PACKAGING MATERIALS CO. LTD";"http://www.xhpak.com/";"+86 13377587790";"info@xhpak.com";"Оборудование и сырье для выращивания и содержания птицы, свиней и КРС Спецодежда Упаковка и упаковочные материалы"
"https://icatalog.expocentr.ru/ru/exhibitions/a94ff0c2-5685-11f0-80d0-a0d3c1fab97f/exhibitors/383909?&stand=13A195";"HANDYWARE CHINA ENGINEERING CO. LTD";"http://www.handyware-engineering.com/";"+86 75785658938";"tracy@handyware.net";"Автоматизация пищевых производств и технологических процессов Глазировочное оборудование Оборудование для производства снеков, сухих завтраков, сухофруктов"
"https://icatalog.expocentr.ru/ru/exhibitions/a94ff0c2-5685-11f0-80d0-a0d3c1fab97f/exhibitors/384103?&stand=13C155";"HANGZHOU YOUNGSUN INTELLIGENT EQUIPMENT CO. LTD";"https://www.agroprodmash-expo.ru/";"";"litovchenko@youngsundrink.ru";"Оборудование для розлива Технологические линии по розливу Оборудование для групповой упаковки Упаковывание в картонные коробки, короба Этикетировочные машины, этикетировщики, аппликаторы этикеток Промышленные роботы"
"https://icatalog.expocentr.ru/ru/exhibitions/a94ff0c2-5685-11f0-80d0-a0d3c1fab97f/exhibitors/384183?&stand=13C205";"HANGZHOU ZHONGYA MACHINERY CO. LTD";"https://en.zhongyagroup.com/";"+86 57188237000";"zhonghua@zhongyagroup.com";"Оборудование для розлива Технологические линии по розливу Экструзионное и выдувное оборудование Комплексные упаковочные линии Оборудование для групповой упаковки Групповая упаковка"
"https://icatalog.expocentr.ru/ru/exhibitions/a94ff0c2-5685-11f0-80d0-a0d3c1fab97f/exhibitors/384120?&stand=13B150";"HEBEI FUDE INTELLIGENT TECHNOLOGY CO. LTD";"http://www.fudejixie.com/";"+86 13933028935";"fudejixie@126.com";"Пищевая экструзия Глазировочное оборудование Оборудование и автоматизированные линии для производства кондитерских изделий Оборудование для производства макаронных изделий Оборудование для производства продуктов быстрого приготовления Оборудование для переработки картофеля"
"https://icatalog.expocentr.ru/ru/exhibitions/a94ff0c2-5685-11f0-80d0-a0d3c1fab97f/exhibitors/384064?&stand=13C125";"HEBEI PINGLE GRAIN TECHNOLOGY INTELLIGENT EQUIPMENT CO. LTD";"http://en.pingle.cn/";"+86 31188268111";"pingle@pingle.cn";"Оборудование для зерноочистки, сортировки зерна Оборудование для переработки зерна"
"https://icatalog.expocentr.ru/ru/exhibitions/a94ff0c2-5685-11f0-80d0-a0d3c1fab97f/exhibitors/384111?&stand=13C058";"HEFEI JINZHONG PACKAGING TECHNOLOGY CO. LTD";"http://www.jin-zhong.com/";"+86 13329179777";"zq7174@jin-zhong.cn";"Оборудование для розлива молока Оборудование для производства и розлива спиртных напитков, пива и безалкогольных напитков Оборудование для пивобезалкогольной промышленности Оборудование для спиртовой и ликеро-водочной промышленности Оборудование для производства фруктовых и овощных соков Оборудование для приема и первичной обработки молока"
"https://icatalog.expocentr.ru/ru/exhibitions/a94ff0c2-5685-11f0-80d0-a0d3c1fab97f/exhibitors/383855?&stand=13A140";"HENAN GELGOOG MACHINERY CO. LTD";"http://www.gelgoog.com/";"+86 371 86110692";"info@gelgoog.com";"Оборудование для переработки фруктов и овощей Оборудование для производства быстрозамороженных продуктов Оборудование для выпечки вафельных стаканчиков для мороженого Оборудование для производства фруктовых и овощных соков Оборудование для производства хлебобулочных изделий Оборудование для переработки картофеля"
"https://icatalog.expocentr.ru/ru/exhibitions/a94ff0c2-5685-11f0-80d0-a0d3c1fab97f/exhibitors/383993?&stand=13E230";"HOMMAK HOMOGENISERS";"http://www.hommak.com/";"+90 5395689781";"yunusemre@hommak.com";"Оборудование для розлива Пищевая экструзия Оборудование для пищевой экструзии"
"https://icatalog.expocentr.ru/ru/exhibitions/a94ff0c2-5685-11f0-80d0-a0d3c1fab97f/exhibitors/384082?&stand=13B065";"IMPLAST IMREN PLASTIK VE GIDA SAN.TIC.LTD.STI";"http://www.damgo39.ru/";"+7 (952) 118-5555";"sales@damgo39.ru";"Комплексные решения для предприятий пищевой промышленности Формовочно-отливочное оборудование для предприятий кондитерской промышленности"
"https://icatalog.expocentr.ru/ru/exhibitions/a94ff0c2-5685-11f0-80d0-a0d3c1fab97f/exhibitors/385136?&stand=13D248";"JE FLOW TECH (KUNSHAN) CO. LTD";"https://www.agroprodmash-expo.ru/";"";"";""
"https://icatalog.expocentr.ru/ru/exhibitions/a94ff0c2-5685-11f0-80d0-a0d3c1fab97f/exhibitors/385109?&stand=13D152";"JIAHAOFU MACHINERY TECHNOLOGY (SUZHOU) CO. LTD";"https://www.agroprodmash-expo.ru/";"";"";""
"https://icatalog.expocentr.ru/ru/exhibitions/a94ff0c2-5685-11f0-80d0-a0d3c1fab97f/exhibitors/383862?&stand=13B130";"JIANGSU FAYGO UNION MACHINERY CO. LTD";"http://www.faygoplast.com/";"+86 512-56762808";"ceo@faygoplast.com";"Оборудование для розлива Технологические линии по розливу Экструзионное и выдувное оборудование Термоусадочная пленка Оборудование для розлива молока Оборудование для переработки масличных культур и производства растительного масла"
"https://icatalog.expocentr.ru/ru/exhibitions/a94ff0c2-5685-11f0-80d0-a0d3c1fab97f/exhibitors/383810?&stand=13A090";"JIANGSU JINRONG MACHINERY CO. LTD";"http://www.jinrongmachinery.com/";"+86 18962205960";"jrn@jinrong.cn";"Оборудование для производства и розлива спиртных напитков, пива и безалкогольных напитков Оборудование для винодельческой промышленности Оборудование для пивобезалкогольной промышленности Оборудование для спиртовой и ликеро-водочной промышленности Оборудование для производства фруктовых и овощных соков"
"https://icatalog.expocentr.ru/ru/exhibitions/a94ff0c2-5685-11f0-80d0-a0d3c1fab97f/exhibitors/383864?&stand=13B138";"JIANGYIN POWDER MILL TECHNOLOGY CO. LTD";"http://www.millpowder.com/";"+86 510 86391300";"bolyjx@vip.163.com";"Оборудование и сырье для выращивания и содержания птицы, свиней и КРС Переработка сельхозпродукции. Мини-цеха. Мини-заводы. Мини-пекарни. Мельницы, элеваторы Оборудование для переработки сырья Оборудование, материалы, инвентарь для производства кондитерских изделий и шоколада Оборудование для переработки сырья и производства продуктов питания для малых форм хозяйствования (фермеров) Оборудование для дозирования и производства ингредиентов"
"https://icatalog.expocentr.ru/ru/exhibitions/a94ff0c2-5685-11f0-80d0-a0d3c1fab97f/exhibitors/384112?&stand=13A125";"JIANGYIN POWERHONG MACHINERY CO. LTD";"http://www.powerhong-machinery.com/";"+86 15852622529";"maksim@powerhong-machinery.com";"Оборудование для розлива Технологические линии по розливу Экструзионное и выдувное оборудование Формирователи и заклейщики гофрокоробов Машины для палетизации Этикетировочные машины, этикетировщики, аппликаторы этикеток"
"https://icatalog.expocentr.ru/ru/exhibitions/a94ff0c2-5685-11f0-80d0-a0d3c1fab97f/exhibitors/383873?&stand=13B140";"JINAN DG MACHINERY CO. LTD";"http://www.degoo.ru/";"+86 531 6760 2057";"rose@degoo.ru";"Вертикальные упаковочные машины Оборудование для переработки сырья Оборудование для производства снеков, сухих завтраков, сухофруктов"
"https://icatalog.expocentr.ru/ru/exhibitions/a94ff0c2-5685-11f0-80d0-a0d3c1fab97f/exhibitors/384196?&stand=13E150";"KAIQISI INTELLIGENT EQUIPMENT CO. LTD";"http://www.kaiqisi.com/";"+86 527-80295799";"info@kaiqisi.com";"Оборудование для розлива Технологические линии по розливу Экструзионное и выдувное оборудование Этикетировочные машины, этикетировщики, аппликаторы этикеток Оборудование для производства и розлива спиртных напитков, пива и безалкогольных напитков Оборудование для производства фруктовых и овощных соков"
"https://icatalog.expocentr.ru/ru/exhibitions/a94ff0c2-5685-11f0-80d0-a0d3c1fab97f/exhibitors/384176?&stand=13E050";"KESKIN TEKNOLOJI MAKINALARI LTD.STI";"http://www.keskinmakine.com/";"";"";"Комплексные решения для предприятий пищевой промышленности Глазировочное оборудование Формовочно-отливочное оборудование для предприятий кондитерской промышленности Оборудование и автоматизированные линии для производства кондитерских изделий"
"https://icatalog.expocentr.ru/ru/exhibitions/a94ff0c2-5685-11f0-80d0-a0d3c1fab97f/exhibitors/385110?&stand=13C220";"KROMEL MAKINA SANAYI VETICARET A.S.";"https://www.agroprodmash-expo.ru/";"";"";""
"https://icatalog.expocentr.ru/ru/exhibitions/a94ff0c2-5685-11f0-80d0-a0d3c1fab97f/exhibitors/385111?&stand=13C001";"KUIPERS SV AGRI INDIA PVT. LTD";"https://www.agroprodmash-expo.ru/";"";"";""
"https://icatalog.expocentr.ru/ru/exhibitions/a94ff0c2-5685-11f0-80d0-a0d3c1fab97f/exhibitors/384045?&stand=13B118";"KUNSHAN QIANWEI MACHINERY & TECHNOLOGY CO. LTD";"http://www.qwkjchina.com/";"+86 0512-55253577";"roger@qwkjchina.com";"Оборудование для переработки фруктов и овощей Оборудование для производства консервов (мясных, рыбных, фруктовых/овощных) Оборудование для производства фруктовых и овощных соков"
"https://icatalog.expocentr.ru/ru/exhibitions/a94ff0c2-5685-11f0-80d0-a0d3c1fab97f/exhibitors/384040?&stand=13C105";"LANDUCCI S.R.L.";"http://asap-fe.com/";"+7 (812) 363-4770";"assistant@asap-fe.com";"Оборудование для производства макаронных изделий"
"https://icatalog.expocentr.ru/ru/exhibitions/a94ff0c2-5685-11f0-80d0-a0d3c1fab97f/exhibitors/384208?&stand=13A155";"LINYI XINMAIRUI AUTOMATION EQUIPMENT CO. LTD";"https://www.agroprodmash-expo.ru/";"+86 5396821222";"18954985666@163.com";"Комплексные упаковочные линии Автоматизация пищевых производств и технологических процессов Вакуумные упаковщики Упаковочные линии Решения для автоматизации Оборудование для изготовления колбасных изделий"
"https://icatalog.expocentr.ru/ru/exhibitions/a94ff0c2-5685-11f0-80d0-a0d3c1fab97f/exhibitors/384145?&stand=13E001";"M.C. AUTOMATIONS S.R.L.";"http://www.mcautomations.it/";"+39 0516132414";"info@mcautomations.it";"Упаковочное оборудование Упаковочное оборудование для штучных продуктов Комплексные упаковочные линии Горизонтальные упаковочные машины"
"https://icatalog.expocentr.ru/ru/exhibitions/a94ff0c2-5685-11f0-80d0-a0d3c1fab97f/exhibitors/385019?&stand=13A175";"MAPUMTI (HAIKOU) MACHINERY CO. LTD";"https://www.mapumti.com/";"+86 18622603067";"richard.xie@mapumti.com";"Оборудование для розлива Упаковочное оборудование для жидких и пастообразных продуктов Запчасти, комплектующие, расходные материалы для оборудования Насосы и насосное оборудование Оборудование для переработки фруктов и овощей Системы управления, регуляторы, датчики"
"https://icatalog.expocentr.ru/ru/exhibitions/a94ff0c2-5685-11f0-80d0-a0d3c1fab97f/exhibitors/384146?&stand=13E001";"MAZZETTI RENATO S.R.L.";"http://www.mazzettirenato.it/";"+39 0290631159";"info@mazzettirenato.it";"Запчасти, комплектующие, расходные материалы для оборудования Оборудование, материалы, инвентарь для производства кондитерских изделий и шоколада Глазировочное оборудование Оборудование для мини-пекарен, кондитерских мини-цехов Формовочно-отливочное оборудование для предприятий кондитерской промышленности Оборудование и автоматизированные линии для производства кондитерских изделий"
"https://icatalog.expocentr.ru/ru/exhibitions/a94ff0c2-5685-11f0-80d0-a0d3c1fab97f/exhibitors/383933?&stand=13C070";"MEMAK ENDUSTRIYEL GIDA MAKINALARI";"http://www.memak.com/";"";"";"Упаковочное оборудование для штучных продуктов Оборудование, материалы, инвентарь для производства кондитерских изделий и шоколада Глазировочное оборудование Формовочно-отливочное оборудование для предприятий кондитерской промышленности Оборудование и автоматизированные линии для производства кондитерских изделий Оборудование для производства хлебобулочных изделий"
"https://icatalog.expocentr.ru/ru/exhibitions/a94ff0c2-5685-11f0-80d0-a0d3c1fab97f/exhibitors/384049?&stand=13C120";"MYANDE GROUP CO. LTD";"https://www.myandegroup.com/";"+86 51487849111";"info@myande.com";"Комплексные решения для предприятий пищевой промышленности Оборудование для крахмало-паточной промышленности Оборудование для масложирового производства"
"https://icatalog.expocentr.ru/ru/exhibitions/a94ff0c2-5685-11f0-80d0-a0d3c1fab97f/exhibitors/384611?&stand=13C105";"NEW PROJECT S.R.L.";"http://asap-fe.com/";"+7 (812) 363-4770";"assistant@asap-fe.com";"Упаковочное оборудование для сыпучих продуктов Упаковочное оборудование для трудносыпучих продуктов Горизонтальные упаковочные машины Машины для палетизации Металлодетекторы для контроля качества Оборудование для проверки продукции и выявления инородных включений"
"https://icatalog.expocentr.ru/ru/exhibitions/a94ff0c2-5685-11f0-80d0-a0d3c1fab97f/exhibitors/383859?&stand=13A144";"NINGBO HUADONG MACHINERY CO. LTD";"http://www.huadongcn.com/";"+86 574 8837 0766";"cali@huadongcn.com";"Упаковочное оборудование для штучных продуктов Оборудование для пищевой экструзии Глазировочное оборудование Формовочно-отливочное оборудование для предприятий кондитерской промышленности Оборудование и автоматизированные линии для производства кондитерских изделий"
"https://icatalog.expocentr.ru/ru/exhibitions/a94ff0c2-5685-11f0-80d0-a0d3c1fab97f/exhibitors/384142?&stand=13E001";"NUOVA EUROMEC S.R.L.";"http://www.euromec.it/";"+39 0363988010";"info@euromec.it";"Запчасти, комплектующие, расходные материалы для оборудования Оборудование, материалы, инвентарь для производства кондитерских изделий и шоколада Формовочно-отливочное оборудование для предприятий кондитерской промышленности Оборудование и автоматизированные линии для производства кондитерских изделий"
"https://icatalog.expocentr.ru/ru/exhibitions/a94ff0c2-5685-11f0-80d0-a0d3c1fab97f/exhibitors/385127?&stand=13C090";"OMIDI INDUSTRIAL MACHINERY";"https://www.agroprodmash-expo.ru/";"";"";""
"https://icatalog.expocentr.ru/ru/exhibitions/a94ff0c2-5685-11f0-80d0-a0d3c1fab97f/exhibitors/383672?&stand=13E258";"ORBIT MUHENDISLIK VE MAKINE SANAYI A S";"http://www.orbit.com.tr/";"+90 3128151375";"mecnun.mert@orbit.com.tr";"Оборудование для производства фруктовых и овощных соков Оборудование для переработки молока и производства молочных продуктов"
"https://icatalog.expocentr.ru/ru/exhibitions/a94ff0c2-5685-11f0-80d0-a0d3c1fab97f/exhibitors/384235?&stand=13D015";"OVA DOSING AND FILLING TECHNOLOGY ITALIA SRL";"http://www.ovaprojects.com/";"+7 (910) 963-1240";"info@iteca.ru";"Формовочно-отливочное оборудование для предприятий кондитерской промышленности Оборудование и автоматизированные линии для производства кондитерских изделий"
"https://icatalog.expocentr.ru/ru/exhibitions/a94ff0c2-5685-11f0-80d0-a0d3c1fab97f/exhibitors/383780?&stand=13B030";"OZSTAR KURUYEMIS MAKINA SAN. VE TIC. LTD. STI";"https://www.ozstarmakina.com/ru";"+90 5531650408";"export@ozstarmakina.com";"Оборудование для производства кофе, чая и табака Оборудование для производства снеков, сухих завтраков, сухофруктов Снеки, гренки, сухарики Чай, кофе, какао Сухофрукты и орехи"
"https://icatalog.expocentr.ru/ru/exhibitions/a94ff0c2-5685-11f0-80d0-a0d3c1fab97f/exhibitors/384165?&stand=13E005";"PROFORM";"http://www.proform-france.com/ru";"+33 (0) 3 88 96 50 00";"info@proform-france.com";"Оборудование для пищевой экструзии Оборудование и автоматизированные линии для производства кондитерских изделий Смесеприготовительное оборудование Оборудование для дозировки и формирования Охладительные туннели Кондитерские изделия"
"https://icatalog.expocentr.ru/ru/exhibitions/a94ff0c2-5685-11f0-80d0-a0d3c1fab97f/exhibitors/384288?&stand=13D085";"PROMISING TECHNOLOGY MAKINE";"http://www.promising-technology.com.tr/";"+90 5075681525";"sales@promising.com.tr";"Оборудование, материалы, инвентарь для производства кондитерских изделий и шоколада Глазировочное оборудование Оборудование для выпечки вафель Оборудование для мини-пекарен, кондитерских мини-цехов Формовочно-отливочное оборудование для предприятий кондитерской промышленности Оборудование и автоматизированные линии для производства кондитерских изделий"
"https://icatalog.expocentr.ru/ru/exhibitions/a94ff0c2-5685-11f0-80d0-a0d3c1fab97f/exhibitors/383897?&stand=13B190";"QINGDAO HAIDE PACKAGING CO. LTD";"http://www.haidepac.com/";"+86 18561929899";"global@haidecorp.com";"Оборудование для розлива Упаковка и упаковочные материалы Оборудование для розлива молока"
"https://icatalog.expocentr.ru/ru/exhibitions/a94ff0c2-5685-11f0-80d0-a0d3c1fab97f/exhibitors/383896?&stand=13B196";"QINGDAO SHENGJIE DISINFECTION AND PURIFICATION EQUIPMENT CO. LTD";"http://www.purify-china.com/";"+86 13687624789";"qingdaoshengjie@gmail.com";"Гигиеническое оборудование для персонала и санитарных постов Системы дезинфекции производственных помещений Системы для поддержания микроклимата, очистки воздуха"
"https://icatalog.expocentr.ru/ru/exhibitions/a94ff0c2-5685-11f0-80d0-a0d3c1fab97f/exhibitors/384122?&stand=13C110";"QINGDAO SONGBEN PACKAGING MACHINERY CO. LTD";"http://en.qdsongben.com/";"+86 53289653206";"songben@qdsongben.com";"Комплексные упаковочные линии Горизонтальные упаковочные машины Групповая упаковка Термоусадочная пленка Флоупак Упаковочные линии"
"https://icatalog.expocentr.ru/ru/exhibitions/a94ff0c2-5685-11f0-80d0-a0d3c1fab97f/exhibitors/383812?&stand=13B040";"R&D ENGINEERS";"http://www.rndwafers.com/";"+91 4023402682";"info@rndwafers.com";"Оборудование для розлива Оборудование для выпечки вафель Формовочно-отливочное оборудование для предприятий кондитерской промышленности Оборудование для выпечки вафельных стаканчиков для мороженого Хлебопекарное оборудование"
"https://icatalog.expocentr.ru/ru/exhibitions/a94ff0c2-5685-11f0-80d0-a0d3c1fab97f/exhibitors/384065?&stand=13A130";"RENOX FLOW TECHNOLOGY CO. LTD";"http://www.renoxflow.com/";"+86 18362971071";"Jessica@renoxflow.com";"Пищевая экструзия Оборудование для производства детского питания Оборудование для переработки молока и производства молочных продуктов"
"https://icatalog.expocentr.ru/ru/exhibitions/a94ff0c2-5685-11f0-80d0-a0d3c1fab97f/exhibitors/383821?&stand=13E065";"RITI";"http://www.riti.by/";"+375 172504042";"info@riti.by";"Упаковочное оборудование Комплексные упаковочные линии Расстоечные шкафы Оборудование для производства хлебобулочных изделий Хлебопекарное оборудование Хлеборезки"
"https://icatalog.expocentr.ru/ru/exhibitions/a94ff0c2-5685-11f0-80d0-a0d3c1fab97f/exhibitors/384012?&stand=13E020";"?AH?N";"http://www.sahinpaslanmaz.com.tr/";"+90 332 999 10 11";"bilgi@sahinpaslanmaz.com.tr";"Емкостное оборудование Оборудование, материалы, инвентарь для производства кондитерских изделий и шоколада Оборудование для сахарной промышленности Оборудование для очистки сырья и готового продукта от металла"
"https://icatalog.expocentr.ru/ru/exhibitions/a94ff0c2-5685-11f0-80d0-a0d3c1fab97f/exhibitors/384085?&stand=13C180";"SBG";"https://sbg-team.ru/";"+7 (499) 391-7170";"info@sbgteam.ru";"Запчасти, комплектующие, расходные материалы для оборудования Комплексные решения для предприятий пищевой промышленности Автоматизация пищевых производств и технологических процессов Монтаж, сервисное обслуживание, восстановление и ремонт оборудования Проектирование, строительство и реконструкция Оборудование для переработки молока и производства молочных продуктов"
"https://icatalog.expocentr.ru/ru/exhibitions/a94ff0c2-5685-11f0-80d0-a0d3c1fab97f/exhibitors/384121?&stand=13A120";"SC SHANGHAI NEW MATERIAL TECH. CO. LTD";"http://www.scpackingbag.com/";"+86 18017028235";"bobfang@ishengchang.com";"Упаковывание в стретч-пленку Упаковочное оборудование и материалы Упаковочные материалы Ингредиенты, сырьё"
"https://icatalog.expocentr.ru/ru/exhibitions/a94ff0c2-5685-11f0-80d0-a0d3c1fab97f/exhibitors/384129?&stand=13E170";"SELNIKEL";"https://www.selnikel.com/";"+90 3123288547";"info@selnikel.com.tr";"Комплексные решения для предприятий пищевой промышленности"
"https://icatalog.expocentr.ru/ru/exhibitions/a94ff0c2-5685-11f0-80d0-a0d3c1fab97f/exhibitors/383713?&stand=13B080";"SHANDONG ARROW MACHINERY CO. LTD";"http://www.arrowextrusion.com/";"+86 53183146566";"info@arrowextrusion.com";"Комплексные решения для предприятий пищевой промышленности Монтаж, сервисное обслуживание, восстановление и ремонт оборудования Пищевая экструзия Комплектующие для пищевых экструдеров Оборудование для пищевой экструзии Оборудование для производства снеков, сухих завтраков, сухофруктов"
"https://icatalog.expocentr.ru/ru/exhibitions/a94ff0c2-5685-11f0-80d0-a0d3c1fab97f/exhibitors/384769?&stand=13B184";"SHANDONG DONGLONG TRANSMISSION EQUIPMENT CO. LTD";"http://www.donglong-conveyor.com/";"+86 0531-88978007/+86-13573105887";"Daisy@dlte.cn";"Окончательная упаковка, перемещение материалов Автоматизация пищевых производств и технологических процессов Оборудование для производства и розлива спиртных напитков, пива и безалкогольных напитков"
"https://icatalog.expocentr.ru/ru/exhibitions/a94ff0c2-5685-11f0-80d0-a0d3c1fab97f/exhibitors/384259?&stand=13B160";"SHANDONG LONGZE MACHINERY CO. LTD";"http://www.zclongze.com/";"+86 13070769155";"gussie@loneze.com";"Оборудование для нарезки, измельчения, изготовления фарша. Смесители Оборудование для изготовления мясных полуфабрикатов Оборудование для производства пельменей, вареников, равиоли"
"https://icatalog.expocentr.ru/ru/exhibitions/a94ff0c2-5685-11f0-80d0-a0d3c1fab97f/exhibitors/384051?&stand=13B104";"SHANDONG SENSITAR INDUSTRIAL EQUIPMENT CO. LTD";"http://www.sensitartech.com/";"+86 5366517068";"gyzb@xzdjx.com";"Оборудование для производства быстрозамороженных продуктов Оборудование для производства продуктов быстрого приготовления Оборудование для переработки картофеля"
"https://icatalog.expocentr.ru/ru/exhibitions/a94ff0c2-5685-11f0-80d0-a0d3c1fab97f/exhibitors/384048?&stand=13B114";"SHANDONG SISHUI HAIYUN FOOD PROCESSING MACHINE CO. LTD";"http://www.grainflourmachine.com/";"+86 18815377288";"export9@cnhlyj.com";"Оборудование для зерноочистки, сортировки зерна Оборудование для переработки зерна Переработка сельхозпродукции. Мини-цеха. Мини-заводы. Мини-пекарни. Мельницы, элеваторы"
"https://icatalog.expocentr.ru/ru/exhibitions/a94ff0c2-5685-11f0-80d0-a0d3c1fab97f/exhibitors/384063?&stand=13A170";"SHANDONG TIANTAI BEER EQUIPMENT CO. LTD";"http://www.cnbrewery.com/";"+86 053188161066";"info@cnbrewery.com";"CIP-станции, дезинфицирующее оборудование и химические средства для мойки Системы автоматизации управления производственными процессами Оборудование для производства и розлива спиртных напитков, пива и безалкогольных напитков"
"https://icatalog.expocentr.ru/ru/exhibitions/a94ff0c2-5685-11f0-80d0-a0d3c1fab97f/exhibitors/384116?&stand=13C115";"SHANDONG XINDAXIN FOOD INDUSTRIAL EQUIPMENT CO. LTD";"http://www.tcatechgroup.com/";"+86 5366481377";"info@xinxudong.com";"Оборудование для переработки фруктов и овощей Оборудование для производства быстрозамороженных продуктов Оборудование для производства сублимированных продуктов Оборудование для переработки мяса Оборудование для переработки картофеля Системы шоковой заморозки (спиральные, тоннельные шкафы и агрегаты) хлебобулочных и кондитерских изделий"
"https://icatalog.expocentr.ru/ru/exhibitions/a94ff0c2-5685-11f0-80d0-a0d3c1fab97f/exhibitors/384118?&stand=13A115";"SHANGHAI CLOUD PACKING TECHNOLOGY CO. LTD";"http://www.cloud-packing.com/";"+86 21 39596338";"sales@cloud-packing.com";"Упаковочное оборудование для овощей и фруктов Упаковочное оборудование для сыпучих продуктов Упаковочное оборудование для трудносыпучих продуктов Фасовочные машины Вертикальные упаковочные машины Упаковка под запайку"
"https://icatalog.expocentr.ru/ru/exhibitions/a94ff0c2-5685-11f0-80d0-a0d3c1fab97f/exhibitors/383811?&stand=13A095";"SHANGHAI HUAJRX IMPORT AND EXPORT TRADE CO. LTD";"http://www.shzhesu.com/";"+86 13866684850";"bill.wujg@shhuaruixing.com";"Оборудование для розлива молока Оборудование для переработки фруктов и овощей Оборудование для производства кофе, чая и табака Оборудование для пивобезалкогольной промышленности Оборудование для нарезки, измельчения, изготовления фарша. Смесители Оборудование для переработки молока и производства молочных продуктов"
"https://icatalog.expocentr.ru/ru/exhibitions/a94ff0c2-5685-11f0-80d0-a0d3c1fab97f/exhibitors/384245?&stand=13B168";"SHANGHAI JOINSUN MACHINERY PROJECT CO. LTD";"http://www.kingpacking.com.cn/";"+86 1391606538";"aileenliu@kingpacking.com.cn";"Комплексные упаковочные линии Машины для палетизации Упаковывание в картонные коробки, короба Логистика и технология поставок Оборудование для овощехранилищ Оборудование для переработки молока и производства молочных продуктов"
"https://icatalog.expocentr.ru/ru/exhibitions/a94ff0c2-5685-11f0-80d0-a0d3c1fab97f/exhibitors/384258?&stand=13B168";"SHANGHAI JUXIN AUTOMAITON TECHNOLOGY CO. LTD";"https://jxconveyors.com/";"+86 13817629898";"lily.zhang@flexcarry.net";"Вакуумная упаковка Гибкая упаковка Машины для палетизации Логистика и технология поставок Транспортное, подъемное, погрузочное оборудование Запчасти, комплектующие, расходные материалы для оборудования"
"https://icatalog.expocentr.ru/ru/exhibitions/a94ff0c2-5685-11f0-80d0-a0d3c1fab97f/exhibitors/384047?&stand=13A148";"SHANGHAI MAIRUN MACHINERY CO. LTD";"http://www.cdmairun.com/";"+86 02139905969";"yangqin@cdmairun.com";"Оборудование для розлива молока Оборудование для переработки молока и производства молочных продуктов Оборудование для приема и первичной обработки молока Оборудование для производства кисломолочных культур и продуктов на их основе Оборудование для производства сыров"
"https://icatalog.expocentr.ru/ru/exhibitions/a94ff0c2-5685-11f0-80d0-a0d3c1fab97f/exhibitors/384560?&stand=13A135";"SHANGHAI RUANG ULTRASONIC EQUIPMENT CO. LTD";"http://www.erunnest.com/";"+86 2167186558";"jesselei@shruang.com";"Оборудование для зерноочистки, сортировки зерна Весовое и измерительное оборудование Переработка сельхозпродукции. Мини-цеха. Мини-заводы. Мини-пекарни. Мельницы, элеваторы Взвешивание сыпучих материалов в потоке, системы взвешивания емкостей Аналитическое и лабораторное оборудование"
"https://icatalog.expocentr.ru/ru/exhibitions/a94ff0c2-5685-11f0-80d0-a0d3c1fab97f/exhibitors/383980?&stand=13F190";"SHANGHAI STB FLOW TECH CO. LTD";"http://www.dairy-engineering.com/";"+86 2137788375";"mt@stablechina.com";"Оборудование для переработки сырья Оборудование для пивобезалкогольной промышленности Оборудование для производства фруктовых и овощных соков Оборудование для переработки молока и производства молочных продуктов Оборудование для приема и первичной обработки молока Оборудование для производства кисломолочных культур и продуктов на их основе"
"https://icatalog.expocentr.ru/ru/exhibitions/a94ff0c2-5685-11f0-80d0-a0d3c1fab97f/exhibitors/383876?&stand=13B148";"SHANGHAI WAIFAN FOOD MACHINERY CO. LTD";"http://www.kuihongmachinery.com/";"+86 13788946187";"annie@khfoodmachine.com";"Автоматизация пищевых производств и технологических процессов Оборудование для пищевой экструзии Оборудование и автоматизированные линии для производства кондитерских изделий Смесеприготовительное оборудование Оборудование для дозировки и формирования Оборудование для производства хлебобулочных изделий"
"https://icatalog.expocentr.ru/ru/exhibitions/a94ff0c2-5685-11f0-80d0-a0d3c1fab97f/exhibitors/384053?&stand=13B124";"SHANGHAI ZHANGJUN MACHINERY EQUIPMENT CO. LTD";"http://www.zhangjunmachinery.com/";"+86 18616150032";"kerryzhu@zhangjunjixie.com";"Оборудование для переработки яиц Оборудование для производства мороженого Оборудование для переработки молока и производства молочных продуктов"
"https://icatalog.expocentr.ru/ru/exhibitions/a94ff0c2-5685-11f0-80d0-a0d3c1fab97f/exhibitors/385006?&stand=13B180";"SHANTOU DANJU PACKAGING MATERIALS CO. LTD";"http://www.danjuspoutcap.com/";"+86 13433813542";"13433813542@163.com";"Упаковка под запайку Гибкая упаковка Мягкая упаковка Сырье и полуфабрикаты для производства тары и упаковки"
"https://icatalog.expocentr.ru/ru/exhibitions/a94ff0c2-5685-11f0-80d0-a0d3c1fab97f/exhibitors/383874?&stand=13B144";"SHANTOU HUAXING MACHINERY FACTORY CO. LTD";"http://www.huaxing-machine.com/";"+86 754-82486001";"hx@huaxing-machine.com";"Пищевая экструзия Оборудование для пищевой экструзии Оборудование, материалы, инвентарь для производства кондитерских изделий и шоколада Оборудование и автоматизированные линии для производства кондитерских изделий Оборудование для переработки картофеля"
"https://icatalog.expocentr.ru/ru/exhibitions/a94ff0c2-5685-11f0-80d0-a0d3c1fab97f/exhibitors/384172?&stand=13B186";"SHANTOU WUXIAN PACKAGING CO. LTD";"https://wuxianpackaging.en.alibaba.com/";"+86 17725989371";"hugo@wxpackagingbag.com";"Гибкая упаковка Мягкая упаковка Упаковка и этикетирование"
"https://icatalog.expocentr.ru/ru/exhibitions/a94ff0c2-5685-11f0-80d0-a0d3c1fab97f/exhibitors/383839?&stand=13C165";"SHIJIAZHUANG QIUWANG IMPORT & EXPORT CO. LTD";"http://www.qwautomation.com/";"+86 31180838155";"lucia@qwautomation.com";"Комплексные упаковочные линии Промышленные роботы Готовая упаковка Упаковочные линии Фасовочно-упаковочные автоматы Решения для автоматизации"
"https://icatalog.expocentr.ru/ru/exhibitions/a94ff0c2-5685-11f0-80d0-a0d3c1fab97f/exhibitors/384041?&stand=13C105";"SIRCEM CM S.P.A.";"http://asap-fe.com/";"+7 (812) 363-4770";"assistant@asap-fe.com";"Оборудование для производства макаронных изделий Смесеприготовительное оборудование Оборудование для производства хлебобулочных изделий Оборудование для изготовления муки Оборудование для дозирования ингредиентов"
"https://icatalog.expocentr.ru/ru/exhibitions/a94ff0c2-5685-11f0-80d0-a0d3c1fab97f/exhibitors/383809?&stand=13A105";"SUBTOR WEIFANG ROTATING PRECISION MACHINERY CO. LTD";"https://www.subtor.com.cn/";"+86 5365070802";"info@subtor.com.cn";"Оборудование для переработки зерна Переработка сельхозпродукции. Мини-цеха. Мини-заводы. Мини-пекарни. Мельницы, элеваторы Оборудование для переработки фруктов и овощей Оборудование для крахмало-паточной промышленности Оборудование для переработки картофеля Соусы, кетчупы, майонезы"
"https://icatalog.expocentr.ru/ru/exhibitions/a94ff0c2-5685-11f0-80d0-a0d3c1fab97f/exhibitors/384115?&stand=13B158";"SUZHOU JINYUANFA FOOD MACHINERY CO. LTD";"http://www.jyf168.com/";"+86 512661506563";"1398972442@qq.com";"Глазировочное оборудование Формы для выпечки Оборудование для переработки какао-бобов и производства какао-продуктов Какао-продукты и шоколадная глазурь"
"https://icatalog.expocentr.ru/ru/exhibitions/a94ff0c2-5685-11f0-80d0-a0d3c1fab97f/exhibitors/384113?&stand=13A150";"TAIZHOU HULK FOOD MACHINERY CO. LTD";"http://www.hulkpackaging.com/";"+86 57686863788";"info@hulkpackaging.com";"Вертикальные упаковочные машины Формовочно-отливочное оборудование для предприятий кондитерской промышленности Оборудование и автоматизированные линии для производства кондитерских изделий Оборудование для производства снеков, сухих завтраков, сухофруктов"
"https://icatalog.expocentr.ru/ru/exhibitions/a94ff0c2-5685-11f0-80d0-a0d3c1fab97f/exhibitors/384009?&stand=13C170";"TECHGEN TM (GUANGDONG TECHGEN MACHINERIES LTD)";"http://www.techgen.com.cn/";"+86 188 2086 8866";"victor@techgen.com.cn";"Оборудование для розлива Технологические линии по розливу Оборудование для розлива молока Оборудование для производства детского питания Оборудование для производства и розлива спиртных напитков, пива и безалкогольных напитков Оборудование для переработки молока и производства молочных продуктов"
"https://icatalog.expocentr.ru/ru/exhibitions/a94ff0c2-5685-11f0-80d0-a0d3c1fab97f/exhibitors/384295?&stand=13E235";"UZERMAK A. ?.";"http://www.uzermak.com/";"+90 5321361703";"inom@uzermak.com";"Оборудование для производства детского питания Оборудование для переработки фруктов и овощей Оборудование, материалы, инвентарь для производства кондитерских изделий и шоколада Оборудование для производства продуктов быстрого приготовления Оборудование для изготовления теста, смесители, тесторазделочное оборудование Оборудование для переработки молока и производства молочных продуктов"
"https://icatalog.expocentr.ru/ru/exhibitions/a94ff0c2-5685-11f0-80d0-a0d3c1fab97f/exhibitors/384567?&stand=13D168";"WELDSIDE";"http://www.weldside.ltd/";"+7 (920) 215-7613";"order@weldside.ltd";"Технологические линии по розливу Комплексные решения для предприятий пищевой промышленности Монтаж, сервисное обслуживание, восстановление и ремонт оборудования Проектирование, строительство и реконструкция"
"https://icatalog.expocentr.ru/ru/exhibitions/a94ff0c2-5685-11f0-80d0-a0d3c1fab97f/exhibitors/383818?&stand=13C160";"WING SHUN (HK) INDUSTRIAL ENTERPRISES LIMITED";"https://www.wingshun-hk.com/";"+86 852 68457567";"freda@wingshun.cn";"Оборудование для производства и розлива спиртных напитков, пива и безалкогольных напитков Оборудование для винодельческой промышленности Оборудование для пивобезалкогольной промышленности Оборудование для спиртовой и ликеро-водочной промышленности"
"https://icatalog.expocentr.ru/ru/exhibitions/a94ff0c2-5685-11f0-80d0-a0d3c1fab97f/exhibitors/383941?&stand=13A190";"XIAMEN PAK SHING IMPORT&EXPORT CO. LTD";"http://www.pakshing.com/";"+86 5922210945";"sy@pakshing.com";"Вспомогательные упаковочные изделия (крышки, колпачки, пробки, обвязочные ленты) Полужесткая упаковка Упаковывание в стретч-пленку ПЭТ-преформы"
"https://icatalog.expocentr.ru/ru/exhibitions/a94ff0c2-5685-11f0-80d0-a0d3c1fab97f/exhibitors/384225?&stand=13B200";"YANGJIANG WENVA YUANDONG INDUSTRY CO. LTD";"http://www.wenva.net/";"+86 13411317291";"eric@wenva.net";"Оборудование для производства хлебобулочных изделий"
"https://icatalog.expocentr.ru/ru/exhibitions/a94ff0c2-5685-11f0-80d0-a0d3c1fab97f/exhibitors/384052?&stand=13B110";"ZHANGJIAGANG CHINELITE INTELLIGENT TECHNOLOGY CO. LTD";"http://www.chinelitepack.com/";"+86 13962216918";"mikhail_he@foxmail.com";"Технологические линии по розливу Оборудование для дозирования жидких продуктов Оборудование для производства и розлива спиртных напитков, пива и безалкогольных напитков"
"https://icatalog.expocentr.ru/ru/exhibitions/a94ff0c2-5685-11f0-80d0-a0d3c1fab97f/exhibitors/384017?&stand=13B194";"ZHANGJIAGANG CITY AK MACHINERY CO. LTD";"http://www.akmachine.cn/";"+86 13915469766";"admin@akmachine.cn";"Оборудование для розлива Технологические линии по розливу Экструзионное и выдувное оборудование Оборудование для преформ Этикетировочные машины, этикетировщики, аппликаторы этикеток Оборудование для производства и розлива спиртных напитков, пива и безалкогольных напитков"
"https://icatalog.expocentr.ru/ru/exhibitions/a94ff0c2-5685-11f0-80d0-a0d3c1fab97f/exhibitors/384561?&stand=13B175";"ZHEJIANG JINHONG INTELLIGENT TECHNOLOGY CO. LTD";"http://www.jinhongchina.com/";"+86 57686837519";"jh@jin-hong.com.cn";"Горизонтальные упаковочные машины Групповая упаковка"
"https://icatalog.expocentr.ru/ru/exhibitions/a94ff0c2-5685-11f0-80d0-a0d3c1fab97f/exhibitors/384062?&stand=13A180";"ZHENGZHOU LONKIA MACHINERY CO. LTD";"http://www.lonkiamachinery.com/";"+86 13383821658";"sales@lonkiamachinery.com";"Оборудование для переработки фруктов и овощей Оборудование для переработки мяса Оборудование для переработки картофеля"
"https://icatalog.expocentr.ru/ru/exhibitions/a94ff0c2-5685-11f0-80d0-a0d3c1fab97f/exhibitors/384093?&stand=13D150";"ZHUCHENG JIAWANG INDUSTRY AND TRADE CO. LTD";"http://www.zcjwgm.com/";"+86 15006699398";"zcjiawang@163.com";"Рыболовство. Оборудование и технологии для добычи рыбы и морепродуктов Жарочные шкафы, варочные поверхности и грили Фритюрницы Оборудование для пищевой экструзии Термическое оборудование"
"https://icatalog.expocentr.ru/ru/exhibitions/a94ff0c2-5685-11f0-80d0-a0d3c1fab97f/exhibitors/384580?&stand=13B192";"ZHUCHENG SHENGLING TRADING CO. LTD";"http://www.sunlinn.com/";"+86 17667436314";"stephen@sunlinn.com";"Оборудование для переработки яиц Оборудование для производства консервов (мясных, рыбных, фруктовых/овощных) Оборудование для производства хлебобулочных изделий Оборудование для переработки мяса Оборудование для нарезки, измельчения, изготовления фарша. Смесители Оборудование для изготовления колбасных изделий"
"https://icatalog.expocentr.ru/ru/exhibitions/a94ff0c2-5685-11f0-80d0-a0d3c1fab97f/exhibitors/384056?&stand=13B120";"ZOUPING SHUANGFEI COMPLETE EQUIPMENT CO. LTD";"http://www.sfprocess.com/";"+86 5434768555";"market@jlspray.com";"Оборудование для сушки и вяления пищевых продуктов. Сушильные шкафы, камеры и цеха"
"https://icatalog.expocentr.ru/ru/exhibitions/a94ff0c2-5685-11f0-80d0-a0d3c1fab97f/exhibitors/383727?&stand=13D250";"АВИС КОМПАНИЯ, НПО, ООО";"http://www.avis-izh.ru/";"+7 (3412) 60-15-25";"sales@avis-izh.ru";"Оборудование для розлива Емкостное оборудование Групповая упаковка Этикетировочные машины, этикетировщики, аппликаторы этикеток Оборудование для розлива молока Охладительные туннели"
"https://icatalog.expocentr.ru/ru/exhibitions/a94ff0c2-5685-11f0-80d0-a0d3c1fab97f/exhibitors/384249?&stand=13E155";"АГРОПАК";"http://www.agropak.ru/";"8 800 505-1930";"agropak@agropak.ru";"Упаковочное оборудование Оборудование для маркировки Весовое и измерительное оборудование Оборудование для производства фруктовых и овощных соков Оборудование для переработки картофеля Переработка овощей и фруктов"
"https://icatalog.expocentr.ru/ru/exhibitions/a94ff0c2-5685-11f0-80d0-a0d3c1fab97f/exhibitors/385007?&stand=13C130";"АКАДЕМИЯ ХЛЕБОПЕЧЕНИЯ ФГАНУ НИИХП";"http://www.gosniihp.ru/";"+7 (495) 025-4144";"academy@gosniihp.ru";""
"https://icatalog.expocentr.ru/ru/exhibitions/a94ff0c2-5685-11f0-80d0-a0d3c1fab97f/exhibitors/384170?&stand=13D244";"АКВАТРОЛ, ООО";"http://www.xn--80aaf5ahrnp.xn--p1ai/";"+7 (495) 923-7767";"aquatrol@aquatrol.ru";"Оборудование для переработки птицы, дичи Аквакультура (рыбоводство) Оборудование для розлива Оборудование для производства и розлива спиртных напитков, пива и безалкогольных напитков Оборудование для переработки мяса Оборудование для переработки молока и производства молочных продуктов Российский экспортер Оборудование для гигиены предприятия Оборудование для производства продуктов питания и напитков Запчасти, комплектующие для оборудования Контрольно-измерительное оборудование"
"https://icatalog.expocentr.ru/ru/exhibitions/a94ff0c2-5685-11f0-80d0-a0d3c1fab97f/exhibitors/385128?&stand=13E100";"АКИР ТЕХНОПРОД";"https://www.agroprodmash-expo.ru/";"";"";""
"https://icatalog.expocentr.ru/ru/exhibitions/a94ff0c2-5685-11f0-80d0-a0d3c1fab97f/exhibitors/384186?&stand=13D115";"АКСОИД, ООО";"http://www.aksoid22.ru/";"+7 3852 500858";"aksoid@mail.ru";"Оборудование для переработки сырья Оборудование для производства быстрозамороженных продуктов Глазировочное оборудование Оборудование для производства хлебобулочных изделий Системы шоковой заморозки (спиральные, тоннельные шкафы и агрегаты) хлебобулочных и кондитерских изделий"
"https://icatalog.expocentr.ru/ru/exhibitions/a94ff0c2-5685-11f0-80d0-a0d3c1fab97f/exhibitors/384128?&stand=13E170";"АЛАМАК, ООО";"http://www.alamak.su/";"+7 4832 377363";"alamak@alamak.su";"Комплексные решения для предприятий пищевой промышленности Технологии и оборудование для энергоэффективности и защиты окружающей среды Монтаж, сервисное обслуживание, восстановление и ремонт оборудования Проектирование, строительство и реконструкция"
"https://icatalog.expocentr.ru/ru/exhibitions/a94ff0c2-5685-11f0-80d0-a0d3c1fab97f/exhibitors/384253?&stand=13C155";"АЛС-ПОВОЛЖЬЕ, ООО";"https://als-p.ru/";"+7 8342 288905";"info@als-p.ru";"Оборудование для водоснабжения, водоочистное оборудование, запорная арматура, оборудование для трубопроводов Электротехническое оборудование Комплексные решения для предприятий пищевой промышленности Автоматизация пищевых производств и технологических процессов"
"https://icatalog.expocentr.ru/ru/exhibitions/a94ff0c2-5685-11f0-80d0-a0d3c1fab97f/exhibitors/384264?&stand=13F145";"АМИТЕХМАШ";"http://www.amitechmash.ru/";"+7 (951) 908-3707";"shishkinav86@mail.ru";"Оборудование для производства хлебобулочных изделий Хлебопекарное оборудование Хлеборезки"
"https://icatalog.expocentr.ru/ru/exhibitions/a94ff0c2-5685-11f0-80d0-a0d3c1fab97f/exhibitors/383867?&stand=13F110";"АНК-ТЕХНО";"http://www.anktehno.ru/";"+7 (499) 677-2311";"sales@anktehno.ru";"Оборудование для розлива Насосы и насосное оборудование Оборудование для крахмало-паточной промышленности Оборудование для сахарной промышленности Оборудование для производства пельменей, вареников, равиоли Оборудование для переработки молока и производства молочных продуктов"
"https://icatalog.expocentr.ru/ru/exhibitions/a94ff0c2-5685-11f0-80d0-a0d3c1fab97f/exhibitors/384168?&stand=13D130";"АРКСО ГРУП, ООО";"http://www.arcxo.ru/";"+7 (911) 134-4137";"ekaterina.anokhina@arcxo.ru";"Комплексные упаковочные линии Горизонтальные упаковочные машины Формирователи и заклейщики гофрокоробов Флоупак Автоматизация пищевых производств и технологических процессов"
"https://icatalog.expocentr.ru/ru/exhibitions/a94ff0c2-5685-11f0-80d0-a0d3c1fab97f/exhibitors/384057?&stand=13C105";"АСАП ФУД ЭКВИПМЕНТ, ООО";"http://asap-fe.com/";"+7 (812) 363-4770";"assistant@asap-fe.com";"Комплексные упаковочные линии Запчасти, комплектующие, расходные материалы для оборудования Переработка сельхозпродукции. Мини-цеха. Мини-заводы. Мини-пекарни. Мельницы, элеваторы Оборудование для производства макаронных изделий Оборудование для производства продуктов быстрого приготовления Оборудование для изготовления муки"
"https://icatalog.expocentr.ru/ru/exhibitions/a94ff0c2-5685-11f0-80d0-a0d3c1fab97f/exhibitors/383920?&stand=13E130";"АФР, ООО";"http://www.afr.com.ru/";"+7 (812) 331-2027";"sales@afr.com.ru";"Оборудование для розлива Комплексные упаковочные линии Системы контроля Групповая упаковка Комплексные решения для предприятий пищевой промышленности Автоматизация пищевых производств и технологических процессов"
"https://icatalog.expocentr.ru/ru/exhibitions/a94ff0c2-5685-11f0-80d0-a0d3c1fab97f/exhibitors/384019?&stand=13E270";"БЕЛКОМ, ООО";"http://www.ooobelkom.ru/";"+7 (916) 740-6275";"1879805@mail.ru";"Этикетировочные машины, этикетировщики, аппликаторы этикеток Оборудование для производства консервов (мясных, рыбных, фруктовых/овощных) Российский экспортер Оборудование для консервной промышленности"
"https://icatalog.expocentr.ru/ru/exhibitions/a94ff0c2-5685-11f0-80d0-a0d3c1fab97f/exhibitors/384244?&stand=13C050";"ВАКУУМКРАФТ";"http://www.vakuumkraft.ru/";"+7 (985) 549-4797";"inf@vakuumkraft.ru";"Складское оборудование. Хранение Транспортное, подъемное, погрузочное оборудование"
"https://icatalog.expocentr.ru/ru/exhibitions/a94ff0c2-5685-11f0-80d0-a0d3c1fab97f/exhibitors/384023?&stand=13D120";"ВАМ РУССИЯ";"http://wamrussia.ru/";"+7 (495) 134-7070";"sales@wamrussia.ru";"Автоматизация пищевых производств и технологических процессов Оборудование для переработки зерна Оборудование для производства детского питания Оборудование для производства кофе, чая и табака Оборудование для производства продуктов быстрого приготовления Оборудование для производства снеков, сухих завтраков, сухофруктов Оборудование для производства сублимированных продуктов Оборудование для сахарной промышленности Оборудование для изготовления муки Оборудование для производства ингредиентов, пищевых добавок, специй, пряностей, приправ"
"https://icatalog.expocentr.ru/ru/exhibitions/a94ff0c2-5685-11f0-80d0-a0d3c1fab97f/exhibitors/383788?&stand=13E120";"ВегаСистемы";"https://vegasystems.ru/";"+7 (915) 388-5555";"vega_ip@mail.ru";"Куттеры, мясорубки, фаршемешалки Слайсеры Машины для мытья овощей, Моечные ванны Оборудование для чистки овощей Овощерезки"
"https://icatalog.expocentr.ru/ru/exhibitions/a94ff0c2-5685-11f0-80d0-a0d3c1fab97f/exhibitors/383833?&stand=13E035";"ВЕЗАР ТЕХНОЛОДЖИ, ООО";"http://www.vezarteh.ru/";"+7 (495) 991-4333";"info@vezarteh.ru";"Горизонтальные упаковочные машины Оборудование для групповой упаковки Окончательная упаковка, перемещение материалов Оборудование и автоматизированные линии для производства кондитерских изделий Оборудование для изготовления теста, смесители, тесторазделочное оборудование Автоматизированные линии полного цикла для производства хлебобулочных изделий"
"https://icatalog.expocentr.ru/ru/exhibitions/a94ff0c2-5685-11f0-80d0-a0d3c1fab97f/exhibitors/383695?&stand=13E220";"ВОПЛОЩЕНИЕ, ООО";"http://www.zavpo.ru/";"+7 (499) 941-0890";"voploschenie@mail.ru";"Оборудование для переработки овощей и фруктов Оборудование для переработки фруктов и овощей Оборудование для переработки ягод, грибов Оборудование для производства быстрозамороженных продуктов Оборудование для производства консервов (мясных, рыбных, фруктовых/овощных) Оборудование для переработки картофеля Российский экспортер"
"https://icatalog.expocentr.ru/ru/exhibitions/a94ff0c2-5685-11f0-80d0-a0d3c1fab97f/exhibitors/384214?&stand=13C235";"ВОРОНЕЖПРОДМАШ";"http://www.vpmash.ru/";"+7 (4732) 21-90-90";"prodmashvrn@mail.ru";"Комплексные решения для предприятий пищевой промышленности Российский экспортер"
"https://icatalog.expocentr.ru/ru/exhibitions/a94ff0c2-5685-11f0-80d0-a0d3c1fab97f/exhibitors/383687?&stand=13B010";"ВЭД АГЕНТ, АО";"http://www.vedagent.ru/";"+7 383 207-9105";"bolmant@vedagent.ru";"Логистика и технология поставок Транспортное обслуживание"
"https://icatalog.expocentr.ru/ru/exhibitions/a94ff0c2-5685-11f0-80d0-a0d3c1fab97f/exhibitors/384583?&stand=13E045";"ГАРАНЯН АНДРЕЙ СЕРГЕЕВИЧ, ИП";"http://www.garanyan.org/";"+7 (918) 492-2340";"info@Garanyan.org";"Оборудование для нарезки, измельчения и порционирования Формирователи и заклейщики гофрокоробов Автоматизация пищевых производств и технологических процессов Промышленные роботы"
"https://icatalog.expocentr.ru/ru/exhibitions/a94ff0c2-5685-11f0-80d0-a0d3c1fab97f/exhibitors/383958?&stand=13F001";"ГЕКОНА ПАК";"http://www.geconatec.com/";"+7 (495) 902-6453";"Moskau@Geconatec.com";"Комплексные упаковочные линии Оборудование, материалы, инвентарь для производства кондитерских изделий и шоколада Оборудование для производства кофе, чая и табака Оборудование для переработки какао-бобов и производства какао-продуктов"
"https://icatalog.expocentr.ru/ru/exhibitions/a94ff0c2-5685-11f0-80d0-a0d3c1fab97f/exhibitors/384005?&stand=13E125";"ГИГАМАШ, НПО, ООО";"http://gigamash.ru/";"+7 (495) 722-4748";"agt.08@mail.ru";"CIP-станции, дезинфицирующее оборудование и химические средства для мойки Комплексные решения для предприятий пищевой промышленности Оборудование для переработки сырья и производства продуктов питания для малых форм хозяйствования (фермеров) Оборудование для переработки молока и производства молочных продуктов Соусы, майонезы, кетчупы Молочные продукты, сыры Российский экспортер Оборудование для гигиены предприятия Оборудование для производства продуктов питания и напитков Оборудование для кондитерской промышленности Оборудование для молочной промышленности Емкостное оборудование"
"https://icatalog.expocentr.ru/ru/exhibitions/a94ff0c2-5685-11f0-80d0-a0d3c1fab97f/exhibitors/384209?&stand=13D105";"ГЛОБУС, ООО";"http://www.globe63.ru/";"+7 (910) 484-9243";"globe63@bk.ru";"Глазировочное оборудование Формовочно-отливочное оборудование для предприятий кондитерской промышленности Оборудование и автоматизированные линии для производства кондитерских изделий Оборудование для переработки какао-бобов и производства какао-продуктов"
"https://icatalog.expocentr.ru/ru/exhibitions/a94ff0c2-5685-11f0-80d0-a0d3c1fab97f/exhibitors/384713?&stand=13C240";"ГРОДТОРГМАШ, ОАО";"https://torgmash-grodno.by/";"+375 333005090";"sales@torgmash-grodno.by";"Оборудование для водоснабжения, водоочистное оборудование, запорная арматура, оборудование для трубопроводов Промышленные машины для мойки и сушки Моечные ванны"
"https://icatalog.expocentr.ru/ru/exhibitions/a94ff0c2-5685-11f0-80d0-a0d3c1fab97f/exhibitors/384076?&stand=13F010";"ДЕЛЬТАЛИЗИНГ, ООО";"http://www.deltaleasing.ru/";"8 800 200-0180";"info@deltaleasing.ru";"Упаковочное оборудование Лизинг оборудования Оборудование, материалы, инвентарь для производства кондитерских изделий и шоколада Оборудование для производства хлебобулочных изделий Оборудование для переработки мяса Оборудование для переработки молока и производства молочных продуктов"
"https://icatalog.expocentr.ru/ru/exhibitions/a94ff0c2-5685-11f0-80d0-a0d3c1fab97f/exhibitors/384596?&stand=13D248";"ДжейИ Тек Ру, ООО";"https://www.jeflow.ru/";"+7 (960) 876-3791";"sales@jeflow.ru";"Емкостное оборудование Комплексные решения для предприятий пищевой промышленности Оборудование для производства и розлива спиртных напитков, пива и безалкогольных напитков Оборудование для переработки молока и производства молочных продуктов Оборудование для приема и первичной обработки молока Оборудование для производства сыров"
"https://icatalog.expocentr.ru/ru/exhibitions/a94ff0c2-5685-11f0-80d0-a0d3c1fab97f/exhibitors/383670?&stand=13E010";"ДИВО ОБОРУДОВАНИЕ";"http://www.nndivo.ru/";"8 800 551-0934";"info@nndivo.ru";"Оборудование для мини-пекарен, кондитерских мини-цехов Оборудование для производства хлебобулочных изделий Оборудование для изготовления теста, смесители, тесторазделочное оборудование Хлебопекарное оборудование Хлеборезки"
"https://icatalog.expocentr.ru/ru/exhibitions/a94ff0c2-5685-11f0-80d0-a0d3c1fab97f/exhibitors/383945?&stand=13E106";"ДИТАЙЛЬ, ООО";"http://www.dteil.ru/";"+7 (495) 973-5473";"dteil@mail.ru";"Оборудование для маркировки Автоматизированные системы для маркировки и прослеживаемости товаров Этикетировочные машины, этикетировщики, аппликаторы этикеток Запчасти, комплектующие, расходные материалы для оборудования Весовое и измерительное оборудование"
"https://icatalog.expocentr.ru/ru/exhibitions/a94ff0c2-5685-11f0-80d0-a0d3c1fab97f/exhibitors/383668?&stand=13D075";"ДИТО, ООО";"http://www.ditogroup.ru/";"+7 (495) 646-9564";"info@ditogroup.ru";"Оборудование, материалы, инвентарь для производства кондитерских изделий и шоколада Глазировочное оборудование Формовочно-отливочное оборудование для предприятий кондитерской промышленности Оборудование и автоматизированные линии для производства кондитерских изделий Оборудование для дозировки и формирования Охладительные туннели"
"https://icatalog.expocentr.ru/ru/exhibitions/a94ff0c2-5685-11f0-80d0-a0d3c1fab97f/exhibitors/384036?&stand=13D228";"ДМП";"http://www.dmprocess.ru/";"+7 (8652) 99-89-88";"info@dmprocess.ru";"Запчасти, комплектующие, расходные материалы для оборудования Комплексные решения для предприятий пищевой промышленности Монтаж, сервисное обслуживание, восстановление и ремонт оборудования Оборудование для производства детского питания Оборудование для сушки и вяления пищевых продуктов. Сушильные шкафы, камеры и цеха Оборудование для масложирового производства Оборудование для переработки молока и производства молочных продуктов Оборудование для производства ингредиентов, пищевых добавок, специй, пряностей, приправ"
"https://icatalog.expocentr.ru/ru/exhibitions/a94ff0c2-5685-11f0-80d0-a0d3c1fab97f/exhibitors/383721?&stand=13F140";"ЕВРОНАСОСЫ, ООО";"http://www.europumps.ru/";"+7 (495) 150-0616";"sales@europumps.ru";"Оборудование для переработки сырья Оборудование для дрожжевой промышленности Оборудование для крахмало-паточной промышленности Оборудование для масложирового производства Оборудование для изготовления муки Оборудование для переработки молока и производства молочных продуктов"
"https://icatalog.expocentr.ru/ru/exhibitions/a94ff0c2-5685-11f0-80d0-a0d3c1fab97f/exhibitors/384078?&stand=13D205";"ЕВРОПЕЙСКАЯ ТЕХНОЛОГИЧЕСКАЯ ГРУППА";"http://www.europateg.com/";"+7 (495) 787-9042";"info@europateg.com";"Комплексные решения для предприятий пищевой промышленности Автоматизация пищевых производств и технологических процессов Оборудование для производства детского питания Оборудование для переработки молока и производства молочных продуктов Оборудование для приема и первичной обработки молока Оборудование для производства кисломолочных культур и продуктов на их основе"
"https://icatalog.expocentr.ru/ru/exhibitions/a94ff0c2-5685-11f0-80d0-a0d3c1fab97f/exhibitors/384149?&stand=13D194";"ЕВРОСТАЛЬСТРОЙ";"http://www.e-s-c.ru/";"+7 (983) 124-9090";"ecc08@mail.ru";"Комплексные решения для предприятий пищевой промышленности Автоматизация пищевых производств и технологических процессов Монтаж оборудования Оборудование, материалы, инвентарь для производства кондитерских изделий и шоколада Оборудование для пивобезалкогольной промышленности Оборудование для переработки молока и производства молочных продуктов"
"https://icatalog.expocentr.ru/ru/exhibitions/a94ff0c2-5685-11f0-80d0-a0d3c1fab97f/exhibitors/384071?&stand=13F070";"ЕВРОЧИЛЛЕР РУС, ООО";"http://www.echiller.ru/";"+7 (495) 369-0001";"info@echiller.ru";"Генерация холода, морозильные аппараты, специальные холодильники, льдогенераторы, льдоаккумуляторы Теплообменники, градирни, испарители, конденсаторы Холодильные агрегаты, моноблоки Компрессорно-конденсаторные агрегаты Промышленные холодильники и морозильники Системы вентиляции, кондиционирования, климат-контроля. Сплит-системы"
"https://icatalog.expocentr.ru/ru/exhibitions/a94ff0c2-5685-11f0-80d0-a0d3c1fab97f/exhibitors/384021?&stand=13E190";"ЕКОКОМ, ООО";"http://www.ekokom.ru/";"+7 (985) 765-6574";"milk@ekokom.ru";"Оборудование для переработки молока и производства молочных продуктов Оборудование для приема и первичной обработки молока Оборудование для производства кисломолочных культур и продуктов на их основе Оборудование для производства сыров Стартовые культуры Заквасочные культуры"
"https://icatalog.expocentr.ru/ru/exhibitions/a94ff0c2-5685-11f0-80d0-a0d3c1fab97f/exhibitors/384568?&stand=13B205";"ЗАРЯДОВ";"https://zarydov.ru/";"+7 (900) 277-7227";"batcenter@yandex.ru";"Монтаж, сервисное обслуживание, восстановление и ремонт оборудования"
"https://icatalog.expocentr.ru/ru/exhibitions/a94ff0c2-5685-11f0-80d0-a0d3c1fab97f/exhibitors/383696?&stand=13C010";"ЗЕЛАЙЕТА РУС, ООО";"http://www.zelaieta.ru/";"+7 (495) 135-1530";"zakaz@zelaieta.ru";"Оборудование для производства хлебобулочных изделий Оборудование для изготовления теста, смесители, тесторазделочное оборудование Хлебопекарное оборудование Автоматизированные линии полного цикла для производства хлебобулочных изделий"
"https://icatalog.expocentr.ru/ru/exhibitions/a94ff0c2-5685-11f0-80d0-a0d3c1fab97f/exhibitors/384086?&stand=13C060";"ИВАНТЕЕВСКИЙ ЭЛЕВАТОРМЕЛЬМАШ, АО";"http://www.elevatormash.net/";"+7 (495) 542-8054";"sekretar@elevatormash.net";"Зерносушильное оборудование Оборудование для зерноочистки, сортировки зерна Оборудование для переработки зерна Оборудование для сахарной промышленности Оборудование для масложирового производства Оборудование для переработки масличных культур и производства растительного масла"
"https://icatalog.expocentr.ru/ru/exhibitions/a94ff0c2-5685-11f0-80d0-a0d3c1fab97f/exhibitors/384127?&stand=13E205";"ИНОКСПА, ООО";"http://inoxpa.ru/";"8 800 707-7822";"info@inoxpa.ru";"Трубы, арматура Насосы и насосное оборудование CIP-станции, дезинфицирующее оборудование и химические средства для мойки Оборудование для производства и розлива спиртных напитков, пива и безалкогольных напитков Оборудование для производства фруктовых и овощных соков Оборудование для переработки молока и производства молочных продуктов"
"https://icatalog.expocentr.ru/ru/exhibitions/a94ff0c2-5685-11f0-80d0-a0d3c1fab97f/exhibitors/384140?&stand=13D160";"КватроТех, ООО";"http://www.kvatrotech.com/";"+375 447047422";"support@kvatrotech.com";"Термоформование, наполнение и запечатывание Оборудование для нарезки сыров Оборудование для производства детского питания Оборудование для переработки фруктов и овощей Оборудование для производства консервов (мясных, рыбных, фруктовых/овощных) Оборудование для производства фруктовых и овощных соков"
"https://icatalog.expocentr.ru/ru/exhibitions/a94ff0c2-5685-11f0-80d0-a0d3c1fab97f/exhibitors/383710?&stand=13D240";"КИЗЕЛЬМАНН РУС, ООО";"http://www.kieselmann.ru/";"+7 (495) 258-9230";"sales@kieselmann.ru";"Комплексные решения для предприятий пищевой промышленности Оборудование для розлива молока Оборудование для производства детского питания Оборудование для производства и розлива спиртных напитков, пива и безалкогольных напитков Оборудование для переработки молока и производства молочных продуктов Оборудование для производства сыров"
"https://icatalog.expocentr.ru/ru/exhibitions/a94ff0c2-5685-11f0-80d0-a0d3c1fab97f/exhibitors/384206?&stand=13D200";"КЛЕВЕР МАШИНЗ, ООО";"http://www.clever-corp.com/";"+7 (495) 989-4315";"info@clever-corp.com";"Оборудование для розлива Технологические линии по розливу Емкостное оборудование Насосы и насосное оборудование Комплексные решения для предприятий пищевой промышленности Автоматизация пищевых производств и технологических процессов Оборудование для розлива молока Оборудование для производства и розлива спиртных напитков, пива и безалкогольных напитков Оборудование для производства фруктовых и овощных соков Оборудование для переработки молока и производства молочных продуктов"
"https://icatalog.expocentr.ru/ru/exhibitions/a94ff0c2-5685-11f0-80d0-a0d3c1fab97f/exhibitors/383769?&stand=13E003";"КОДКАМ-УРАЛ, ООО";"http://www.codcam.ru/";"+7 (904) 546-0519";"manager@codcam.ru";"Оборудование, материалы, инвентарь для производства кондитерских изделий и шоколада Оборудование для производства хлебобулочных изделий Хлеб и хлебопекарные изделия Оборудование для дозирования ингредиентов"
"https://icatalog.expocentr.ru/ru/exhibitions/a94ff0c2-5685-11f0-80d0-a0d3c1fab97f/exhibitors/384562?&stand=13D154";"КОМПАНИЯ СТЛ";"http://www.stl-comp.ru/";"+7 (495) 351-8372";"dmitriy_perov@stl-comp.ru";"Средства индивидуальной защиты персонала для пищевого производства"
"https://icatalog.expocentr.ru/ru/exhibitions/a94ff0c2-5685-11f0-80d0-a0d3c1fab97f/exhibitors/383694?&stand=13D258";"КОМПЛЕКСНОЕ ОСНАЩЕНИЕ, ООО";"http://www.compeq.ru/";"+7 8552 250878";"marketing@compeq.ru";"Комплексные решения для предприятий пищевой промышленности Оборудование для переработки фруктов и овощей Оборудование, материалы, инвентарь для производства кондитерских изделий и шоколада Оборудование для производства и розлива спиртных напитков, пива и безалкогольных напитков Оборудование для переработки масличных культур и производства растительного масла Оборудование для переработки молока и производства молочных продуктов"
"https://icatalog.expocentr.ru/ru/exhibitions/a94ff0c2-5685-11f0-80d0-a0d3c1fab97f/exhibitors/383929?&stand=13D080";"КРАСНОКАМСКИЙ ЗАВОД МЕТАЛЛИЧЕСКИХ СЕТОК ROSSET, ПАО";"http://rosset-kzms.ru/";"+7 3422143014";"sales01@rosset-kzms.ru";"Запчасти, комплектующие, расходные материалы для оборудования Оборудование для производства макаронных изделий Оборудование для производства хлебобулочных изделий Оборудование для сушки и вяления пищевых продуктов. Сушильные шкафы, камеры и цеха Оборудование для переработки молока и производства молочных продуктов"
"https://icatalog.expocentr.ru/ru/exhibitions/a94ff0c2-5685-11f0-80d0-a0d3c1fab97f/exhibitors/383681?&stand=13F245";"КРАФТЛОГ, ООО";"http://www.kraftlog.ru/";"+7 (495) 989-8707";"info@kraftlog.ru";"Оборудование для производства мороженого Оборудование для производства и розлива спиртных напитков, пива и безалкогольных напитков Оборудование для производства фруктовых и овощных соков Оборудование для производства хлебобулочных изделий Оборудование для переработки мяса Оборудование для производства кисломолочных культур и продуктов на их основе"
"https://icatalog.expocentr.ru/ru/exhibitions/a94ff0c2-5685-11f0-80d0-a0d3c1fab97f/exhibitors/384102?&stand=13D188";"КРИОТЕК, ООО";"http://www.cryotec.ru/";"+7 (495) 620-7044";"info@cryotec.ru";"Оборудование для розлива Оборудование для дозирования жидких продуктов Оборудование для дозирования жидкого азота Оборудование для производства продуктов глубокой заморозки Оборудование для масложирового производства Криогенная заморозка, шоковая заморозка продуктов питания"
"https://icatalog.expocentr.ru/ru/exhibitions/a94ff0c2-5685-11f0-80d0-a0d3c1fab97f/exhibitors/383893?&stand=13F170";"КРОПОТКИНСКИЙ ЗАВОД МИССП, ЗАО";"http://www.missp.ru/";"8 800 101-1020";"sales@missp.ru";"Упаковочное оборудование Пресс-формы Оборудование для групповой упаковки Упаковывание в картонные коробки, короба Оборудование для производства и розлива спиртных напитков, пива и безалкогольных напитков Оборудование для пивобезалкогольной промышленности Российский экспортер"
"https://icatalog.expocentr.ru/ru/exhibitions/a94ff0c2-5685-11f0-80d0-a0d3c1fab97f/exhibitors/383711?&stand=13F060";"КУБАНЬ СЕТКА";"http://www.kubansetka.ru/";"8 800 222-2324";"sales@kubansetka.ru";"Запчасти, комплектующие, расходные материалы для оборудования Металл для предприятий пищевой промышленности Оборудование, материалы, инвентарь для производства кондитерских изделий и шоколада Оборудование для производства хлебобулочных изделий"
"https://icatalog.expocentr.ru/ru/exhibitions/a94ff0c2-5685-11f0-80d0-a0d3c1fab97f/exhibitors/384296?&stand=13B205";"ЛЕВАНТ-РУС, ООО";"http://www.lewant.ru/";"+7 (993) 765-0327";"info@lewant.ru";"Хлебопекарное оборудование Российский экспортер"
"https://icatalog.expocentr.ru/ru/exhibitions/a94ff0c2-5685-11f0-80d0-a0d3c1fab97f/exhibitors/384173?&stand=13E200";"ЛЕГРА";"http://www.legra-group.ru/proizvodstvo";"+7 831 260-1195";"info@legra-group.com";"Оборудование для розлива Технологические линии по розливу Упаковочное оборудование Комплексные упаковочные линии Запчасти, комплектующие, расходные материалы для оборудования Насосы и насосное оборудование Комплексные решения для предприятий пищевой промышленности Автоматизация пищевых производств и технологических процессов Промышленные роботы Оборудование для переработки сырья Оборудование для розлива молока Оборудование для переработки сои и получения соевого изолята Оборудование для производства и розлива спиртных напитков, пива и безалкогольных напитков Оборудование для масложирового производства Оборудование для переработки масличных культур и производства растительного масла Оборудование для переработки молока и производства молочных продуктов"
"https://icatalog.expocentr.ru/ru/exhibitions/a94ff0c2-5685-11f0-80d0-a0d3c1fab97f/exhibitors/384182?&stand=13C195";"ЛИНЭКО";"http://www.leaneco.ru/";"+7 496 219-0344";"info@leaneco.ru";"Оборудование для розлива Технологические линии по розливу Упаковочное оборудование для сыпучих продуктов Системы контроля Гибкая упаковка Автоматизированные системы для маркировки и прослеживаемости товаров"
"https://icatalog.expocentr.ru/ru/exhibitions/a94ff0c2-5685-11f0-80d0-a0d3c1fab97f/exhibitors/384269?&stand=13F030";"М-ТЕХНОЛОГИИ, ООО";"http://www.mtech.su/";"+7 (499) 350-3319";"mail.mtechn@gmail.com";"Пищевая экструзия Оборудование, материалы, инвентарь для производства кондитерских изделий и шоколада Оборудование для производства хлебобулочных изделий"
"https://icatalog.expocentr.ru/ru/exhibitions/a94ff0c2-5685-11f0-80d0-a0d3c1fab97f/exhibitors/383739?&stand=13B020";"МАКИЗ-УРАЛ";"http://www.makiz.ru/";"+7 (35135) 30-022";"c@makiz.ru";"Горизонтальные упаковочные машины Комплексные решения для предприятий пищевой промышленности Оборудование, материалы, инвентарь для производства кондитерских изделий и шоколада Оборудование для производства хлебобулочных изделий Оборудование для переработки мяса Металлодетекторы для контроля качества"
"https://icatalog.expocentr.ru/ru/exhibitions/a94ff0c2-5685-11f0-80d0-a0d3c1fab97f/exhibitors/383708?&stand=13B230";"МАНРО МЕХАНИКА";"http://www.gkmanro.ru/";"+7 8482392688";"eu.sales@gkmanro.com";"Запчасти, комплектующие, расходные материалы для оборудования Комплексные решения для предприятий пищевой промышленности Пищевая экструзия Комплектующие для пищевых экструдеров Оборудование для пищевой экструзии Взвешивание сыпучих материалов в потоке, системы взвешивания емкостей"
"https://icatalog.expocentr.ru/ru/exhibitions/a94ff0c2-5685-11f0-80d0-a0d3c1fab97f/exhibitors/383924?&stand=13B050";"МЕГАБЕЛТ, ООО";"http://www.megabelt.ru/";"8 800 201-4431";"info@megabelt.ru";"Окончательная упаковка, перемещение материалов Транспортное, подъемное, погрузочное оборудование Запчасти, комплектующие, расходные материалы для оборудования Автоматизация пищевых производств и технологических процессов Глазировочное оборудование Взвешивание сыпучих материалов в потоке, системы взвешивания емкостей"
"https://icatalog.expocentr.ru/ru/exhibitions/a94ff0c2-5685-11f0-80d0-a0d3c1fab97f/exhibitors/383881?&stand=13C230";"МЕТАГРУПП, ООО";"http://lp.metagrup.ru/";"8 800 250-2554";"info@metagrup.ru";"Оборудование для розлива Технологические линии по розливу Экструзионное и выдувное оборудование Автоматизированные системы для маркировки и прослеживаемости товаров Этикетировочные машины, этикетировщики, аппликаторы этикеток Оборудование для производства и розлива спиртных напитков, пива и безалкогольных напитков"
"https://icatalog.expocentr.ru/ru/exhibitions/a94ff0c2-5685-11f0-80d0-a0d3c1fab97f/exhibitors/383949?&stand=13D196";"МИЛКАГРОСЕРВИС, ООО";"http://www.xn--80aecimejhhzvcle.xn--p1ai/";"+7 (920) 944-0872";"milk-as@mail.ru";"Переработка сельхозпродукции. Мини-цеха. Мини-заводы. Мини-пекарни. Мельницы, элеваторы Оборудование для производства фруктовых и овощных соков Оборудование для переработки сырья и производства продуктов питания для малых форм хозяйствования (фермеров) Оборудование для приема и первичной обработки молока Оборудование для производства кисломолочных культур и продуктов на их основе Оборудование для производства сыров"
"https://icatalog.expocentr.ru/ru/exhibitions/a94ff0c2-5685-11f0-80d0-a0d3c1fab97f/exhibitors/383899?&stand=13D040";"МОК-ИНЖИНИРИНГ, ООО";"http://www.mok-t.ru/";"+7 (905) 789-3224";"chistobaeva@mok-t.ru";"Комплексные решения для предприятий пищевой промышленности Автоматизация пищевых производств и технологических процессов Промышленные роботы Оборудование, материалы, инвентарь для производства кондитерских изделий и шоколада"
"https://icatalog.expocentr.ru/ru/exhibitions/a94ff0c2-5685-11f0-80d0-a0d3c1fab97f/exhibitors/383796?&stand=13E225";"МОЛМАШСТРОЙ";"http://www.mmstroy.ru/";"+7 343 234-3756";"sales@mmstroy.ru";"CIP-станции, дезинфицирующее оборудование и химические средства для мойки Комплексные решения для предприятий пищевой промышленности Автоматизация пищевых производств и технологических процессов Проектирование, строительство и реконструкция Оборудование для производства мороженого Оборудование для переработки молока и производства молочных продуктов"
"https://icatalog.expocentr.ru/ru/exhibitions/a94ff0c2-5685-11f0-80d0-a0d3c1fab97f/exhibitors/384135?&stand=13C255";"МОЛПРОМСНАБ, ООО";"http://www.molpromsnab.ru/";"+7 8332 534455";"molpromsnabkirov@yandex.ru";"Оборудование, материалы, инвентарь для производства кондитерских изделий и шоколада Оборудование для винодельческой промышленности Оборудование для пивобезалкогольной промышленности Оборудование для спиртовой и ликеро-водочной промышленности Оборудование для переработки молока и производства молочных продуктов Оборудование для производства кисломолочных культур и продуктов на их основе"
"https://icatalog.expocentr.ru/ru/exhibitions/a94ff0c2-5685-11f0-80d0-a0d3c1fab97f/exhibitors/384038?&stand=13C105";"МОССА ИНЖИНИРИНГ, ООО";"https://mossaengineering.com/";"+7 (812) 380-7000";"me@mossaengineering.com";"Комплексные решения для предприятий пищевой промышленности Автоматизация пищевых производств и технологических процессов Системы автоматизации управления производственными процессами Технологическое проектирование и консалтинг Технологический аудит и услуги по модернизации предприятий Проектирование, строительство и реконструкция"
"https://icatalog.expocentr.ru/ru/exhibitions/a94ff0c2-5685-11f0-80d0-a0d3c1fab97f/exhibitors/383911?&stand=13E254";"НИОБ ФЛУИД, ООО";"http://www.niobfluid.ru/";"+7 (930) 337-2496";"niobfluid@inbox.ru";"Оборудование для розлива молока Оборудование для производства и розлива спиртных напитков, пива и безалкогольных напитков Оборудование для переработки молока и производства молочных продуктов"
"https://icatalog.expocentr.ru/ru/exhibitions/a94ff0c2-5685-11f0-80d0-a0d3c1fab97f/exhibitors/383965?&stand=13D172";"ОБНИНСКИЕ ФИЛЬТРЫ, ООО";"http://www.express-eco.ru/";"+7 48439 60708";"filter@express-eco.ru";"Оборудование для водоснабжения, водоочистное оборудование, запорная арматура, оборудование для трубопроводов Оборудование для производства и розлива спиртных напитков, пива и безалкогольных напитков Оборудование для винодельческой промышленности Оборудование для пивобезалкогольной промышленности Оборудование для спиртовой и ликеро-водочной промышленности Оборудование для сахарной промышленности"
"https://icatalog.expocentr.ru/ru/exhibitions/a94ff0c2-5685-11f0-80d0-a0d3c1fab97f/exhibitors/383902?&stand=13B001";"ОЛМАГ";"http://www.pk-om.ru/";"+7 (495) 971-5304";"info@pk-om.ru";"Металлодетекторы для контроля качества Оборудование для проверки продукции и выявления инородных включений Оборудование для очистки сырья и готового продукта от металла"
"https://icatalog.expocentr.ru/ru/exhibitions/a94ff0c2-5685-11f0-80d0-a0d3c1fab97f/exhibitors/383777?&stand=13C100";"ПАЛЕРОМ, ООО";"http://www.palerom.ru/";"?+7 (8442) 20-02-03";"info@palerom.ru";"Комплексные решения для предприятий пищевой промышленности Автоматизация пищевых производств и технологических процессов Кондитерские изделия Хлеб и хлебопекарные изделия Оборудование для дозирования ингредиентов Взвешивание сыпучих материалов в потоке, системы взвешивания емкостей"
"https://icatalog.expocentr.ru/ru/exhibitions/a94ff0c2-5685-11f0-80d0-a0d3c1fab97f/exhibitors/383823?&stand=13D190";"ПИЩМАШСЕРВИС, ИТЦ, ООО";"http://pmserv.com/";"+7 (495) 775-1800";"info@pmserv.com";"Оборудование для производства детского питания Оборудование для переработки фруктов и овощей Оборудование для производства мороженого Оборудование для производства хлебобулочных изделий Оборудование для масложирового производства Оборудование для переработки молока и производства молочных продуктов Российский экспортер"
"https://icatalog.expocentr.ru/ru/exhibitions/a94ff0c2-5685-11f0-80d0-a0d3c1fab97f/exhibitors/383787?&stand=13A210";"ПОЛИКОН, АО";"http://www.policon-rt.ru/";"+7 (3812) 36-74-02";"info@policon-rt.ru";"Дозирующие машины Комплексные решения для предприятий пищевой промышленности Автоматизация пищевых производств и технологических процессов Оборудование для переработки сырья Оборудование для пищевой экструзии Оборудование для производства мороженого"
"https://icatalog.expocentr.ru/ru/exhibitions/a94ff0c2-5685-11f0-80d0-a0d3c1fab97f/exhibitors/383733?&stand=13C055";"ПОЛО РАША";"http://www.xn----8sba5bobem7e.xn--p1ai/";"+7 (495) 419-0774";"polo_russia@polo-pac.com";"Комплексные упаковочные линии Вертикальные упаковочные машины Горизонтальные упаковочные машины Оборудование и автоматизированные линии для производства кондитерских изделий"
"https://icatalog.expocentr.ru/ru/exhibitions/a94ff0c2-5685-11f0-80d0-a0d3c1fab97f/exhibitors/384000?&stand=13D234";"ППО ПИЩЕМАШ, ООО";"http://www.ppopm.ru/";"+7 (495) 543-3891";"info@pishemash.ru";"Оборудование для розлива Технологические линии по розливу Оборудование для групповой упаковки Групповая упаковка Оборудование для розлива молока Оборудование для производства и розлива спиртных напитков, пива и безалкогольных напитков"
"https://icatalog.expocentr.ru/ru/exhibitions/a94ff0c2-5685-11f0-80d0-a0d3c1fab97f/exhibitors/383685?&stand=13B245";"ПРОДМАШ ТЕХСЕРВИС, ООО";"http://www.prodmashts.com/";"+7 (978) 729-7229";"zavod-prodmash@mail.ru";"Рыбопереработка. Оборудование для первичной обработки, переработки рыбы и морепродуктов, судовое и береговое оборудование, сопутствующее оборудование Оборудование для розлива Оборудование для дозирования жидких продуктов Этикетировочные машины, этикетировщики, аппликаторы этикеток Пусконаладочные работы Оборудование для производства консервов (мясных, рыбных, фруктовых/овощных) Российский экспортер Оборудование для мясной и птицеперерабатывающей промышленности Оборудование для производства сока Оборудование для рыбоперерабатывающей промышленности Оборудование для консервной промышленности Оборудование для молочной промышленности"
"https://icatalog.expocentr.ru/ru/exhibitions/a94ff0c2-5685-11f0-80d0-a0d3c1fab97f/exhibitors/383913?&stand=13E110";"ПРОДХОЛДИНГ ТОРГОВЫЙ ДОМ";"http://www.prodholding.ru/";"+7 351 220-3121";"prodholding@yandex.ru";"Протеины Ингредиенты по направлениям Хорека Молочные продукты, сыры"
"https://icatalog.expocentr.ru/ru/exhibitions/a94ff0c2-5685-11f0-80d0-a0d3c1fab97f/exhibitors/384737?&stand=13B060";"ПРОЕКТ, ООО";"https://proekt-krs.ru/";"8 800 300-6046";"olga@proekt-krs.ru";"Оборудование для переработки фруктов и овощей Оборудование, материалы, инвентарь для производства кондитерских изделий и шоколада Оборудование для выпечки вафель Оборудование для мини-пекарен, кондитерских мини-цехов Оборудование и автоматизированные линии для производства кондитерских изделий Оборудование для переработки картофеля"
"https://icatalog.expocentr.ru/ru/exhibitions/a94ff0c2-5685-11f0-80d0-a0d3c1fab97f/exhibitors/383794?&stand=13E115";"ПРОМЛАЙН, ООО";"http://www.konveer-nn.ru/";"+7 831 423-0281";"info@konveer-nn.ru";"Технологические линии по розливу Комплексные упаковочные линии Оборудование для маркировки Транспортное, подъемное, погрузочное оборудование Запчасти, комплектующие, расходные материалы для оборудования Автоматизация пищевых производств и технологических процессов Российский экспортер Оборудование для производства продуктов питания и напитков Запчасти, комплектующие для оборудования"
"https://icatalog.expocentr.ru/ru/exhibitions/a94ff0c2-5685-11f0-80d0-a0d3c1fab97f/exhibitors/383740?&stand=13F230";"ПРОМПОТОК";"http://www.prompotok.com/";"+7 (917) 399-5888";"mail@prompotok.com";"Дозирующие машины Упаковочное оборудование Емкостное оборудование Насосы и насосное оборудование Комплексные решения для предприятий пищевой промышленности Упаковочное оборудование и материалы"
"https://icatalog.expocentr.ru/ru/exhibitions/a94ff0c2-5685-11f0-80d0-a0d3c1fab97f/exhibitors/383659?&stand=13B210";"ПРОМТЕХКОМПЛЕКТ, ООО";"http://www.ptk-smol.ru/";"+7 (980) 577-3001";"ptk.smolensk@inbox.ru";"Комплексные решения для предприятий пищевой промышленности Оборудование для производства мороженого Оборудование для производства фруктовых и овощных соков Оборудование для переработки молока и производства молочных продуктов Оборудование для приема и первичной обработки молока Оборудование для производства кисломолочных культур и продуктов на их основе"
"https://icatalog.expocentr.ru/ru/exhibitions/a94ff0c2-5685-11f0-80d0-a0d3c1fab97f/exhibitors/384213?&stand=13C210";"ПРОЦЕССНЫЙ ИНЖИНИРИНГ";"http://www.p-e.su/";"+7 (495) 211-1221";"info@p-e.su";"Оборудование для производства детского питания Оборудование для пивобезалкогольной промышленности Оборудование для переработки молока и производства молочных продуктов Оборудование для приема и первичной обработки молока Оборудование для производства кисломолочных культур и продуктов на их основе Оборудование для производства сыров"
"https://icatalog.expocentr.ru/ru/exhibitions/a94ff0c2-5685-11f0-80d0-a0d3c1fab97f/exhibitors/384074?&stand=13D020";"ПТМ, ООО";"http://www.goldshar.net/";"+7 (495) 780-0411";"info@goldshar.net";"Дозирующие машины Упаковочное оборудование Комплексные упаковочные линии Вертикальные упаковочные машины Горизонтальные упаковочные машины Упаковка и упаковочные материалы"
"https://icatalog.expocentr.ru/ru/exhibitions/a94ff0c2-5685-11f0-80d0-a0d3c1fab97f/exhibitors/383767?&stand=13D182";"ПФ ПАНТЕРА, ООО";"http://www.pf-pantera.ru/";"+7 (495) 137-0742";"info@pf-pantera.ru";"Пусконаладочные работы Ремонт оборудования Контрактное производство, производство изделий на заказ Оборудование для переработки молока и производства молочных продуктов"
"https://icatalog.expocentr.ru/ru/exhibitions/a94ff0c2-5685-11f0-80d0-a0d3c1fab97f/exhibitors/385122?&stand=13E055";"ПЭНЭКО";"https://www.agroprodmash-expo.ru/";"";"";""
"https://icatalog.expocentr.ru/ru/exhibitions/a94ff0c2-5685-11f0-80d0-a0d3c1fab97f/exhibitors/385124?&stand=13C090";"РОДАЛС";"https://www.agroprodmash-expo.ru/";"";"";""
"https://icatalog.expocentr.ru/ru/exhibitions/a94ff0c2-5685-11f0-80d0-a0d3c1fab97f/exhibitors/384256?&stand=13D192";"РОСТОВСКИЙ ЗАВОД ИНДУКЦИОННЫХ ПАРОГЕНЕРАТОРОВ, ООО";"http://www.rostzip.com/";"+7 (966) 206-7906";"info@rostzip.com";"Оборудование для переработки фруктов и овощей Оборудование, материалы, инвентарь для производства кондитерских изделий и шоколада Оборудование для производства консервов (мясных, рыбных, фруктовых/овощных) Оборудование для производства продуктов быстрого приготовления Оборудование для производства и розлива спиртных напитков, пива и безалкогольных напитков Оборудование для переработки молока и производства молочных продуктов Российский экспортер Оборудование для производства продуктов питания и напитков Оборудование для мясной и птицеперерабатывающей промышленности Оборудование для пивобезалкогольной промышленности Оборудование для плодоовощной промышленности Оборудование для производства продуктов детского питания и диетических продуктов Оборудование для производства сока Оборудование для рыбоперерабатывающей промышленности Оборудование для сахарной промышленности Оборудование для спиртовой и ликеро-водочной промышленности Оборудование для хлебопекарной промышленности Оборудование для комбикормовой промышленности Оборудование для кондитерской промышленности Оборудование для консервной промышленности Оборудование для масложировой промышленности Оборудование для молочной промышленности"
"https://icatalog.expocentr.ru/ru/exhibitions/a94ff0c2-5685-11f0-80d0-a0d3c1fab97f/exhibitors/383776?&stand=13F220";"РУСБАНА, ООО";"http://www.rusbana.ru/";"+7 (495) 212-0576";"rusbana@yandex.ru";"Комплексные упаковочные линии Термоформование, наполнение и запечатывание Оборудование для нарезки сыров Оборудование для переработки фруктов и овощей Оборудование для производства продуктов глубокой заморозки Оборудование для переработки картофеля"
"https://icatalog.expocentr.ru/ru/exhibitions/a94ff0c2-5685-11f0-80d0-a0d3c1fab97f/exhibitors/384119?&stand=13D045";"РУСИМЭКС, ООО";"http://www.rusimex.ru/";"8 800 600-7864";"info@rusimex.ru";"Горизонтальные упаковочные машины Оборудование для маркировки Оборудование для переработки зерна Оборудование для мини-пекарен, кондитерских мини-цехов Оборудование и автоматизированные линии для производства кондитерских изделий Оборудование для изготовления муки"
"https://icatalog.expocentr.ru/ru/exhibitions/a94ff0c2-5685-11f0-80d0-a0d3c1fab97f/exhibitors/383795?&stand=13D110";"РУСКОНБЕЛЬТ, ООО";"http://www.rusconbelt.ru/";"+7 (495) 234-2357";"info@rusconbelt.ru";"Технологические линии по розливу Вертикальные упаковочные машины Стеллажные системы Запчасти, комплектующие, расходные материалы для оборудования Оборудование для изготовления теста, смесители, тесторазделочное оборудование Оборудование для переработки мяса"
"https://icatalog.expocentr.ru/ru/exhibitions/a94ff0c2-5685-11f0-80d0-a0d3c1fab97f/exhibitors/384143?&stand=13E001";"РУСКОНД, ООО";"http://ruskond.ru/";"+7 (495) 786-6847";"info@ruskond.ru";"Упаковочное оборудование для штучных продуктов Вертикальные упаковочные машины Горизонтальные упаковочные машины Оборудование, материалы, инвентарь для производства кондитерских изделий и шоколада Формовочно-отливочное оборудование для предприятий кондитерской промышленности Оборудование и автоматизированные линии для производства кондитерских изделий"
"https://icatalog.expocentr.ru/ru/exhibitions/a94ff0c2-5685-11f0-80d0-a0d3c1fab97f/exhibitors/383790?&stand=13D095";"РУССКАЯ ТРАПЕЗА, МАШИНОСТРОИТЕЛЬНЫЙ ЗАВОД";"http://www.r-t.ru/";"+7 (812) 303-9220";"info@r-t.ru";"Вертикальные упаковочные машины Горизонтальные упаковочные машины Автоматизация пищевых производств и технологических процессов Системы автоматизации управления производственными процессами"
"https://icatalog.expocentr.ru/ru/exhibitions/a94ff0c2-5685-11f0-80d0-a0d3c1fab97f/exhibitors/384132?&stand=13C200";"РЧБ";"http://www.rcbridge.com/";"+7 (495) 380-0370";"meatpack@rcbridge.com";"Оборудование для переработки сырья Глазировочное оборудование Оборудование для производства консервов (мясных, рыбных, фруктовых/овощных) Оборудование для производства продуктов быстрого приготовления Оборудование для переработки мяса Оборудование для приема и первичной обработки молока"
"https://icatalog.expocentr.ru/ru/exhibitions/a94ff0c2-5685-11f0-80d0-a0d3c1fab97f/exhibitors/384007?&stand=13B005";"РЯЗАНСКИЙ КОНВЕЙЕРНЫЙ ЗАВОД, ООО";"https://konveyor.ru/";"+7 4912 575890";"sales@konveyor.ru";"Оборудование для переработки фруктов и овощей Оборудование для производства быстрозамороженных продуктов Оборудование, материалы, инвентарь для производства кондитерских изделий и шоколада Оборудование для производства кофе, чая и табака Оборудование для сахарной промышленности Оборудование для переработки картофеля"
"https://icatalog.expocentr.ru/ru/exhibitions/a94ff0c2-5685-11f0-80d0-a0d3c1fab97f/exhibitors/383947?&stand=13D135";"САКМИ МОСКВА, ООО";"https://sacmi.com/";"+7 (499) 753-4810";"SacmiMoscow@sacmigroup.com";"Упаковка и упаковочные материалы Групповая упаковка Упаковывание в картонные коробки, короба Флоупак Оборудование, материалы, инвентарь для производства кондитерских изделий и шоколада Формовочно-отливочное оборудование для предприятий кондитерской промышленности"
"https://icatalog.expocentr.ru/ru/exhibitions/a94ff0c2-5685-11f0-80d0-a0d3c1fab97f/exhibitors/384104?&stand=13C155";"САНДРИНК, ООО";"https://www.agroprodmash-expo.ru/";"";"";"Оборудование для розлива Технологические линии по розливу Оборудование для групповой упаковки Упаковывание в картонные коробки, короба Этикетировочные машины, этикетировщики, аппликаторы этикеток Промышленные роботы"
"https://icatalog.expocentr.ru/ru/exhibitions/a94ff0c2-5685-11f0-80d0-a0d3c1fab97f/exhibitors/383845?&stand=13D012";"СВ КРАФТ ПФ, ООО";"http://www.svcraft.ru/";"+7 (499) 707-1751";"";"Технологическое проектирование и консалтинг Оборудование для переработки сырья Глазировочное оборудование Оборудование для мини-пекарен, кондитерских мини-цехов Формовочно-отливочное оборудование для предприятий кондитерской промышленности Оборудование и автоматизированные линии для производства кондитерских изделий"
"https://icatalog.expocentr.ru/ru/exhibitions/a94ff0c2-5685-11f0-80d0-a0d3c1fab97f/exhibitors/383936?&stand=13F240";"СЕЛВИТ, ООО";"http://www.celvit.com/";"+7 (495) 981-5108";"celvit@celvit.ru";"Оборудование для зерноочистки, сортировки зерна Переработка сельхозпродукции. Мини-цеха. Мини-заводы. Мини-пекарни. Мельницы, элеваторы Оборудование для пищевой экструзии Оборудование для масложирового производства Оборудование для переработки масличных культур и производства растительного масла Теплообменники, градирни, испарители, конденсаторы"
"https://icatalog.expocentr.ru/ru/exhibitions/a94ff0c2-5685-11f0-80d0-a0d3c1fab97f/exhibitors/383935?&stand=13D198";"СЕЛЬМАШ МОЛОЧНЫЕ МАШИНЫ, ООО";"http://selmash-mm.ru/";"+7 8332 741174";"selmashgroup@mail.ru";"Емкостное оборудование CIP-станции, дезинфицирующее оборудование и химические средства для мойки Оборудование для переработки молока и производства молочных продуктов Оборудование для приема и первичной обработки молока Оборудование для производства кисломолочных культур и продуктов на их основе Оборудование для производства сыров"
"https://icatalog.expocentr.ru/ru/exhibitions/a94ff0c2-5685-11f0-80d0-a0d3c1fab97f/exhibitors/384161?&stand=13C247";"СЕПАРАТОР, ЗАО";"http://www.zao-separator.ru/";"+7 (495) 796-4463";"mmzs@inbox.ru";"Оборудование для винодельческой промышленности Оборудование для пивобезалкогольной промышленности Оборудование для масложирового производства Оборудование для переработки молока и производства молочных продуктов Оборудование для приема и первичной обработки молока Оборудование для производства сыров"
"https://icatalog.expocentr.ru/ru/exhibitions/a94ff0c2-5685-11f0-80d0-a0d3c1fab97f/exhibitors/383753?&stand=13B055";"СИЛИКО, ПК, ООО";"http://www.silico.ru/";"+7 (499) 110-7807";"sales@silico.ru";"Пресс-формы Силиконовые изделия для предприятий Производственный инвентарь Хлебопекарное оборудование"
"https://icatalog.expocentr.ru/ru/exhibitions/a94ff0c2-5685-11f0-80d0-a0d3c1fab97f/exhibitors/383889?&stand=13E060";"СЛ-ГРУПП";"http://www.tecnopool.pro/";"+7 (495) 481-7778";"agro-mo@mail.ru";"Автоматизация пищевых производств и технологических процессов Системы автоматизации управления производственными процессами Оборудование для производства продуктов глубокой заморозки Оборудование для изготовления теста, смесители, тесторазделочное оборудование Хлебопекарное оборудование Автоматизированные линии полного цикла для производства хлебобулочных изделий"
"https://icatalog.expocentr.ru/ru/exhibitions/a94ff0c2-5685-11f0-80d0-a0d3c1fab97f/exhibitors/383701?&stand=13E165";"СЛАВУТИЧ, ООО";"http://www.slavut.ru/";"+7 835 263-8354";"op@slavut.ru";"Оборудование для производства детского питания Оборудование для производства и розлива спиртных напитков, пива и безалкогольных напитков Оборудование для переработки молока и производства молочных продуктов"
"https://icatalog.expocentr.ru/ru/exhibitions/a94ff0c2-5685-11f0-80d0-a0d3c1fab97f/exhibitors/384164?&stand=13E005";"СМАРТ БЕЙКЕРИ, ООО";"http://www.smart-bakery.ru/";"+7 (985) 452-2838";"info@smart-bakery.ru";"Формы для выпечки Оборудование для производства продуктов глубокой заморозки Оборудование для изготовления теста, смесители, тесторазделочное оборудование Хлебопекарное оборудование Автоматизированные линии полного цикла для производства хлебобулочных изделий Оборудование для дозирования ингредиентов"
"https://icatalog.expocentr.ru/ru/exhibitions/a94ff0c2-5685-11f0-80d0-a0d3c1fab97f/exhibitors/383677?&stand=13E170";"СТИМАРТ, ООО";"https://steamart.ru/";"+7 (987) 210-1771";"sales-team@steamart.info";"Запчасти, комплектующие, расходные материалы для оборудования Оборудование для водоснабжения, водоочистное оборудование, запорная арматура, оборудование для трубопроводов Комплексные решения для предприятий пищевой промышленности Технологическое проектирование и консалтинг Технологический аудит и услуги по модернизации предприятий"
"https://icatalog.expocentr.ru/ru/exhibitions/a94ff0c2-5685-11f0-80d0-a0d3c1fab97f/exhibitors/384714?&stand=13E108";"СЭЙФ КЭП, ООО";"http://www.safecap.ru/";"+7 (958) 557-3404";"gavrilov@safecap.ru";"Оборудование для розлива Технологические линии по розливу Оборудование для преформ Упаковочное оборудование для жидких и пастообразных продуктов Вспомогательные упаковочные изделия (крышки, колпачки, пробки, обвязочные ленты) ПЭТ-преформы Российский экспортер Упаковка и упаковочные материалы"
"https://icatalog.expocentr.ru/ru/exhibitions/a94ff0c2-5685-11f0-80d0-a0d3c1fab97f/exhibitors/383743?&stand=13E025";"СЭМЗ МАШИНОСТРОИТЕЛЬНЫЙ ЗАВОД, ООО";"http://www.semz.ru/";"+7 (343) 373-71-71";"semz-ek@mail.ru";"Системы автоматизации управления производственными процессами Оборудование для дрожжевой промышленности Оборудование для изготовления теста, смесители, тесторазделочное оборудование Хлеборезки"
"https://icatalog.expocentr.ru/ru/exhibitions/a94ff0c2-5685-11f0-80d0-a0d3c1fab97f/exhibitors/384964?&stand=13E030";"ТАЙФУН-ИННОВАЦИЯ, ООО";"http://typhoon-in.com/";"+7 (963) 385-7311";"typhoonin@gmail.com";"Оборудование для переработки сырья"
"https://icatalog.expocentr.ru/ru/exhibitions/a94ff0c2-5685-11f0-80d0-a0d3c1fab97f/exhibitors/384159?&stand=13D210";"ТДНТ ИНЖИНИРИНГ";"http://www.tdnewtech.ru/";"8 800 200-3921";"info@tdnewtech.ru";"Оборудование для розлива Технологические линии по розливу Фасовочные машины Емкостное оборудование Комплексные упаковочные линии Запчасти, комплектующие, расходные материалы для оборудования Комплексные решения для предприятий пищевой промышленности Системы автоматизации управления производственными процессами Монтаж, сервисное обслуживание, восстановление и ремонт оборудования Проектирование, строительство и реконструкция Оборудование для переработки молока и производства молочных продуктов"
"https://icatalog.expocentr.ru/ru/exhibitions/a94ff0c2-5685-11f0-80d0-a0d3c1fab97f/exhibitors/384251?&stand=13E218";"ТЕВЕС РУ, ООО";"http://tewesbis.ru/";"+7 (916) 496-5191";"tewesbis@yandex.ru";"Оборудование для производства детского питания Оборудование для производства мороженого Оборудование для переработки молока и производства молочных продуктов Оборудование для приема и первичной обработки молока Оборудование для производства кисломолочных культур и продуктов на их основе Оборудование для производства сыров"
"https://icatalog.expocentr.ru/ru/exhibitions/a94ff0c2-5685-11f0-80d0-a0d3c1fab97f/exhibitors/384069?&stand=13B235";"ТЕРМОТРОНИК, ООО";"https://termotronic.ru/";"+7 (812) 326-1050";"tt@termotronic.ru";"Контрольно-измерительное оборудование Оборудование для производства и розлива спиртных напитков, пива и безалкогольных напитков Оборудование для переработки молока и производства молочных продуктов"
"https://icatalog.expocentr.ru/ru/exhibitions/a94ff0c2-5685-11f0-80d0-a0d3c1fab97f/exhibitors/383724?&stand=13F130";"ТЕХ-ЛОНГ РУС";"http://www.tech-long.ru/";"+7 (926) 455-0787";"info@tech-long.ru";"Оборудование для розлива Технологические линии по розливу Экструзионное и выдувное оборудование Оборудование для преформ Этикетировочные машины, этикетировщики, аппликаторы этикеток"
"https://icatalog.expocentr.ru/ru/exhibitions/a94ff0c2-5685-11f0-80d0-a0d3c1fab97f/exhibitors/383807?&stand=13D100";"ТЕХЛЕН, ООО";"http://www.tehlen.ru/";"+7 (812) 244-0530";"info@tehlen.ru";"Оборудование для мини-пекарен, кондитерских мини-цехов Формы для выпечки Оборудование для производства хлебобулочных изделий Хлебопекарное оборудование"
"https://icatalog.expocentr.ru/ru/exhibitions/a94ff0c2-5685-11f0-80d0-a0d3c1fab97f/exhibitors/384589?&stand=13B205";"ТЕХНОИНДУСТРИЯ, ООО";"https://tehnoindustria.ru/";"+7 (495) 128-0004";"exp@ti23.ru";"Оборудование для розлива Технологические линии по розливу Экструзионное и выдувное оборудование Оборудование для преформ Оборудование для пивобезалкогольной промышленности Оборудование для производства фруктовых и овощных соков Российский экспортер Оборудование для пивобезалкогольной промышленности"
"https://icatalog.expocentr.ru/ru/exhibitions/a94ff0c2-5685-11f0-80d0-a0d3c1fab97f/exhibitors/384593?&stand=13E218";"ТЕХНОЛОГИИ ПРОСЕИВАНИЯ И СЕПАРАЦИИ, ООО (SCREENTECH TM)";"http://www.vibro-separator.ru/";"+7 (495) 988-8638";"";"Оборудование для пищевой экструзии Смесеприготовительное оборудование Оборудование для изготовления муки Оборудование для переработки какао-бобов и производства какао-продуктов Оборудование для переработки масличных культур и производства растительного масла Оборудование для производства кисломолочных культур и продуктов на их основе Оборудование для производства сыров Оборудование для дозирования и производства ингредиентов Металлодетекторы для контроля качества Оборудование для проверки продукции и выявления инородных включений Оборудование для очистки сырья и готового продукта от металла"
"https://icatalog.expocentr.ru/ru/exhibitions/a94ff0c2-5685-11f0-80d0-a0d3c1fab97f/exhibitors/383915?&stand=13E195";"ТЕХНОЛОГИЯ, ООО";"http://www.homo-pump.ru/";"8 800 600-4769";"aleks-podrezov@yandex.ru";"Оборудование для производства детского питания Оборудование для производства консервов (мясных, рыбных, фруктовых/овощных) Оборудование для производства мороженого Оборудование для производства и розлива спиртных напитков, пива и безалкогольных напитков Оборудование для масложирового производства Оборудование для переработки молока и производства молочных продуктов"
"https://icatalog.expocentr.ru/ru/exhibitions/a94ff0c2-5685-11f0-80d0-a0d3c1fab97f/exhibitors/384965?&stand=13F165";"ТЕХНОСВАР КС";"https://tehnosvar.ru/";"+7 8112 72-52-13";"info@tehnosvar.ru";"Контрактное производство, производство изделий на заказ"
"https://icatalog.expocentr.ru/ru/exhibitions/a94ff0c2-5685-11f0-80d0-a0d3c1fab97f/exhibitors/384080?&stand=13F050";"ТЕХНОХЛЕБ";"http://www.tehnohleb.ru/";"+7 (499) 393-3275";"info@tehnohleb.ru";"Горизонтальные упаковочные машины Оборудование для производства хлебобулочных изделий Оборудование для изготовления теста, смесители, тесторазделочное оборудование Хлебопекарное оборудование Хлеборезки Автоматизированные линии полного цикла для производства хлебобулочных изделий"
"https://icatalog.expocentr.ru/ru/exhibitions/a94ff0c2-5685-11f0-80d0-a0d3c1fab97f/exhibitors/384193?&stand=13D010";"ТОРГОВЫЙ ДИЗАЙН, АО";"http://www.t-d.ru/";"";"";"Формовочное оборудование Оборудование, материалы, инвентарь для производства кондитерских изделий и шоколада Формовочно-отливочное оборудование для предприятий кондитерской промышленности Оборудование и автоматизированные линии для производства кондитерских изделий Оборудование для производства хлебобулочных изделий Оборудование для изготовления теста, смесители, тесторазделочное оборудование"
"https://icatalog.expocentr.ru/ru/exhibitions/a94ff0c2-5685-11f0-80d0-a0d3c1fab97f/exhibitors/383879?&stand=13D170";"ТОФФЛОН РУС";"http://www.tofflon-food.com/";"+7 (499) 750-2479";"info.rus@tofflon.com";"Технологические линии по розливу Оборудование для производства сублимированных продуктов Оборудование для производства и розлива спиртных напитков, пива и безалкогольных напитков Оборудование для производства фруктовых и овощных соков Оборудование для переработки молока и производства молочных продуктов Оборудование для приема и первичной обработки молока"
"https://icatalog.expocentr.ru/ru/exhibitions/a94ff0c2-5685-11f0-80d0-a0d3c1fab97f/exhibitors/384088?&stand=13D035";"Ф-ИМПОРТ";"http://www.f-imp.com/";"+7 (499) 444-0690";"msk@f-imp.com";"Глазировочное оборудование Оборудование для мини-пекарен, кондитерских мини-цехов Оборудование и автоматизированные линии для производства кондитерских изделий Охладительные туннели Оборудование для производства хлебобулочных изделий Оборудование для переработки какао-бобов и производства какао-продуктов"
"https://icatalog.expocentr.ru/ru/exhibitions/a94ff0c2-5685-11f0-80d0-a0d3c1fab97f/exhibitors/383848?&stand=13D140";"ФАККИНЕТТИ РУС, ООО";"http://www.facchinettirus.ru/";"+7 (960) 191-5382";"office@facchinettirus.ru";"Фасовочные машины Автоматизация пищевых производств и технологических процессов Оборудование для нарезки сыров Оборудование для переработки молока и производства молочных продуктов Ферменты Заквасочные культуры"
"https://icatalog.expocentr.ru/ru/exhibitions/a94ff0c2-5685-11f0-80d0-a0d3c1fab97f/exhibitors/383953?&stand=13D060";"ФНБ ИНЖИНИРИНГ, ООО";"http://www.fnbe.ru/";"+7 (495) 215-2656";"info@fnbe.ru";"Автоматизация пищевых производств и технологических процессов Системы автоматизации управления производственными процессами IT-технологии, серверное и сетевое оборудование, программное обеспечение Монтаж оборудования Пусконаладочные работы Хлебопекарное оборудование"
"https://icatalog.expocentr.ru/ru/exhibitions/a94ff0c2-5685-11f0-80d0-a0d3c1fab97f/exhibitors/384586?&stand=13B205";"ФОРКОМ, ООО";"https://forkom23.ru/";"+7 861 201-8827";"manager3@forkom23.ru";"Оборудование для производства консервов (мясных, рыбных, фруктовых/овощных) Оборудование для винодельческой промышленности Оборудование для производства фруктовых и овощных соков Оборудование для переработки молока и производства молочных продуктов Оборудование для производства сыров"
"https://icatalog.expocentr.ru/ru/exhibitions/a94ff0c2-5685-11f0-80d0-a0d3c1fab97f/exhibitors/383871?&stand=13D050";"ФУДАТЛАС";"http://www.xn--80aagchp2cdn.xn--p1ai/";"+7 (499) 703-1431";"agrozavod@agrozavod.ru";"Системы последовательного дозирования компонентов вторых готовых блюд: риса, овощей, другого Комплексные упаковочные линии Котлы пищеварочные Оборудование для мини-пекарен, кондитерских мини-цехов Оборудование для производства пельменей, вареников, равиоли"
"https://icatalog.expocentr.ru/ru/exhibitions/a94ff0c2-5685-11f0-80d0-a0d3c1fab97f/exhibitors/383992?&stand=13E180";"ХАУС РУС НАО";"http://www.hauscentrifuge.ru/";"+7 (495) 575-3424";"moscow@hauscentrifuge.ru";"Оборудование для переработки птицы, дичи Рыбопереработка. Оборудование для первичной обработки, переработки рыбы и морепродуктов, судовое и береговое оборудование, сопутствующее оборудование Оборудование для пивобезалкогольной промышленности Оборудование для производства фруктовых и овощных соков Оборудование для сахарной промышленности Оборудование для переработки молока и производства молочных продуктов"
"https://icatalog.expocentr.ru/ru/exhibitions/a94ff0c2-5685-11f0-80d0-a0d3c1fab97f/exhibitors/383745?&stand=13C175";"ЦВЕТ, ОАО";"http://www.cwet.ru/";"+7 (4942) 77-82-03";"info@cwet.ru";"Оборудование для производства детского питания Оборудование, материалы, инвентарь для производства кондитерских изделий и шоколада Оборудование для производства мороженого Оборудование для производства и розлива спиртных напитков, пива и безалкогольных напитков Оборудование для масложирового производства Оборудование для переработки молока и производства молочных продуктов"
"https://icatalog.expocentr.ru/ru/exhibitions/a94ff0c2-5685-11f0-80d0-a0d3c1fab97f/exhibitors/385134?&stand=13E240";"ЦЕНТР ПРЕССЫ";"https://www.agroprodmash-expo.ru/";"";"";""
"https://icatalog.expocentr.ru/ru/exhibitions/a94ff0c2-5685-11f0-80d0-a0d3c1fab97f/exhibitors/383674?&stand=13E185";"ЦЕНТРИПЛЮС СЕПАРЕЙШН ТЕХНОЛОДЖИС, ООО";"https://www.centriplus.com/";"+7 (916) 802-6866";"nikita.yakimov@centriplus.com";"Запчасти, комплектующие, расходные материалы для оборудования Автоматизация пищевых производств и технологических процессов Оборудование для масложирового производства Оборудование для переработки молока и производства молочных продуктов"
"https://icatalog.expocentr.ru/ru/exhibitions/a94ff0c2-5685-11f0-80d0-a0d3c1fab97f/exhibitors/384026?&stand=13D030";"ШАЛЛЕР, АО";"http://www.schalleraustria.com/";"+7 (495) 797-6333";"office.moskau@schalleraustria.com";"Упаковочное оборудование Технологическое проектирование и консалтинг Оборудование для пищевой экструзии Глазировочное оборудование Оборудование для выпечки вафель Оборудование для выпечки вафельных стаканчиков для мороженого Охладительные туннели Оборудование для производства продуктов быстрого приготовления Оборудование для производства снеков, сухих завтраков, сухофруктов Оборудование для производства хлебобулочных изделий Оборудование для изготовления теста, смесители, тесторазделочное оборудование Хлебопекарное оборудование Оборудование для дозирования ингредиентов"
"https://icatalog.expocentr.ru/ru/exhibitions/a94ff0c2-5685-11f0-80d0-a0d3c1fab97f/exhibitors/383912?&stand=13E040";"ШЕБЕКИНСКИЙ МАШИНОСТРОИТЕЛЬНЫЙ ЗАВОД";"http://www.shemz.ru/";"+7 47248 25670";"shemz@shemz.ru";"Оборудование для мини-пекарен, кондитерских мини-цехов Оборудование и автоматизированные линии для производства кондитерских изделий Оборудование для производства фруктовых и овощных соков Хлебопекарное оборудование Автоматизированные линии полного цикла для производства хлебобулочных изделий Оборудование для сахарной промышленности"
"https://icatalog.expocentr.ru/ru/exhibitions/a94ff0c2-5685-11f0-80d0-a0d3c1fab97f/exhibitors/383717?&stand=13D175";"ЭМИС, АО";"http://www.emis-kip.ru/";"+7 351 729-9912";"sales@emis-kip.ru";"Оборудование для розлива Комплексные решения для предприятий пищевой промышленности Системы автоматизации управления производственными процессами Оборудование для розлива молока Оборудование для производства и розлива спиртных напитков, пива и безалкогольных напитков Оборудование для масложирового производства"
"https://icatalog.expocentr.ru/ru/exhibitions/a94ff0c2-5685-11f0-80d0-a0d3c1fab97f/exhibitors/383772?&stand=13B225";"ЭНВИРО-ХЕМИ ГМБХ, ООО";"http://www.envirochemie.ru/";"+7 343 278-2780";"info@enviro-chemie.ru";"Комплексные решения для предприятий пищевой промышленности Технологии очистки Технологии и оборудование для энергоэффективности и защиты окружающей среды"
"https://icatalog.expocentr.ru/ru/exhibitions/a94ff0c2-5685-11f0-80d0-a0d3c1fab97f/exhibitors/383921?&stand=13B220";"ЮВМИЛК";"http://www.uvmilk.ru/";"8 800 200-0338";"uvmilk@yandex.ru";"Комплексные решения для предприятий пищевой промышленности Оборудование для переработки сырья Оборудование для розлива молока Оборудование для масложирового производства Оборудование для переработки молока и производства молочных продуктов Оборудование для очистки сырья и готового продукта от металла"
