Ссылка;Название;Сайт;Телефон;Email;Страна
"https://catalog.mining-ctt.ru/companies/company/147430-a-s-c-hidrolik-a-s.html";"A.S.C. Hidrolik A.S.";"http://www.blueascend.com";"+90 332 239 25 41";"export@blueascend.com";"Турция"
"https://catalog.mining-ctt.ru/companies/company/149893-abel-manufacturing-co-ltd.html";"ABEL MANUFACTURING CO.,LTD.";"https://brennaninc.com";"+86-21-57395390";"sheilawang@brennanchina.com";"Китай"
"https://catalog.mining-ctt.ru/companies/company/148969-aimix-group-co-ltd.html";"AIMIX GROUP CO., LTD";"http://www.aicranes.com";"0086-371-55036316";"ar76@aimix-group.com";"Китай"
"https://catalog.mining-ctt.ru/companies/company/149086-aimix-group-co-ltd.html";"AIMIX GROUP CO.,LTD";"http://www.aimix.ru";"8569987627";"export@www.aimix.ru";"Китай"
"https://catalog.mining-ctt.ru/companies/company/147268-aly-kozmeti-k-loji-sti-k-di-ti-caret-san-ve-ti-c-ltd-ti.html";"ALY KOZMET?K LOJ?ST?K DI? T?CARET SAN. VE T?C. LTD. ?T?.";"https://alylogistics.com/contact";"";"olesia@alylogistics.com";"Турция"
"https://catalog.mining-ctt.ru/companies/company/115180-am-point.html";"AM POINT";"https://ampoint.pro";"+7 (484) 382 93 50";"info@ampoint.pro";"Россия"
"https://catalog.mining-ctt.ru/companies/company/149740-ambetter-machinery-co-ltd.html";"AMBETTER MACHINERY CO.,LTD";"http://www.ambetter.ru";"8695858761";"info@ambetter.ru";"Китай"
"https://catalog.mining-ctt.ru/companies/company/149161-anhui-gaubb-filtration-technology-co-ltd.html";"Anhui Gaubb Filtration Technology Co., Ltd.";"http://www.gaubb-hyd.com";"8-5557-6789";"sales01@ahgaubb.cn";"Китай"
"https://catalog.mining-ctt.ru/companies/company/149947-anhui-jatec-heavy-bearing-co-ltd.html";"ANHUI JATEC HEAVY BEARING CO.,LTD";"http://www.jatece.com";"+86-555-5515068";"jtk@ahjatec.com";"Китай"
"https://catalog.mining-ctt.ru/companies/company/149809-anhui-lesen-sensor-technology-co-ltd.html";"ANHUI LESEN SENSOR TECHNOLOGY CO., LTD";"http://www.Lesen-sensor.com";"+86-13917772009";"salesa@lesensensor.com";"Китай"
"https://catalog.mining-ctt.ru/companies/company/149791-anhui-meiruier-filter-co-ltd.html";"ANHUI MEIRUIER FILTER CO.,LTD";"http://www.mrefilter.com";"+86-553-8118111";"info@mrefilter.com";"Китай"
"https://catalog.mining-ctt.ru/companies/company/149446-anhui-parker-new-materials-co-ltd.html";"Anhui Parker New Materials Co., Ltd.";"http://www.ngparker.com";"856303740";"vanessa-cheng@live.cn";"Китай"
"https://catalog.mining-ctt.ru/companies/company/149011-anhui-tengchang-construction-machinery-co-ltd.html";"Anhui Tengchang Construction Machinery Co., Ltd";"http://www.tengchangjixie.com";"0086-13951352009";"1634579637@qq.com";"Китай"
"https://catalog.mining-ctt.ru/companies/company/149038-apile-foundation-equipment.html";"Apile Foundation Equipment";"http://www.jiayxc-tools.comwww";"86-0316-5925391";"";"Китай"
"https://catalog.mining-ctt.ru/companies/company/111080-armet-rus-ooo.html";"ARMET GROUP";"https://armetgroup.ru";"88006002933";"promo@armet.pro";"Россия"
"https://catalog.mining-ctt.ru/companies/company/112691-dortekh-ooo.html";"ARMIX";"http://www.rusalmix.ru";"+7 985 211-90-30";"info@rusalmix.ru";"Россия"
"https://catalog.mining-ctt.ru/companies/company/147265-asblok-makina-metal-urunleri-iml-ith-ihr-san-ve-tic-ltd-sti.html";"ASBLOK MAKINA METAL URUNLERI IML.ITH.IHR.SAN. VE TIC.LTD.STI.";"https://www.globmac.com";"+905493110555";"ilaha@globmac.com";"Турция"
"https://catalog.mining-ctt.ru/companies/company/146812-asian-construction-equipment-group-co-ltd.html";"ASIAN CONSTRUCTION EQUIPMENT GROUP CO., LTD.";"";"";"";"Китай"
"https://catalog.mining-ctt.ru/companies/company/149053-asian-construction-equipment-group-co-ltd.html";"ASIAN CONSTRUCTION EQUIPMENT GROUP CO., LTD.";"http://www.asianconst.com";"0086-371-55635088";"info@asianconst.com";"Китай"
"https://catalog.mining-ctt.ru/companies/company/147043-ati-su.html";"ATI.SU";"https://ati.su";"+7 812 602-01-09";"support@ati.su";"Россия"
"https://catalog.mining-ctt.ru/companies/company/111056-lk-spektr-ooo.html";"AURORA";"https://aurora-rus.ru";"8 800 555 88 93";"info@aurorarus.ru";"Россия"
"https://catalog.mining-ctt.ru/companies/company/110777-detalfa-ooo.html";"AVLKRAFT";"http://avlkraft.ru";"+74957704788";"info@avlkraft.ru";"Россия"
"https://catalog.mining-ctt.ru/companies/company/147427-aydinonat-yedek-parca-san-ve-tic-a-s-aydinonat-friction-products.html";"Aydinonat Yedek Parca San. ve Tic. A.S. / Aydinonat Friction Products";"http://www.aydinonat.com";"+90 312 394 50 10";"info@aydinonat.com";"Турция"
"https://catalog.mining-ctt.ru/companies/company/112703-bajtek-interneshnl-ooo.html";"Baitek Machinery";"https://baitekmachinery.ru";"+78007757755";"info@bm-corp.ru";"Россия"
"https://catalog.mining-ctt.ru/companies/company/149101-beijing-ca-long-engineering-machinery-co-ltd.html";"BEIJING CA-LONG ENGINEERING MACHINERY CO., LTD.";"http://www.ca-long.com";"010-67539907";"export@ca-long.com";"Китай"
"https://catalog.mining-ctt.ru/companies/company/149236-beijing-denfosn-international-trade-co-ltd.html";"Beijing Denfosn International Trade Co.,ltd.";"http://www.denfosn.com";"86-10-80780766";"info@denfosn.com";"Китай"
"https://catalog.mining-ctt.ru/companies/company/150541-beijing-g-ruita-international-fairs-co-ltd.html";"Beijing G&Ruita International Fairs Co.,Ltd";"";"";"";""
"https://catalog.mining-ctt.ru/companies/company/77658-penzaspetsavtomash-ao.html";"Benza | ПЕНЗАСПЕЦАВТОМАШ, АО";"https://benza.ru";"+7 (8412) 67-47-77";"benza@benza.ru";"Россия"
"https://catalog.mining-ctt.ru/companies/company/149959-boonai-suzhou-lift-equipments-co-ltd.html";"BOONAI (SUZHOU) LIFT EQUIPMENTS CO.,LTD";"http://www.boonailift.com";"8762898105";"sales@boonailift.com";"Китай"
"https://catalog.mining-ctt.ru/companies/company/149974-boran-technology-co-ltd.html";"BORAN TECHNOLOGY CO., LTD.";"http://www.boran.cc";"/";"shangwu6@gdboran.com";"Китай"
"https://catalog.mining-ctt.ru/companies/company/147271-borubar-sanayi-ve-ti-caret-a.html";"BORUBAR SANAY? VE T?CARET A.?.";"https://borubar.com";"+905386922545";"mert.turgut@honbar.com.tr";"Турция"
"https://catalog.mining-ctt.ru/companies/company/77418-makskam-ooo.html";"BOSHITE";"http://boshite.ru";"88003335493";"info@sorl.ru";"Россия"
"https://catalog.mining-ctt.ru/companies/company/147715-cangzhou-shicheng-import-export-trading-co-ltd.html";"CANGZHOU SHICHENG IMPORT & EXPORT TRADING CO., LTD.";"https://www.iwintesting.com";"86 15613723707";"sale1@iwintesting.com";"Китай"
"https://catalog.mining-ctt.ru/companies/company/149722-trejdavtoparts-ooo.html";"CargoClima";"http://cargoclima.ru";"+7 9108727437";"marketing@pts-nn.ru";"Россия"
"https://catalog.mining-ctt.ru/companies/company/149755-cartek-international-co-ltd.html";"CARTEK INTERNATIONAL CO., LTD";"http://www.cartekcn.com";"+86-531-69950928";"sales@cartekcn.com";"Китай"
"https://catalog.mining-ctt.ru/companies/company/147601-cccc-tianhe-mechanical-equipment-manufacturing-co-ltd.html";"CCCC TIANHE MECHANICAL EQUIPMENT MANUFACTURING CO.,LTD.";"http://www.ccccth.com";"86-(0)512-52035228";"";"Китай"
"https://catalog.mining-ctt.ru/companies/company/149782-ccpit-machinery-sub-council.html";"CCPIT MACHINERY SUB-COUNCIL";"http://www.chinamachine.org";"+86-10-83275566";"yangming@ccpitmsc.org";"Китай"
"https://catalog.mining-ctt.ru/companies/company/147784-changsha-kaienli-hydraulic-technology-co-ltd.html";"Changsha Kaienli Hydraulic Technology Co., Ltd";"http://www.hnkel.com";"874804584";"cskaienli@163.co";"Китай"
"https://catalog.mining-ctt.ru/companies/company/146806-changsha-mingyi-machinery-equipment-co-ltd.html";"Changsha Mingyi Machinery Equipment Co.,Ltd";"https://www.drillingbucket.com";"+86 0 15073340950";"melody@myonedrilling.com";"Китай"
"https://catalog.mining-ctt.ru/companies/company/149173-changshu-longteng-liaoan-machinery-co-ltd.html";"Changshu Longteng Liaoan Machinery Co., Ltd.";"https://www.lttg.cn";"0086-512-52191707";"shaoyf@lttg.cn";"Китай"
"https://catalog.mining-ctt.ru/companies/company/147691-changshu-myers-machinery-co-ltd.html";"CHANGSHU MYERS MACHINERY CO., LTD";"http://www.csmyers.com";"86-15050307383";"info@cnmyers.com";"Китай"
"https://catalog.mining-ctt.ru/companies/company/149764-changzhou-bingrui-heat-transfer-technology-co-ltd.html";"Changzhou Bingrui Heat Transfer Technology Co.,Ltd";"http://www.brexchanger.com";"8900652882";"manager@brexchanger.com";"Китай"
"https://catalog.mining-ctt.ru/companies/company/147799-changzhou-luyou-construction-machinery-co-ltd.html";"Changzhou Luyou Construction Machinery Co.Ltd";"http://www.cz-luyou.com";"86-519-86763851";"1043222166@qq.com";"Китай"
"https://catalog.mining-ctt.ru/companies/company/149221-changzhou-shunbai-hydraulic-technology-co-ltd.html";"Changzhou Shunbai Hydraulic Technology Co., Ltd.";"http://www.czsbyy.com";"86-15370208128";"chen@czsbyy.com";"Китай"
"https://catalog.mining-ctt.ru/companies/company/147559-changzhou-sunlight-electrical-appliance-co-ltd.html";"Changzhou Sunlight Electrical Appliance Co.,Ltd";"https://www.czsunlight.com";"8806140098";"Sunny@sunlightmotor.com";"Китай"
"https://catalog.mining-ctt.ru/companies/company/151000-chaoyang-dashuai-transportation-co-ltd.html";"Chaoyang Dashuai Transportation Co., Ltd";"https://163.com";"79689256666";"dashuai_longcheng@163.com";"Китай"
"https://catalog.mining-ctt.ru/companies/company/147532-china-construction-machinery-association-ccma.html";"China Construction Machinery Association (CCMA)";"http://www.cncma.org/en";"86-(0)10-68515521?86-13693279330";"tianwei@cncma.org";"Китай"
"https://catalog.mining-ctt.ru/companies/company/150001-china-ocean-construction-group-company-co-ltd.html";"CHINA OCEAN CONSTRUCTION GROUP COMPANY CO.,LTD";"http";"+86-15070890013";"1137892960@qq.com";"Китай"
"https://catalog.mining-ctt.ru/companies/company/151021-china-railway-materials-xi-an-co-ltd.html";"China Railway Materials Xi'an Co., Ltd.";"https://www.crmsc.com";"029-87424295";"xags@sinolog.cn";"Китай"
"https://catalog.mining-ctt.ru/companies/company/149734-china-shuangli-building-materials-equipment-co-ltd.html";"China Shuangli Building Materials Equipment Co., Ltd";"http://sdshuangli.en";"+86-15698245998";"shirleyxue@dzshuangli.com";"Китай"
"https://catalog.mining-ctt.ru/companies/company/149284-chongqing-feikangman-auto-parts-co-ltd.html";"Chongqing Feikangman Auto Parts Co., LTD";"http://www.ficonman.com";"896107412";"fpt.iveco.case.china@gmail.com";"Китай"
"https://catalog.mining-ctt.ru/companies/company/149869-chuzhou-jincheng-metalwork-co-ltd.html";"Chuzhou Jincheng Metalwork Co.,ltd";"http://www.jinchengscaffold.com";"+86-5503917003";"connie@jincheng-scaffold.com";"Китай"
"https://catalog.mining-ctt.ru/companies/company/146860-cjp.html";"CJP";"";"";"";"Китай"
"https://catalog.mining-ctt.ru/companies/company/77682-energiya-ao.html";"CNRG Lubricants";"https://cnrg-oil.ru";"+7(927)192-63-81";"pr@cnrg-oil.ru";"Россия"
"https://catalog.mining-ctt.ru/companies/company/146227-konele-rus-ooo.html";"CO-NELE";"https://conelerus.com";"";"info@conelerus.com";"Китай"
"https://catalog.mining-ctt.ru/companies/company/149212-combo-power-co-ltd.html";"COMBO POWER CO.,LTD";"http://www.combogroup.com";"";"jerry@combogroup.com";"Китай"
"https://catalog.mining-ctt.ru/companies/company/147433-cozum-makina-san-ve-tic-ltd-sti-sensei-spare-parts.html";"Cozum Makina San. ve Tic. Ltd. Sti. / Sensei Spare Parts";"http://www.senseiparts.com";"+90 216 455 95 44";"export@cozum-makina.com";"Турция"
"https://catalog.mining-ctt.ru/companies/company/149239-creator-machinery-guangzhou-co-ltd.html";"Creator Machinery(Guangzhou) Co.,Ltd";"http://www.cmgparts.com";"751291768";"info@cmgparts.com";"Китай"
"https://catalog.mining-ctt.ru/companies/company/151018-da-lu-shaanxi-supply-chain-co-ltd.html";"Da Lu (Shaanxi) Supply Chain Co., Ltd.";"https://163.com";"8092612666";"18092612666@163.com";"Китай"
"https://catalog.mining-ctt.ru/companies/company/150061-dalian-fuler-diesel-engine-co-ltd.html";"DALIAN FULER DIESEL ENGINE CO., LTD";"";"";"";""
"https://catalog.mining-ctt.ru/companies/company/150064-dalian-fuler-diesel-engine-co-ltd.html";"DALIAN FULER DIESEL ENGINE CO., LTD";"http://www.fulerdiesel.com";"794300510";"frances@fulerdiesel.com";"Китай"
"https://catalog.mining-ctt.ru/companies/company/147862-dimmar-property-gayri-menkul-yatirim-emlak-dani-manlik-ti-c-ltd-ti.html";"DALISTRA";"https://dalistragroup.com";"+7 (495) 646-87-85";"account@dalistragroup.com";"Турция"
"https://catalog.mining-ctt.ru/companies/company/150199-danyang-zhongwen-auto-lamp-co-ltd.html";"DANYANG ZHONGWEN AUTO LAMP CO.,LTD";"http";"15105285118";"ftwwq@126.com";"Китай"
"https://catalog.mining-ctt.ru/companies/company/147538-dazong-track-co-ltd.html";"Dazong Track Co.,Ltd";"http://www.daztrack.com";"8560732809";"tina@dztrack.com";"Китай"
"https://catalog.mining-ctt.ru/companies/company/149929-dch-radio-limited-company.html";"DCH RADID LIMITED COMPANY";"http://www.dch-radio.com";"8117350677";"allen.xu@dch-radio.com";"Китай"
"https://catalog.mining-ctt.ru/companies/company/149194-diligen-international-shipping-shan-dong-co-ltd.html";"DILIGEN INTERNATIONAL SHIPPING (SHAN DONG) CO. , LTD.";"http://www.sh-sds.com";"864177731";"songh_qd@sh-sds.comzhangry";"Китай"
"https://catalog.mining-ctt.ru/companies/company/147274-di-nami-k-motor-red-kt-r-san-ti-c-a.html";"D?NAM?K MOTOR RED?KT?R SAN. T?C. A.?.";"https://www.dgmr.com";"+905324232270";"istanbul@dgmr.com.tr";"Турция"
"https://catalog.mining-ctt.ru/companies/company/150241-dingcheng-rubber-plastic-co-ltd.html";"DINGCHENG RUBBER&PLASTIC CO.,LTD";"http://www.cndcrubber.com";"86-373-5423668";"info@cndcrubber.com";"Китай"
"https://catalog.mining-ctt.ru/companies/company/149269-dingseng-power-co-ltd.html";"DINGSENG POWER CO.,LTD";"http://www.kosin-power.com";"8613302215889";"mary@kosin-power.com";"Китай"
"https://catalog.mining-ctt.ru/companies/company/147256-dongguan-xianma-electromechanical-co-ltd.html";"Dongguan Xianma Electromechanical Co_, Ltd";"https://shop.kamishirohydraulic";"8390667306";"anna@kamishirotools.com";"Китай"
"https://catalog.mining-ctt.ru/companies/company/147706-dongguan-zhifang-construction-technology-co-ltd.html";"DONGGUAN ZHIFANG CONSTRUCTION TECHNOLOGY CO.,LTD";"https://www.dafang.ai";"86 15217224155";"marketing@dafang.ai";"Китай"
"https://catalog.mining-ctt.ru/companies/company/149080-dongyue-machinery-group-co-ltd.html";"Dongyue Machinery Group Co., Ltd";"http://www.donyuegroup.ru";"0086-15292635650";"derrick@donyuegroup.com";"Китай"
"https://catalog.mining-ctt.ru/companies/company/149347-drake-henan-intelligent-equipment-co-ltd.html";"Drake (Henan) Intelligent Equipment Co., Ltd.";"http://www.drakecranes.com";"0373-8988588";"info@drakecranes.com";"Китай"
"https://catalog.mining-ctt.ru/companies/company/147283-e-mak-maki-ne-i-n-aat-ti-caret-ve-sanayi-a.html";"E-MAK MAK?NE ?N?AAT T?CARET VE SANAY? A?.";"http://www.e-mak.com";"+90224248 90 71";"alidirikol@e-mak.com";"Турция"
"https://catalog.mining-ctt.ru/companies/company/149902-elephant-fluid-power-co-ltd.html";"ELEPHANT FLUID POWER CO.,LTD";"https://www.heavyequipmentmaintain.com";"+86-180-3112-1586";"elephant@sjzhjsm.com";"Китай"
"https://catalog.mining-ctt.ru/companies/company/147280-elkon-elevator-konveyor-ve-makina-sanayi-ve-ticaret-a.html";"ELKON ELEVATOR KONVEYOR VE MAKINA SANAYI VE TICARET A.?.";"https://elkon.net";"+90 212 288 96 33";"cinara@elkon.net";"Турция"
"https://catalog.mining-ctt.ru/companies/company/149209-emp-parts-co-ltd.html";"EMP PARTS CO.,LTD";"http://www.empparts.com";"7642036529";"sales@empparts.com";"Китай"
"https://catalog.mining-ctt.ru/companies/company/110816-eniks-ooo.html";"ENIX";"http://enix.pro";"+74959598122";"office@enix.pro";"Россия"
"https://catalog.mining-ctt.ru/companies/company/110825-komtrans-ooo.html";"ENTERPRISE";"https://enter-prise.ru";"+7 (996) 228-48-78";"garipov.m@comtt.ru";"Россия"
"https://catalog.mining-ctt.ru/companies/company/147289-ermak-beton-ve-ins-mak-san-ve-tic-ltd-sti.html";"ERMAK BETON VE INS.MAK.SAN VE TIC.LTD.STI";"https://ermakmakine.com";"+90 262 263 02 70";"sales@ermakmachine.com";"Турция"
"https://catalog.mining-ctt.ru/companies/company/146149-ets-ooo.html";"ETS group";"https://etsgroup.ru";"+74997531418";"info@etsgroup.ru";"Россия"
"https://catalog.mining-ctt.ru/companies/company/147295-europulse-hi-droli-k-hortum-i-malati-i-th-i-hr-san-ve-ti-c-ltd-ti.html";"EUROPULSE H?DROL?K HORTUM ?MALATI ?TH. ?HR. SAN. VE T?C. LTD. ?T?.";"https://gmail.com";"";"zhangxuna068@gmail.com";"Турция"
"https://catalog.mining-ctt.ru/companies/company/146131-mrsv-ooo.html";"EXOVO";"https://exovo.parts";"+7 499 347-1-347?";"info@exovo.parts";"Россия"
"https://catalog.mining-ctt.ru/companies/company/147553-fangyuan-group-co-ltd.html";"FANGYUAN GROUP CO., LTD.";"http://www.china-fangyuan.com";"8153551923";"info@fyg-cm.com";"Китай"
"https://catalog.mining-ctt.ru/companies/company/147301-ferra-fi-ltre-san-ve-ti-c-a.html";"FERRA F?LTRE SAN. VE T?C. A.?.";"https://www.ferrafilter.com/index.php";"+903287902222";"info@ferrafilter.com";"Турция"
"https://catalog.mining-ctt.ru/companies/company/150055-fgb-bearing.html";"FGB Bearings";"http://www.fgbearing.com";"'+86-130 3453 8296";"alexhai@fgbearing.com";"Китай"
"https://catalog.mining-ctt.ru/companies/company/149920-filtersun-filter-dongguan-co-ltd.html";"Filtersun Filter(Dongguan)Co.,Ltd";"http://www.filtersun.cn";"769-81105590";"sales@filtersun.cn";"Китай"
"https://catalog.mining-ctt.ru/companies/company/149125-fitsch-ningbo-international-trade-co-ltd.html";"FITSCH NINGBO INTERNATIONAL TRADE CO.,LTD";"http://www.fitsch.cn";"+86 181 0574 3205";"info@fitsch.cn";"Китай"
"https://catalog.mining-ctt.ru/companies/company/146122-optima-ooo.html";"FLRS";"https://prawolf.ru";"+7 (495) 419-21-75";"zakaz@prawolf.ru";"Россия"
"https://catalog.mining-ctt.ru/companies/company/149242-fly-china-machinery-parts-co-ltd.html";"FLY(CHINA) MACHINERY PARTS CO.,LTD";"http://www.cuttingpicks.com";"13967710837";"zjfxjx@vip.163.com";"Китай"
"https://catalog.mining-ctt.ru/companies/company/80613-ferronordik-mashiny-ooo.html";"FNGROUP";"https://fngroup.ru";"8 800 100 86 58";"office@fngroup.ru";"Россия"
"https://catalog.mining-ctt.ru/companies/company/149941-foshan-jiaqi-hydraulic-transmission-co-ltd.html";"Foshan Jiaqi hydraulic transmission Co.,LTD";"http://www.jiaxinqihydraulic.com";"720272662";"sylvia@jiaxinqihydraulic.com";"Китай"
"https://catalog.mining-ctt.ru/companies/company/149230-foshan-meison-import-and-export-trade-co-ltd.html";"Foshan Meison Import and Export Trade Co.?LTD";"http://www.dxhydraulics.com";"0086-82821058";"Hannah@fsdxyy.com";"Китай"
"https://catalog.mining-ctt.ru/companies/company/149980-fujian-juntai-machinery-co-ltd.html";"FUJIAN JUNTAI MACHINERY CO.,LTD.";"http://www.juntaimachinery.com";"+86-595-26669899";"juntai@wan-tai.com.cn";"Китай"
"https://catalog.mining-ctt.ru/companies/company/149065-fujian-quanzhou-ocean-mold-co-ltd.html";"Fujian Quanzhou Ocean Mold Co., Ltd.";"http://www.haishite.com";"8750567185";"sales@oceanmolds.com";"Китай"
"https://catalog.mining-ctt.ru/companies/company/149998-fujian-shengan-machinery-development-co-ltd.html";"FUJIAN SHENGAN MACHINERY DEVELOPMENT CO.,LTD.";"http://www.kaihanggroup.com";"+86-595-86869838";"sa567@shengan-china.com";"Китай"
"https://catalog.mining-ctt.ru/companies/company/149383-fujian-tongzhou-machinery-co-ltd.html";"FUJIAN TONGZHOU MACHINERY CO.,LTD.";"http://www.tz-cylinder.com";"0086-15159880746";"sales@fjtzm.com";"Китай"
"https://catalog.mining-ctt.ru/companies/company/147535-fujian-xiongtai-supply-chain-management-co-ltd.html";"Fujian Xiongtai Supply Chain Management Co., Ltd.";"http://www.china-minda.com";"859770671";"sales100@china-minda.com";"Китай"
"https://catalog.mining-ctt.ru/companies/company/149227-fuller-drive-equipment-yan-cheng-co-ltd.html";"Fuller Drive Equipment Yan Cheng Co.,Ltd";"http://www.fullerdrive.ru";"8151380068";"sales@fullerdrive.com";"Китай"
"https://catalog.mining-ctt.ru/companies/company/149353-fuxin-jiufeng-machinery-co-ltd.html";"Fuxin Jiufeng Machinery Co., Ltd";"http://www.fxjfyy.com";"0418-2352999";"sales@fxteyy.com";"Китай"
"https://catalog.mining-ctt.ru/companies/company/147253-gali-po-lu-hi-dromas-hi-droli-k-oto-san-ve-ti-c-a.html";"GAL?PO?LU H?DROMAS H?DROL?K OTO. SAN. VE T?C. A.?.";"https://www.hidromas.com/ru";"+79264032105";"acbozkurt@hidromas.com";"Турция"
"https://catalog.mining-ctt.ru/companies/company/149152-ganzhou-bausde-machinery-co-ltd.html";"GANZHOU BAUSDE MACHINERY CO.,LTD";"http://www.bausde.com";"+86 189 5156 4343";"sales@wxbausde.com";"Китай"
"https://catalog.mining-ctt.ru/companies/company/110396-volga-trejd-ooo.html";"Global Link Logistics";"https://gll-tr.com";"+79038511970";"operation3@gll-tr.com";"Турция"
"https://catalog.mining-ctt.ru/companies/company/147307-gmm-maki-na-metal-i-n-otom-nakl-gida-san-i-ve-di-ti-c-ltd-ti.html";"GMM MAK?NA METAL ?N?.OTOM NAKL.GIDA SAN. ?? VE DI? T?C. LTD. ?T?.";"http://www.promaxrus.ru";"8 800 444 35 22";"info@promaxrus.ru";"Турция"
"https://catalog.mining-ctt.ru/companies/company/146314-grenar.html";"GRENAR";"https://grenar.ru";"+7 (495) 662 55 46";"info@grenar.ru";"Россия"
"https://catalog.mining-ctt.ru/companies/company/149401-guangdong-bangtuo-filter-co-ltd.html";"Guangdong Bangtuo Filter Co.,Ltd";"http://www.btfilter.com";"769-81737838";"BT@BT-FILTER.COM";"Китай"
"https://catalog.mining-ctt.ru/companies/company/149122-guangdong-haolixin-construction-machinery-co-ltd.html";"GUANGDONG HAOLIXIN CONSTRUCTION MACHINERY CO., LTD";"https://www.hlxfilters.com";"829788165 020-32017139";"admin@haolixinchina.com";"Китай"
"https://catalog.mining-ctt.ru/companies/company/149440-guangdong-haozheng-hydraulic-equipment-co-ltd.html";"Guangdong Haozheng Hydraulic Equipment Co., Ltd";"http://www.haozhenghydraulic.com";"+8615816492675";"admin@haozhengyeya.com";"Китай"
"https://catalog.mining-ctt.ru/companies/company/149695-guangdong-huantong-import-and-export-co-ltd.html";"Guangdong Huantong Import and Export Co., Ltd.";"http://htcoating.com";"794163239";"nfo@htcoating.com";"Китай"
"https://catalog.mining-ctt.ru/companies/company/147688-guangdong-ishino-technology-co-ltd.html";"GUANGDONG ISHINO TECHNOLOGY CO.LTD";"http://www.ishinohy.com";"750-2880211";"diesel@ishino.cn";"Китай"
"https://catalog.mining-ctt.ru/companies/company/147634-guangdong-nacre-hydraulic-co-ltd-nacre.html";"Guangdong Nacre Hydraulic CO.,Ltd(NACRE)";"https://ru.nacre";"758 398 1815";"helen@nacre.com.cn";"Китай"
"https://catalog.mining-ctt.ru/companies/company/150511-guangxi-ardon-machinery-co-ltd.html";"Guangxi Ardon Machinery CO.,Ltd";"http://www.liugongma.com";"7722123452";"ardon@liugongma.com";"Китай"
"https://catalog.mining-ctt.ru/companies/company/147562-guangxi-mesda-international-trade-co-ltd.html";"Guangxi MESDA International Trade Co.,Ltd";"http://www.mesda.com";"771-5678071";"mesda@mesda.com.cn";"Китай"
"https://catalog.mining-ctt.ru/companies/company/149308-guangxi-xuvol-construction-machinery-equipment-co-ltd.html";"GUANGXI XUVOL CONSTRUCTION MACHINERY EQUIPMENT CO., LTD.";"http://en.xuvol";"8376136458";"sales088@xuvol.net";"Китай"
"https://catalog.mining-ctt.ru/companies/company/151195-yuchai.html";"Guangxi Yuchai Power Co., LTD.";"https://www.yuchaiglobal.com";"";"huangmiantao@yuchai.com";"Китай"
"https://catalog.mining-ctt.ru/companies/company/149701-guangzhou-caiyuan-hardware-co-ltd.html";"Guangzhou Caiyuan Hardware Co.,Ltd";"http://www.gdcaiyuan.com";"+8619584836982";"Eira@gdcaiyuan.com";"Китай"
"https://catalog.mining-ctt.ru/companies/company/149797-guangzhou-coral-industrial-co-ltd.html";"GUANGZHOU CORAL INDUSTRIAL CO.,LTD";"http://www.coralfly-filter.com";"+86-13480254240";"info@gzcoralparts.com";"Китай"
"https://catalog.mining-ctt.ru/companies/company/149875-guangzhou-dongsen-common-rail-technology-co-ltd.html";"GUANGZHOU DONGSEN COMMON RAIL TECHNOLOGY CO.,LTD";"https://excavatorhydraulic.com";"020-82185857";"sophia@xgparts.com";"Китай"
"https://catalog.mining-ctt.ru/companies/company/149794-guangzhou-huasheng-machinery-parts-co-ltd.html";"GUANGZHOU HUASHENG MACHINERY PARTS CO.,LTD";"http://www.hskorparts.com";"8819366995";"ITRITA@163.COM";"Китай"
"https://catalog.mining-ctt.ru/companies/company/149848-guangzhou-minshun-machinery-equipment-co-ltd.html";"Guangzhou Minshun Machinery Equipment Co., Ltd.";"https://www.dieselenginespare.com";"8902397236";"13570365296@163.com";"Китай"
"https://catalog.mining-ctt.ru/companies/company/149707-guangzhou-natuech-energy-technology-co-ltd.html";"Guangzhou Natuech Energy Technology Co., Ltd.";"http://www.natuech.com";"0086-13609094842";"jeff@natuech.com";"Китай"
"https://catalog.mining-ctt.ru/companies/company/149911-guangzhou-otto-excavator-parts-co-ltd.html";"GUANGZHOU OTTO EXCAVATOR PARTS CO.,LTD";"http://www.otto-parts.com";"+86-13580462364";"info@gzotto.com";"Китай"
"https://catalog.mining-ctt.ru/companies/company/149890-guangzhou-star-mustang-construction-machinery-parts-co-ltd.html";"GUANGZHOU STAR MUSTANG CONSTRUCTION MACHINERY PARTS CO.,LTD.";"http://www.parts-hd.com";"+86-13535577077";"hdsophia@hdparts.cn";"Китай"
"https://catalog.mining-ctt.ru/companies/company/149251-guangzhou-venus-engine-parts-limited.html";"GUANGZHOU VENUS ENGINE PARTS LIMITED";"https://baileparts.com";"86-20-87085784";"sales@venusparts.com";"Китай"
"https://catalog.mining-ctt.ru/companies/company/149842-guangzhou-weiyi-machinery-co-ltd.html";"GUANGZHOU WEIYI MACHINERY CO.,LTD";"http://jianleshun.en";"+86-13560084114";"zhengzhaojun39@gmail.com";"Китай"
"https://catalog.mining-ctt.ru/companies/company/149788-guangzhou-yato-machinery-co-ltd.html";"GUANGZHOU YATO MACHINERY CO., LTD.";"http://www.yatopower.com";"+86-13302216808";"info@yatopower.com";"Китай"
"https://catalog.mining-ctt.ru/companies/company/147436-gurmaksan-hidrolik-devre-elemanlari-san-ve-tic-ltd-sti.html";"Gurmaksan Hidrolik Devre Elemanlari San. ve Tic. Ltd. Sti.";"http://www.gurmaksan.com";"+90 212 549 53 12";"gms@gurmaksan.com.tr";"Турция"
"https://catalog.mining-ctt.ru/companies/company/146302-usmanov-nail-nasimovich-ip.html";"HAIYUAN GROUP";"";"";"";"Россия"
"https://catalog.mining-ctt.ru/companies/company/150556-handan-china-railway-bridge-machinery-co-ltd.html";"Handan China Railway Bridge Machinery Co.Ltd.";"http://www.hdztjx.com";"+375295056563";"ladkombel@gmail.com";"Китай"
"https://catalog.mining-ctt.ru/companies/company/149968-hangzhou-aisoar-hydraulic-technology-co-ltd.html";"HANGZHOU AISOAR HYDRAULIC TECHNOLOGY CO.,LTD.";"https://www.aisoarhydraulics.ru";"+86-571-86682223";"service@ai-soar.com";"Китай"
"https://catalog.mining-ctt.ru/companies/company/147841-hangzhou-hitoauto-co-ltd.html";"Hangzhou HitoAuto Co., Ltd";"http://www.hitopec.com";"86-571-82755131";"alex.sun@hitopec.com";"Китай"
"https://catalog.mining-ctt.ru/companies/company/149425-hangzhou-holdwell-co-ltd.html";"Hangzhou Holdwell Co., Ltd.";"http://www.holdwell.net";"15957106872";"sales@holdwell.net";"Китай"
"https://catalog.mining-ctt.ru/companies/company/149737-hangzhou-kinty-tool-manufacture-co-ltd.html";"HANGZHOU KINTY TOOL MANUFACTURE CO.,LTD";"http://www.kinty.com";"+86-571-63438557";"cathy.bai@kinty.com.cn";"Китай"
"https://catalog.mining-ctt.ru/companies/company/149851-hangzhou-kleanaire-solutions-co-ltd.html";"HANGZHOU KLEANAIRE SOLUTIONS CO.,LTD";"http://WWW.KLEANAIRE.COM";"+86-571-8873 9195";"INFO@KLEANAIRE.COM.CN";"Китай"
"https://catalog.mining-ctt.ru/companies/company/148957-hangzhou-pinxin-hydraulic-technology-co-ltd.html";"Hangzhou PinXin Hydraulic Technology CO.,LTD";"http://www.pinxinhd.com";"0571-89991992";"lulu@pxhyds.com";"Китай"
"https://catalog.mining-ctt.ru/companies/company/147826-hangzhou-sanheyi-hardware-co-ltd.html";"Hangzhou Sanheyi Hardware Co., Ltd.";"https://3heyi.com";"86 13454466322";"Sienna@3heyi.com";"Китай"
"https://catalog.mining-ctt.ru/companies/company/150727-hangzhou-tp-auto-parts-co-ltd.html";"HANGZHOU TP AUTO PARTS CO.,LTD";"http://www.truck-part.com";"0571-88225397";"13857148868@163.com";"Китай"
"https://catalog.mining-ctt.ru/companies/company/146158-vistori-media-reklama-ooo.html";"Hanskohtec (Yancheng) Shock Absorber Technology Co.,Ltd";"http://www.hanskohtec.net/about.php";"+86-0515-88206612";"yueqin.cai@hanskohtec.net";"Китай"
"https://catalog.mining-ctt.ru/companies/company/77982-gosimport-ooo.html";"HARLEX";"https://harlex.ru";"+7 (499) 938-74-72";"expo@harlex.ru";"Россия"
"https://catalog.mining-ctt.ru/companies/company/149149-hebei-paiyi-hydraulic-machinery-co-ltd.html";"HEBEI PAIYI HYDRAULIC MACHINERY CO.,LTD";"http://www.hbpaiyi.cn";"8631971788";"paiyiyeya@163.com";"Китай"
"https://catalog.mining-ctt.ru/companies/company/149128-hebei-gaomai-technology-co-ltd.html";"Hebei Gaomai Technology Co., Ltd.";"http://www.shangjiayeya.com";"8831970888";"feng@shangjiayeya.com";"Китай"
"https://catalog.mining-ctt.ru/companies/company/149068-hebei-kaichuangxing-road-and-bridge-equipment-technology-co-ltd.html";"Hebei Kaichuangxing Road And Bridge Equipment Technology Co., Ltd";"http://www.kcxlqzb.com";"0086 400-1155-368";"349536995@qq.com";"Китай"
"https://catalog.mining-ctt.ru/companies/company/149272-hebei-langkaduo-machinery-parts-co-ltd.html";"Hebei Langkaduo Machinery Parts Co., Ltd.";"http://www.langkaduo";"8615231957849";"15231957849@163.com";"Китай"
"https://catalog.mining-ctt.ru/companies/company/149434-hebei-ningzhuang-trading-co-ltd.html";"HEBEI NINGZHUANG TRADING CO., LTD";"http://www.hbnzqp.com";"8732967666";"534819225@qq.com";"Китай"
"https://catalog.mining-ctt.ru/companies/company/149962-hebei-qiangsheng-machinery-parts-co-ltd.html";"HEBEI QIANGSHENG MACHINERY PARTS CO.,LTD.";"http://www.pawelson.com";"+86-13131912829";"hbqiangsheng@263.net";"Китай"
"https://catalog.mining-ctt.ru/companies/company/149311-hebei-qinzhu-auto-parts-co-ltd.html";"HEBEI QINZHU AUTO PARTS CO., LTD.";"http://www.qinzhuautoparts.com";"0086--319-8131828";"info@qzautoparts.com";"Китай"
"https://catalog.mining-ctt.ru/companies/company/149359-hebei-sanye-fluid-technology-co-ltd.html";"HEBEI SANYE FLUID TECHNOLOGY CO., LTD.";"http://www.sanyeflex.com";"86-13383299358";"admin@sanyeflex.com";"Китай"
"https://catalog.mining-ctt.ru/companies/company/147814-hebei-shenghan-hydraulic-machinery-co-ltd.html";"Hebei Shenghan Hydraulic Machinery Co., Ltd";"http://www.hebeishenghan.com";"8531998999";"admin@hbshenghan.com";"Китай"
"https://catalog.mining-ctt.ru/companies/company/146848-hebei-sinopulse-tech-group-co-ltd.html";"HEBEI SINOPULSE TECH GROUP CO.,LTD.";"http://www.strongflex.com";"8931870187";"sales08@strongflex.com";"Китай"
"https://catalog.mining-ctt.ru/companies/company/149095-hebei-taihe-construction-equipment-co-ltd.html";"Hebei Taihe Construction Equipment Co., Ltd.";"http://thscaffold.com";"15630775888";"15630775888@163.com";"Китай"
"https://catalog.mining-ctt.ru/companies/company/147700-hebei-weinaisi-transmission-equipment-co-ltd.html";"Hebei Weinaisi Transmission Equipment Co.,Ltd";"http://www.wnscd.com";"86-15131873888";"wns@weinaisicd.com";"Китай"
"https://catalog.mining-ctt.ru/companies/company/149077-hebei-xindadi-electromechanical-manufacturing-co-ltd.html";"HEBEI XINDADI ELECTROMECHANICAL MANUFACTURING CO., LTD.";"https://www.hbxdd.com";"0086-031185176662";"zhangsf@hbxdd.com";"Китай"
"https://catalog.mining-ctt.ru/companies/company/150202-hebei-xue-yuan-filter-co-ltd.html";"Hebei Xue Yuan Filter Co., Ltd";"http://www.hbxueyuan.com";"86-319-8132986";"hb@xueyuanfilter.com";"Китай"
"https://catalog.mining-ctt.ru/companies/company/149860-hebei-orient-adma-tech-group-co-ltd.html";"HEBEI ORIENT ADMA TECH GROUP CO.,LTD.";"https://www.orientrubber.com";"+86-311-68008301";"sales2022@orientrubber.com";"Китай"
"https://catalog.mining-ctt.ru/companies/company/147586-hefei-changyuan-hydraulic-co-ltd.html";"HEFEI CHANGYUAN HYDRAULIC CO., LTD.";"http://www.hchc.cn";"86-551-64396718";"490129105@qq.com";"Китай"
"https://catalog.mining-ctt.ru/companies/company/151051-hefei-shinny-instrument-control-technology-co-ltd.html";"HeFei Shinny Instrument Control Technology Co.,Ltd";"http://www.forkliftelectricalparts.com";"86-(0)551-65316981?86-13651879559";"overseasales@hfxlyb.com";"Китай"
"https://catalog.mining-ctt.ru/companies/company/147844-hefei-wanye-hydraulic-component-co-ltd.html";"HEFEI WANYE HYDRAULIC COMPONENT CO. LTD";"http://www.wany-hydraulic.com";"86-0551-63416010";"Sales.admin@wyyyyj.com";"Китай"
"https://catalog.mining-ctt.ru/companies/company/147766-hejian-city-jieda-hydraulic-fittings-co-ltd.html";"HEJIAN CITY JIEDA HYDRAULIC FITTINGS CO.LTD";"https://hbjieda.en";"82033000888";"admin@hebjieda.com";"Китай"
"https://catalog.mining-ctt.ru/companies/company/149536-helfimmer.html";"HELFIMMER";"https://helfimmer.com";"+7 (499) 325-80-33";"info@helfimmer.com";"Россия"
"https://catalog.mining-ctt.ru/companies/company/149008-henan-dafang-heavy-machine-co-ltd.html";"Henan Dafang Heavy Machine Co., Ltd.";"http://www.dafangcrane.com";"+86 139 0373 1781";"stella@henandafang.cn";"Китай"
"https://catalog.mining-ctt.ru/companies/company/150214-henan-nengpai.html";"Henan Dongdong Automobile Service Co., Ltd.";"https://www.sino-truck.com";"7335798432";"";"Китай"
"https://catalog.mining-ctt.ru/companies/company/147820-henan-guangzhida-industrial-co-ltd.html";"Henan Guangzhida Industrial Co., LTD";"https://cnguangzhida.en";"86-371-55520585";"leo@cnguangzhida.com";"Китай"
"https://catalog.mining-ctt.ru/companies/company/149884-henan-huvlone-hydraulic-technology-co-ltd.html";"HENAN HUVLONE HYDRAULIC TECHNOLOGY CO.,LTD";"http://www.huvlone.com";"+86-395-2152888";"n.export@huvlone.com";"Китай"
"https://catalog.mining-ctt.ru/companies/company/149362-henan-jinbailai-industrial-co-ltd.html";"Henan Jinbailai Industrial Co., Ltd.";"";"";"";""
"https://catalog.mining-ctt.ru/companies/company/149971-henan-jinli-heavy-industry-technology-co-ltd.html";"HENAN JINLI HEAVY INDUSTRY TECHNOLOGY CO.,LTD";"http://www.jlcranes.com";"+86-15936220108";"info@hnjlzk.com";"Китай"
"https://catalog.mining-ctt.ru/companies/company/148993-henan-mine-crane-international-trade-co-ltd.html";"HENAN MINE CRANE INTERNATIONAL TRADE CO.,LTD";"http://www.henanminecrane";"8738502278";"amy@henanminecrane.cn";"Китай"
"https://catalog.mining-ctt.ru/companies/company/149896-henan-showin-hydraulics-technology-co-ltd.html";"HENAN SHOWIN HYDRAULICS TECHNOLOGY CO.,LTD";"https://showinhydro.com";"+86-395-3226177";"sales@showinflex.com";"Китай"
"https://catalog.mining-ctt.ru/companies/company/149113-henan-sinoroader-heavy-industry-corporation.html";"Henan Sinoroader Heavy Industry Corporation";"http://www.asphaltall.com";"8937648666";"info@sinoroader.com";"Китай"
"https://catalog.mining-ctt.ru/companies/company/149866-henan-suitong-machinery-co-ltd.html";"HENAN SUITONG MACHINERY CO., LTD";"http://www.suitongcrane.com";"8836232567";"suitongglobal@gmail.com";"Китай"
"https://catalog.mining-ctt.ru/companies/company/149839-henan-wanxun-industrial-co-ltd.html";"Henan Wanxun Industrial Co., LTD";"http://www.chinawanxun.com";"+86-15136476032";"info@chinawanxun.com";"Китай"
"https://catalog.mining-ctt.ru/companies/company/148990-henan-weihua-heavy-machinery-co-ltd.html";"HENAN WEIHUA HEAVY MACHINERY CO., LTD";"https://www.craneweihuaglobal.com";"0086-13623902943";"weihua@craneweihua.com";"Китай"
"https://catalog.mining-ctt.ru/companies/company/149110-henan-xijin-new-building-materials-co-ltd.html";"Henan Xijian New Building Materials CO., Ltd";"http://www.xijianhnt.com";"838719394";"m13838719394@163.com";"Китай"
"https://catalog.mining-ctt.ru/companies/company/146815-henan-yalong-intelligent-machinery-co-ltd.html";"HENAN YALONG INTELLIGENT MACHINERY CO., LTD.";"http://www.cnylie.com";"'+86 13938551009";"ylie@cnylie.com";"Китай"
"https://catalog.mining-ctt.ru/companies/company/149005-henan-yuzhong-hoisting-group-co-ltd.html";"Henan Yuzhong Hoisting Group Co., Ltd.";"http://www.yuzhongqz.com";"+86 373 8791368";"admin@yuzhongqz.com";"Китай"
"https://catalog.mining-ctt.ru/companies/company/149746-henan-zgm-industrial-technology-co-ltd.html";"HENAN ZGM INDUSTRIAL TECHNOLOGY CO.,LTD";"https://ru.zgmtech";"8203621177";"market@zgmtech.com";"Китай"
"https://catalog.mining-ctt.ru/companies/company/148978-henan-zhonggong-group.html";"Henan Zhonggong Group";"http://www.zgcranegroup.com";"8538811180";"info@henantosta.com";"Китай"
"https://catalog.mining-ctt.ru/companies/company/149266-heng-min-fluid-technology-jiangsu-co-ltd.html";"Heng Min Fluid Technology (Jiangsu) Co., Ltd.";"";"";"";"Китай"
"https://catalog.mining-ctt.ru/companies/company/149134-heng-wei-machine-zhangzhou-co-ltd.html";"Heng Wei Machine(Zhangzhou)Co.,Ltd.";"http://www.hwexcavatorarm.com";"+86 151 6050 3591";"369616713@qq.com";"Китай"
"https://catalog.mining-ctt.ru/companies/company/149182-hengshui-yinli-rubber-products-co-ltd.html";"HENGSHUI YINLI RUBBER PRODUCTS CO., LTD";"http://www.yinlirubberhose.com";"8203387732";"info@yinlirubberhose.com";"Китай"
"https://catalog.mining-ctt.ru/companies/company/149098-hengyue-liaoning-environmental-technology-co-ltd.html";"Hengyue (Liaoning) Environmental Technology Co., Ltd.";"http://www.fshyyb.com";"804135271";"gaojing@fshyyb.com";"Китай"
"https://catalog.mining-ctt.ru/companies/company/149965-henweit-engine-parts-co-ltd.html";"HENWEIT ENGINE PARTS CO.,LTD";"http://henweit.com";"755-26500510";"info@henweit.com";"Китай"
"https://catalog.mining-ctt.ru/companies/company/150022-hered-shandong-intelligent-technology-co-ltd.html";"HERED(SHANDONG) INTELLIGENT TECHNOLOGY CO., LTD";"https://heredtech.ru";"8 (985) 540-01-23";"heredtech@mail.ru";"Китай"
"https://catalog.mining-ctt.ru/companies/company/147259-hi-drotrust-hi-droli-k-maki-ne-li-ft-otomoti-v-san-ve-ti-c-ltd-ti.html";"H?DROTRUST H?DROL?K MAK?NE L?FT OTOMOT?V SAN. VE T?C. LTD. ?T?.";"https://hydrotrust.com";"+90 532 168 24 64";"export2@hydrotrust.com.tr";"Турция"
"https://catalog.mining-ctt.ru/companies/company/147793-hoyea-machinery-manufacture-co-ltd.html";"HOYEA MACHINERY MANUFACTURE CO.,LTD.";"http://www.hoyea.com";"86-574-88068517";"tongxuan.chen@hoyea.com";"Китай"
"https://catalog.mining-ctt.ru/companies/company/147439-hpsystems-hidrolik-guc-sistemleri-san-tic-ltd-sti.html";"HPSYSTEMS Hidrolik Guc Sistemleri San. Tic. Ltd. Sti.";"http://www.hpsystems.com";"+90 850 762 04 77";"";"Турция"
"https://catalog.mining-ctt.ru/companies/company/149377-hr-intelligent-equipment-huangshan-co-ltd.html";"HR Intelligent Equipment (Huangshan) Co., Ltd.";"https://www.hr-equip.com";"0559-2757004";"info@hr-fluid.com";"Китай"
"https://catalog.mining-ctt.ru/companies/company/149857-hua-xing-shandong-intelligent-equipment-co-ltd.html";"Hua Xing (Shandong) Intelligent Equipment Co. , Ltd.";"http://www.sdhuaxingzhineng.com";"+86-13371067910";"hxsdznzb@sina.com";"Китай"
"https://catalog.mining-ctt.ru/companies/company/149914-huada-superabrasive-tool-technology-co-ltd.html";"HUADA SUPERABRASIVE TOOL TECHNOLOGY CO.,LTD.";"http://www.huada-group.com";"+86-595-22690766";"info@huada-group.com";"Китай"
"https://catalog.mining-ctt.ru/companies/company/110924-go-motors-ooo.html";"HUBA Group";"https://www";"+79025137666";"go.motors@yandex.ru";"Россия"
"https://catalog.mining-ctt.ru/companies/company/149389-hubei-aulice-tyre-co-ltd.html";"HUBEI AULICE TYRE CO., LTD.";"https://www.aulicetyre.com";"7-87775708";"info@aulicetyre.com";"Китай"
"https://catalog.mining-ctt.ru/companies/company/146827-hubei-diyue-automotive-parts-co-ltd-company.html";"Hubei Diyue Automotive Parts Co., Ltd Company";"http://www.dfecengineparts.com";"8615342680682";"salley.fan@hbdiyue.com";"Китай"
"https://catalog.mining-ctt.ru/companies/company/149872-hubei-jinqi-industry-trade-co-ltd.html";"HUBEI JINQI INDUSTRY & TRADE CO.,LTD";"https://Https://www.hubeijinqi.comHttps";"8507281099";"alan@syjinqi.com";"Китай"
"https://catalog.mining-ctt.ru/companies/company/147859-hubei-junuo-industry-trade-co-ltd.html";"Hubei Junuo Industry & Trade Co.,Ltd.";"https://www.hbjunuo.com";"8671900676";"liyong769@gmail.com";"Китай"
"https://catalog.mining-ctt.ru/companies/company/147667-hubei-lianzhong-industrial-co-ltd.html";"HUBEI LIANZHONG INDUSTRIAL CO.,LTD";"http://www.volgenpower.com";"719-8306617";"will@sylz.com.cn";"Китай"
"https://catalog.mining-ctt.ru/companies/company/147664-hubei-sailong-power-technology-co-ltd.html";"Hubei Sailong Power Technology Co., Ltd.";"http://www.slengines.com";"86-13597860111";"jimmy.zeg@slparts.cn";"Китай"
"https://catalog.mining-ctt.ru/companies/company/147652-hubei-wanlianda-automotive-technology-co-ltd.html";"Hubei wanlianda Automotive Technology Co., Ltd";"http://www.wldqckj.com";"719-830148886-1909696";"heyingmei@wldqckj.cn";"Китай"
"https://catalog.mining-ctt.ru/companies/company/146776-hubei-wuhuan-special-vehicle-co-ltd.html";"Hubei Wuhuan Special Vehicle Co, Ltd";"https://wuhuanvehicle.com";"+74951616999";"info@wuhuanvehicle.com";"Китай"
"https://catalog.mining-ctt.ru/companies/company/149317-jining-eton-hydraulic-co-ltd.html";"Hunan Changheng Technology Co., Ltd";"http://www.hnchtech.com";"787253678";"Luo-vip@hnchtech.com";"Китай"
"https://catalog.mining-ctt.ru/companies/company/147571-hunan-dingli-electrical-technology-co-ltd.html";"Hunan Dingli Electrical Technology Co., LTD";"https://www.dinglead.com";"8613508481752";"xiayl@hndingl.com";"Китай"
"https://catalog.mining-ctt.ru/companies/company/149845-hunan-haloten-automobile-manufacturing-co-ltd.html";"HUNAN HALOTEN AUTOMOBILE MANUFACTURING CO LTD";"http://www.haloten-global.com";"+86-13554789367";"info@haloten-global.com";"Китай"
"https://catalog.mining-ctt.ru/companies/company/149863-hunan-lingge-hui-xiong-technology-co-ltd.html";"Hunan Lingge Hui Xiong Technology Co., Ltd.";"http";"736670957";"xuxu851212@163.com";"Китай"
"https://catalog.mining-ctt.ru/companies/company/149263-hunan-sonnepower-international-co-ltd.html";"Hunan SonnePower International Co., Ltd.";"http://www.sonnepowercontrol.com";"+8613755006440";"master@sonnepowercontrol.com";"Китай"
"https://catalog.mining-ctt.ru/companies/company/149233-hunan-yige-special-steel-science-technology-co-ltd.html";"Hunan Yige Special Steel Science Technology Co.,Ltd";"http://www.yige-steel.com";"13482479379";"raymond@yige-steel.com";"Китай"
"https://catalog.mining-ctt.ru/companies/company/149050-hunan-teila-heavy-industry-machinery-group-co-ltd.html";"Hunan Teila Heavy Industry Machinery Group Co., Ltd";"http://www.teilagroup.com";"7871936193";"teilagroup@tiejuren.cn";"Китай"
"https://catalog.mining-ctt.ru/companies/company/150025-infore-enviro.html";"Infore Enviro";"https://www.inforeenvironment.com";"731-89939023";"inforeenviro@infore.com";"Китай"
"https://catalog.mining-ctt.ru/companies/company/147442-istanbul-chamber-of-commerce.html";"Istanbul Chamber Of Commerce";"https://ito.org";"+90 212 455 61 19";"ito@ito.org.tr";"Турция"
"https://catalog.mining-ctt.ru/companies/company/149032-jiangmen-baorui-machinery-engineering-co-ltd.html";"Jiangmen Baorui Machinery Engineering Co., Ltd";"http://www.jiangmenbaorui.com";"750-3595826";"jmbr@jmbaorui.com";"Китай"
"https://catalog.mining-ctt.ru/companies/company/149188-jiangsu-compound-interest-technology-materials-co-ltd.html";"JIANGSU COMPOUND INTEREST TECHNOLOGY MATERIALS CO.,LTD";"http://www.pro-abs.net";"0086-514-87286928";"mary@absgoods.com";"Китай"
"https://catalog.mining-ctt.ru/companies/company/147610-jiangsu-goodeng-heavy-machinery-technology-co-ltd.html";"Jiangsu Goodeng Heavy Machinery Technology Co., Ltd";"http://www.goodeng.com";"8352028023";"market@goodeng.com.cn";"Китай"
"https://catalog.mining-ctt.ru/companies/company/149806-jiangsu-huacheng-industry-pipe-making-corporation.html";"JIANGSU HUACHENG INDUSTRY PIPE MAKING CORPORATION";"http://en.hc";"+86-512-58439008";"hcpipe@hc-pipe.com";"Китай"
"https://catalog.mining-ctt.ru/companies/company/149761-jiangsu-jiayite-hydraulics-co-ltd.html";"Jiangsu Jiayite Hydraulics Co., Ltd.";"http://www.rekithhydraulics.com";"7-88299106";"xuty@rekith.com";"Китай"
"https://catalog.mining-ctt.ru/companies/company/147583-jiangsu-taiming-hydraulic-technology-co-ltd.html";"Jiangsu Taiming Hydraulic Technology Co., Ltd";"http://www.tmhydraulic.com";"8922783266";"taiming1@taimingparts.com";"Китай"
"https://catalog.mining-ctt.ru/companies/company/149083-jiangsu-tengyu-machinery-manufacture-co-ltd.html";"JIANGSU TENGYU MACHINERY MANUFACTURE CO., LTD";"http://www.tymachine.com";"7-84594999";"tym@tymachine.com";"Китай"
"https://catalog.mining-ctt.ru/companies/company/149323-jiangsu-xinshengyuan-instrument-technology-co-ltd.html";"Jiangsu Xinshengyuan Instrument Technology Co., Ltd.";"http";"86-13044429000";"353224612@qq.com";"Китай"
"https://catalog.mining-ctt.ru/companies/company/147616-jiangxi-fenyi-drive-technology-co-ltd.html";"JIANGXI FENYI DRIVE TECHNOLOGY CO.,LTD";"http://www.jxfyqx.com";"7905811313";"xs.03@jxfyqx.com";"Китай"
"https://catalog.mining-ctt.ru/companies/company/149824-jiangxi-b-nail-construction-machinery-technology-co-ltd.html";"Jiangxi B-nail Construction Machinery Technology Co.,Ltd";"http://www.bntooth.cn";"8779495595";"katieli2024@gmail.com";"Китай"
"https://catalog.mining-ctt.ru/companies/company/147646-jiangxi-botong-new-material-technology-co-ltd.html";"JIANGXI BOTONG NEW MATERIAL TECHNOLOGY CO., LTD.";"http";"8770536815";"saler@btcasting.com";"Китай"
"https://catalog.mining-ctt.ru/companies/company/150544-jiangxi-donaldson-construction-machinery-co-ltd.html";"Jiangxi Donaldson Construction Machinery CO.?LTD";"https://p.make";"0086-19179157328";"david@donaldsonparts.com";"Китай"
"https://catalog.mining-ctt.ru/companies/company/149278-jiangxi-huayu-construction-machinery-co-ltd.html";"Jiangxi Huayu Construction Machinery Co.,Ltd";"http://www.huayuparts.com";"0086-15270018084";"fred@jxhygcjx.com";"Китай"
"https://catalog.mining-ctt.ru/companies/company/149803-jiangxi-mingkai-engineering-machinery-co-ltd.html";"Jiangxi Mingkai Engineering Machinery Co., Ltd.";"http";"+86-13672209889";"105870569@QQ.COM";"Китай"
"https://catalog.mining-ctt.ru/companies/company/147787-jiangxi-new-star-precision-casting-co-ltd.html";"Jiangxi New Star Precision Casting Co., Ltd";"https://en.xxjzdc";"8296117367";"lyndseyyu1994@gmail.com";"Китай"
"https://catalog.mining-ctt.ru/companies/company/147643-jiangxi-province-botong-special-alloy-co-ltd.html";"JIANGXI PROVINCE BOTONG SPECIAL ALLOY CO., LTD.";"https://www.jxbthj.cn";"8770536815";"saler@btcasting.com";"Китай"
"https://catalog.mining-ctt.ru/companies/company/149167-jiangxi-tongji-bearing-co-ltd.html";"JIANGXI TONGJI BEARING Co.,Ltd";"http://www.cukubearing.com";"8968577729";"tongjibearing@163.com";"Китай"
"https://catalog.mining-ctt.ru/companies/company/149887-jiangxi-xinhang-precision-casting-co-ltd.html";"Jiangxi Xinhang Precision Casting Co.,Ltd";"http://www.xhget.com";"795-2092988";"sunny@xhget.com";"Китай"
"https://catalog.mining-ctt.ru/companies/company/150013-jiangxi-xintian-auto-industry-co-ltd.html";"Jiangxi Xintian Auto Industry Co. Ltd.";"http://www.jxxintian.com";"795-2297336";"info@jxxintian.com";"Китай"
"https://catalog.mining-ctt.ru/companies/company/149014-jiangyin-dingli-high-tech-cranes-co-ltd.html";"Jiangyin Dingli High Tech Cranes Co.?Ltd.";"http://www.h-techcranes.com";"86 400-166-8181";"dlcranes@h-techcranes.com";"Китай"
"https://catalog.mining-ctt.ru/companies/company/147655-jianshan-minqin-olliess-bearing-co-ltd.html";"JianShan MinQin Olliess Bearing Co.,LTD";"http://www.mqbearing";"857301809";"804520807@qq.com";"Китай"
"https://catalog.mining-ctt.ru/companies/company/147556-jiashan-honglida-sliding-bearing-co-ltd.html";"Jiashan Honglida Sliding Bearing Co., Ltd.";"http://www.hldbearings.com";"86-(0)573-84822218?86-13600569892";"sales@hldbearings.com";"Китай"
"https://catalog.mining-ctt.ru/companies/company/149245-jiashan-wingold-bearing-co-ltd.html";"JIASHAN WINGOLD BEARING CO., LTD.";"http://www.wingold.cc";"0086-573-84068818";"info@wingold.cc";"Китай"
"https://catalog.mining-ctt.ru/companies/company/147763-jiaxing-jianhe-machinery-co-ltd.html";"Jiaxing Jianhe Machinery Co., Ltd.";"https://www.jianhelube.com";"738298449";"phoebechien@jianhelube.com";"Китай"
"https://catalog.mining-ctt.ru/companies/company/150793-jiaxing-zhenteng-auto-parts-co-ltd.html";"JIAXING ZHENTENG AUTO PARTS CO.,LTD";"https://zjtyh.com";"0086 13588546909";"sophie@zjtyh.com";"Китай"
"https://catalog.mining-ctt.ru/companies/company/147724-jinan-edge-auto-trade-co-ltd.html";"Jinan Edge Auto Trade Co., Ltd.";"https://www.jnzhuoguang.com";"8660165275";"lichuanbao@jnzhuoguang.com";"Китай"
"https://catalog.mining-ctt.ru/companies/company/147649-jinan-gradin-machinery-co-ltd.html";"Jinan Gradin Machinery Co., Ltd.";"https://www.gradinlift.com";"0531-88018170";"530331381@qq.com";"Китай"
"https://catalog.mining-ctt.ru/companies/company/147856-jinan-shine-economic-and-international-trade-co-ltd.html";"Jinan Shine Economic And International Trade Co., LTD";"https://www.snsc-group.com";"8615452112";"melody@shinetrading.com.cn";"Китай"
"https://catalog.mining-ctt.ru/companies/company/149275-jincheng-city-ruixi-casting-co-ltd.html";"Jincheng City Ruixi Casting Co., Ltd";"http://www.rx-get.com";"13503563882";"bruce@jcrxjx.com";"Китай"
"https://catalog.mining-ctt.ru/companies/company/146824-jining-broad-machinery-co-ltd.html";"JINING BROAD MACHINERY Co., Ltd";"https://ru.ledayglobal";"";"victor@ledayglobal.com";"Китай"
"https://catalog.mining-ctt.ru/companies/company/147589-jining-de-naichi-new-energy-co-ltd.html";"Jining De Naichi New Energy Co., Ltd.";"http://www.dncoil.com";"+79150806272";"309715614@qq.com";"Китай"
"https://catalog.mining-ctt.ru/companies/company/147595-jining-haide-international-trade-co-ltd.html";"Jining Haide International Trade Co., Ltd.";"http://www.haide-cn.com";"7564278592";"parts@hdxthyd.com";"Китай"
"https://catalog.mining-ctt.ru/companies/company/149773-jining-hd-construction-machinery-co-ltd.html";"Jining HD Construction Machinery Co,. Ltd.";"http://hdparts.hk";"+86-0537-2780177";"komatsu.spareparts1@gmail.com";"Китай"
"https://catalog.mining-ctt.ru/companies/company/146839-jinning-sekesaisi-machinery.html";"Jining Sekesaisi Machinery EquipmentCo., Ltd";"http://www.jnskss.com";"8369781309";"komatsuparts9@gmail.com";"Китай"
"https://catalog.mining-ctt.ru/companies/company/147748-jining-shante-songzheng-construction-machinery-co-ltd.html";"JINING SHANTE SONGZHENG CONSTRUCTION MACHINERY CO., LTD.";"http://www.stszcm.com";"86-13675374177";"1348800835@qq.com";"Китай"
"https://catalog.mining-ctt.ru/companies/company/149926-jining-wade-hydraulic-machinery-co-ltd.html";"Jining Wade Hydraulic Machinery Co., Ltd.";"http";"+86-13953799336";"13953799336@163.com";"Китай"
"https://catalog.mining-ctt.ru/companies/company/149224-jining-xingxingyuan-machinery-co-ltd.html";"Jining Xingxingyuan Machinery Co., Ltd??";"";"7353630469";"";"Китай"
"https://catalog.mining-ctt.ru/companies/company/149386-jining-yunyang-hydraulic-co-ltd.html";"Jining Yunyang Hydraulic Co.,Ltd";"http://www.jnyunyang.com";"731773 0086";"yunyang@jnyunyang.com";"Китай"
"https://catalog.mining-ctt.ru/companies/company/149350-jining-zhineng-construction-machinery-co-ltd.html";"Jining Zhineng Construction Machinery Co., Ltd";"http://www.zhinengcab.com";"866092558";"kevin@zhinengcab.com";"Китай"
"https://catalog.mining-ctt.ru/companies/company/147319-kasta-sizdirmazlik-teknoloji-leri-a.html";"KASTA? SIZDIRMAZLIK TEKNOLOJ?LER? A.?.";"http://www.kastas.com";"+90232 397 60 00";"info@kastas.com";"Турция"
"https://catalog.mining-ctt.ru/companies/company/146821-kaushik-engineering-works.html";"Kaushik Engineering Works";"";"";"";"Китай"
"https://catalog.mining-ctt.ru/companies/company/150016-kl-seating.html";"KL Seating";"https://www.qlseats.com";"791-85776525";"cindy@ncyyzy.cn";"Китай"
"https://catalog.mining-ctt.ru/companies/company/150706-kontrol-di-s-ti-c.html";"KONTROL D?S T?C";"http://www.kontroldistic.com";"+90 544 205 05 25";"info@kontroldistic.com";"Турция"
"https://catalog.mining-ctt.ru/companies/company/150730-kontrol-d-ticaret.html";"KONTROL D?? Ticaret";"";"";"";""
"https://catalog.mining-ctt.ru/companies/company/147286-kozmaksan-maki-na-i-n-turz-gida-i-ve-di-ti-c-paz-ltd-ti.html";"KOZMAKSAN MAK?NA ?N?. TURZ. GIDA ?? VE DI? T?C. PAZ. LTD. ?T?.";"https://www.kozmaksan.net/Home";"+90(546)566-8022";"order@kozmaksan.com.tr";"Турция"
"https://catalog.mining-ctt.ru/companies/company/149290-ktm-machinery-manufacturing-fujian-co-ltd.html";"Ktm Machinery Manufacturing (FUJIAN) Co., LTD";"http://www.ktm-part.com";"8929567475";"sale@ktm-part.com";"Китай"
"https://catalog.mining-ctt.ru/companies/company/149056-l-con.html";"L-CON";"https://l-con.ru";"7917826-20-24";"zakaz@l-con.com";"Китай"
"https://catalog.mining-ctt.ru/companies/company/146209-ip-latokho.html";"LATOKHO Professional";"http://latokho.pro";"+79015460222";"julia_latokho@mail.ru";"Россия"
"https://catalog.mining-ctt.ru/companies/company/146875-leo-trade.html";"LEO Trade";"http://www.leotrucks.com";"+79234051200";"leogroup6@mail.ru";"Китай"
"https://catalog.mining-ctt.ru/companies/company/119799-kompaniya-sim-avto-ooo.html";"LGMG";"http://www.lgmglifts.com";"+8613370599714";"bingyu.yang@lgmg.com.cn";"Китай"
"https://catalog.mining-ctt.ru/companies/company/148948-lianyungang-huading-wheel-co-ltd.html";"LIANYUNGANG HUADING WHEEL CO.,LTD";"http://www.lyghuading.com";"0086-10 87807888";"wheels@lyghuading.com";"Китай"
"https://catalog.mining-ctt.ru/companies/company/149299-liaoyang-truepart-machinery-co-ltd.html";"Liaoyang Truepart Machinery Co.,Ltd";"http://www.struepart.com";"0419-2826628";"infococo@vip.126.com";"Китай"
"https://catalog.mining-ctt.ru/companies/company/147445-libal-makina-otomat-san-ve-tic-a-s.html";"Libal Makina Otomat San. ve Tic. A.S.";"https://libalmakina.com";"+90 232 376 88 74";"libalinfo@libalmakina.com";"Турция"
"https://catalog.mining-ctt.ru/companies/company/149185-linqing-dingtai-machinery-co-ltd.html";"Linqing Dingtai Machinery Co., LTD";"https://www.dingtai-hydraulic.com";"86-0635-2421436";"Fern-wang@lqdingtai.com";"Китай"
"https://catalog.mining-ctt.ru/companies/company/149905-linyi-haozhou-steel-trading-co-ltd.html";"LINYI HAOZHOU STEEL TRADING CO.,LTD";"http://www.gj-hydraulic.com";"+86-15020375011";"bin.wang@gj-hydraulic.com";"Китай"
"https://catalog.mining-ctt.ru/companies/company/147697-liuzhou-xuanqiao-prestressing-force-machinery-co-ltd.html";"LIUZHOU XUANQIAO PRESTRESSING FORCE MACHINERY CO., LTD";"http://www.lzxqv.com";"772-2169908";"info@lzxqv.com";"Китай"
"https://catalog.mining-ctt.ru/companies/company/77496-lonmadi-ao.html";"LOVOL";"";"";"";"Россия"
"https://catalog.mining-ctt.ru/companies/company/147823-luohe-jiulong-hydraulic-technology-co-ltd.html";"LUOHE JIULONG HYDRAULIC TECHNOLOGY CO.,LTD.";"http://www.hnjiulong.com";"86-15039572337";"info@jiulonghose.com";"Китай"
"https://catalog.mining-ctt.ru/companies/company/149254-luohe-medline-hydraulic-fluid-co-ltd.html";"Luohe Medline Hydraulic Fluid Co., Ltd.";"https://www.mdlflex.com";"+86-395-2622229";"sales02@mdlhose.com";"Китай"
"https://catalog.mining-ctt.ru/companies/company/149956-luoyang-diron-parts-trading-co-ltd.html";"LUOYANG DIRON PARTS TRADING CO., LTD";"http://www.dironpartsgroup.com";"+86-379-64249816";"sales5@dironparts.com";"Китай"
"https://catalog.mining-ctt.ru/companies/company/149950-luoyang-gangxin-glass-technology-ltd.html";"LUOYANG GANGXIN GLASS TECHNOLOGY.,LTD";"http://www.Lyhuipeng.cn";"+86-13526947669";"haoxiaoli009@126.com";"Китай"
"https://catalog.mining-ctt.ru/companies/company/149017-luoyang-huicheng-steel-structure-co-ltd.html";"LUOYANG HUICHENG STEEL STRUCTURE CO.,LTD";"http://www.hcggsteel.com";"8618800767079";"info@hcggsteel.com";"Китай"
"https://catalog.mining-ctt.ru/companies/company/149827-luoyang-jiawei-bearing-co-ltd.html";"LUOYANG JIAWEI BEARING CO.,LTD";"http://www.jw-bearing.com";"+86-379-68777181";"export@jw-bearing.com";"Китай"
"https://catalog.mining-ctt.ru/companies/company/146836-luoyang-longda-bearing-co-ltd.html";"Luoyang Longda Bearing Co., Ltd.";"";"";"";"Китай"
"https://catalog.mining-ctt.ru/companies/company/149029-luoyang-longzhong-heavy-machinery-co-ltd.html";"LUOYANG LONGZHONG HEAVY MACHINERY CO.,LTD.";"http://www.lzzgchina.com";"0379-60862030";"export@lylzzg.com";"Китай"
"https://catalog.mining-ctt.ru/companies/company/149704-luoyang-reastar-transmission-co-ltd.html";"LUOYANG REASTAR TRANSMISSION Co., Ltd.";"http://www.reastar.com";"86-(0)379-68613105?86-13526992475";"sales@reastar.com";"Китай"
"https://catalog.mining-ctt.ru/companies/company/146707-luzar.html";"LUZAR";"http://www.luzar.ru";"+78123806480";"info@luzar.ru";"Россия"
"https://catalog.mining-ctt.ru/companies/company/150229-asian-construction-equipment-group-co-ltd.html";"MAANSHAN HUADONG WEAR-RESISTING ALLOY CO.,LTD.";"http://www.cnhdnm.com";"0086 15156105286";"hdnm@qq.com";"Китай"
"https://catalog.mining-ctt.ru/companies/company/149074-maanshan-zhongrun-intelligent-equipment-co-ltd.html";"Maanshan Zhongrun Intelligent Equipment Co., Ltd.";"http://zrzncasting.com";"0086-13955549149";"526425602@qq.com";"Китай"
"https://catalog.mining-ctt.ru/companies/company/146080-tn-tsifrovaya-logistika.html";"MasterTMS";"http://master-tms.ru";"+7 499 110 85 58";"sales@master-tms.ru";"Россия"
"https://catalog.mining-ctt.ru/companies/company/146830-mate-technology-shenzhen-limited.html";"MATE Technology Shenzhen Limited";"http://www.matend.com";"8923433648";"miranda@matend.com";"Китай"
"https://catalog.mining-ctt.ru/companies/company/147514-majer-grupp-ooo.html";"Mayer Cargoline (ООО ""Майер Групп"")";"https://mayercargo.ru";"+74952485555";"mayercargo@mayercargo.ru";"Россия"
"https://catalog.mining-ctt.ru/companies/company/146890-mcy-technology-limited.html";"MCY TECHNOLOGY LIMITED";"http://www.mcytech.com";"760 86638369";"sales@mcytech.com";"Китай"
"https://catalog.mining-ctt.ru/companies/company/110771-mega-fiks-trejd-ooo.html";"Mega Fix";"https://mega-fix.ru";"88005003951";"zakaz@mega-fix.ru";"Россия"
"https://catalog.mining-ctt.ru/companies/company/147325-meka-global-maki-ne-i-malat-sanayi-ve-ti-caret-a-s.html";"MEKA GLOBAL";"https://www.mekaglobal.com/ru";"+90 312 397 91 33";"sales@mekaglobal.com";"Турция"
"https://catalog.mining-ctt.ru/companies/company/147541-mirafu-machinery-co-ltd.html";"MIRAFU MACHINERY CO.,LTD";"http://WWW.CYLINDERTUBEPIPE.COM";"86-0510-83221997";"INFO@CYLINDERTUBEPIPE.COM";"Китай"
"https://catalog.mining-ctt.ru/companies/company/150784-mount-tai-core-international-trading-co-ltd.html";"Mount Tai Core International Trading Co Ltd";"https://www.mounttai.net";"8618266520532";"john@mountai.net";"Китай"
"https://catalog.mining-ctt.ru/companies/company/147292-mustafa-ceylan-endustri-a.html";"MUSTAFA CEYLAN ENDUSTR? A.?.";"https://www.mustafaceylan.com";"+90.332 239 15 75";"say@mustafaceylan.com";"Турция"
"https://catalog.mining-ctt.ru/companies/company/149137-naili-co-ltd.html";"NAILI Co., Ltd";"http://www.nailicomp.com";"+0086-311-67509289";"sales@nailicomp.com";"Китай"
"https://catalog.mining-ctt.ru/companies/company/149170-nanjing-lizhixing-engineering-machinery-co-ltd.html";"NANJING LIZHIXING ENGINEERING MACHINERY CO.,LTD";"http://www.star158.com";"0086-02585200666";"sales@star158.com";"Китай"
"https://catalog.mining-ctt.ru/companies/company/147850-nanning-industrial-investment-hongfa-heavy-machinery-co-ltd.html";"NANNING INDUSTRIAL INVESTMENT HONGFA HEAVY MACHINERY CO., LTD";"http://www.gxhongfa.cn";"8677146802";"89774381@qq.com";"Китай"
"https://catalog.mining-ctt.ru/companies/company/149881-nantong-zhonglong-hydraulic-co-ltd.html";"NANTONG ZHONGLONG HYDRAULIC CO.?LTD";"http://www.zonglong.com";"+86-13651857668";"564927271@qq.com";"Китай"
"https://catalog.mining-ctt.ru/companies/company/146341-ooo-sistemy-monitoringa.html";"NEIMARKER";"https://neimarker.ru";"+7(831)422-12-23";"mail@neimarker.ru";"Россия"
"https://catalog.mining-ctt.ru/companies/company/149749-new-men-machinery-co-ltd.html";"New Men Machinery Co.,Ltd.";"https://newmenmachine.com";"755-28997399";"sales@newmenmachine.com";"Китай"
"https://catalog.mining-ctt.ru/companies/company/149836-ningbo-brs-new-material-co-ltd.html";"NINGBO BRS NEW MATERIAL CO.,LTD";"http://WWW.BRSTRACK.COM";"8858086668";"BRS@BRSTRACK.COM";"Китай"
"https://catalog.mining-ctt.ru/companies/company/147769-ningbo-hankesi-hydraulic-co-ltd.html";"Ningbo Hankesi Hydraulic Co.,Ltd";"http://www.hakeshydraulics.com";"86-13906696426";"hankesi_hydraulic@163.com";"Китай"
"https://catalog.mining-ctt.ru/companies/company/146833-ningbo-hehe-hydraulics-co-ltd.html";"Ningbo HeHe Hydraulics Co., Ltd.";"http://www.hehehydraulics.com";"+7(925) 568 93 77";"mft@hehehydraulics.com";"Россия"
"https://catalog.mining-ctt.ru/companies/company/147718-ningbo-helm-tower-noda-hydraulic-co-ltd.html";"Ningbo Helm Tower Noda Hydraulic Co.,Ltd.";"http://www.helmtower.com";"86-574-86361510";"info@helmtower.com";"Китай"
"https://catalog.mining-ctt.ru/companies/company/149260-ningbo-jazzy-industrial-company.html";"NINGBO JAZZY INDUSTRIAL COMPANY";"http://WWW.CNJAZZY.COM";"8613957800923";"JOHNNY@JAZZYINDUSTRIAL.COM";"Китай"
"https://catalog.mining-ctt.ru/companies/company/150664-ningbo-kemer-engineering-machinery-co-ltd.html";"Ningbo Kemer Engineering Machinery Co., Ltd";"http://www.crawlerchassis.com";"8059291635";"info@china-kemer.com";"Китай"
"https://catalog.mining-ctt.ru/companies/company/149917-ningbo-kiteson-precision-machinery-co-ltd.html";"NINGBO KITESON PRECISION MACHINERY CO.,LTD.";"http://www.nbttyy.com";"+86-574-62942336";"superhydro@nbttyy.com";"Китай"
"https://catalog.mining-ctt.ru/companies/company/149257-ningbo-oursolid-composite-material-co-ltd.html";"NINGBO OURSOLID COMPOSITE MATERIAL CO., LTD.";"http://www.oursolid.com";"0086-574-88394393";"steve@oursolid.com";"Китай"
"https://catalog.mining-ctt.ru/companies/company/149899-ningbo-oushijie-hydraulic-transmission-co-ltd.html";"NINGBO OUSHIJIE HYDRAULIC TRANSMISSION CO.,LTD";"http://www.nbosj.com";"+86-13586824755";"yong@nbosj.com";"Китай"
"https://catalog.mining-ctt.ru/companies/company/147103-ningbo-topwell-auto-parts-co-ltd.html";"Ningbo Topwell Auto Parts Co .,Ltd.";"http://www.itopwell.com";"777127735";"info@itopwell.com";"Китай"
"https://catalog.mining-ctt.ru/companies/company/147694-ningbo-wewin-trading-co-ltd.html";"NINGBO WEWIN TRADING CO.,LTD";"https://www.magnetictoolfactory.com";"7857076210";"sales03@wewintool.com";"Китай"
"https://catalog.mining-ctt.ru/companies/company/149416-ningbo-wufang-industry-co-ltd.html";"NINGBO WUFANG INDUSTRY CO.,LTD.";"http://www.wufang-globe.com";"86-0574-88311888";"fiona@wf-globe.com";"Китай"
"https://catalog.mining-ctt.ru/companies/company/149995-ningbo-yuzhou-hydraulic-equipment-co-ltd.html";"NINGBO YUZHOU HYDRAULIC EQUIPMENT CO.,LTD";"http://www.yuzhouyeya.com";"+86-574 87610188";"yuzhouyeya@163.com";"Китай"
"https://catalog.mining-ctt.ru/companies/company/149206-ningjin-zhonggong-trading-co-ltd.html";"NINGJIN ZHONGGONG TRADING CO., LTD.";"https://qq.com";"785977303";"783619516@qq.com";"Китай"
"https://catalog.mining-ctt.ru/companies/company/110759-nok-mena-dzheneral-trejding-elelsi.html";"NOK MENA";"https://nokmena.com";"71503987020";"info@nokmena.com";"ОАЭ"
"https://catalog.mining-ctt.ru/companies/company/147298-nursan-gida-otomoti-v-ve-nakli-yat-sanayi-ti-caret-ltd-ti.html";"NURSAN GIDA OTOMOT?V VE NAKL?YAT SANAY? T?CARET LTD.?T?";"https://www.nursantrailer.com";"+903322391812";"info@nursantrailer.com";"Турция"
"https://catalog.mining-ctt.ru/companies/company/147574-o-force-jiaxing-inc.html";"O-FORCE?JIAXING? INC.";"http://www.o-force.cc";"+86 573 8276 6177+86 195 1830 8289";"zoe@o-force.cc";"Китай"
"https://catalog.mining-ctt.ru/companies/company/147328-odak-maki-na-yedek-par-a-otom-gida-i-n-san-ti-c-ltd-ti.html";"ODAK MAKINA YEDEK PARCA OTOM. GIDA INS. SAN. TIC. LTD. STI.";"http://odakmakina.net";"0312 354 73 73";"odak@odakmakina.net";"Турция"
"https://catalog.mining-ctt.ru/companies/company/147304-oms-makina-iml-san-ti-c-ltd-ti.html";"OMS MAKINA IML. SAN. T?C. LTD. ?T?.";"http://www.omsmakina.com";"+905556594200";"rasheed.dada@omsmakina.com";"Турция"
"https://catalog.mining-ctt.ru/companies/company/146083-o-t-p.html";"ORENTRUCK (ООО ""О.Т.П.)";"https://orentruck.ru";"";"info@otp99.ru";"Россия"
"https://catalog.mining-ctt.ru/companies/company/147310-orthaus-trailers-tasit-ara-lari-otomotiv-nakliyat-sanayi-ve-ticaret-anonim-sirketi.html";"ORTHAUS TRAILERS";"http://www.orthausrus.ru";"";"";"Турция"
"https://catalog.mining-ctt.ru/companies/company/147262-karaca-maki-na-hirdavat-san-ti-c-a.html";"OSAKA Pneumatic Tools";"http://www.karacamakina.com";"+90 530 522 4399";"info@karacamakina.com.tr";"Турция"
"https://catalog.mining-ctt.ru/companies/company/149131-partner-im-robotics-technology-co-ltd.html";"Partner IM Robotics Technology Co., Ltd.";"http://www.partnerrobotics.com";"+1?978?564-5140";"info@partnerrobotics.com";"Китай"
"https://catalog.mining-ctt.ru/companies/company/79146-petro-bilding-sistems-ooo.html";"Petro Building Systems";"https://pbsspb.com";"+7 (812) 747-86-21";"zakaz@pbsspb.com";"Россия"
"https://catalog.mining-ctt.ru/companies/company/77697-opl-ooo.html";"Phoenix Lurbicants";"http://www.phoenixoil.ru";"+7 495 777 00 23";"info@phoenixoil.ru";"Россия"
"https://catalog.mining-ctt.ru/companies/company/147316-polser-kompozit-r-nleri-san-ve-tic-a.html";"POLSER KOMPOZIT ?R?NLERI SAN. VE TIC. A.?.";"http://www.polser.com";"+90 232 376 88 22";"export@polser.com";"Турция"
"https://catalog.mining-ctt.ru/companies/company/147331-polygonmach-mak-san-ve-ti-c-ltd-ti.html";"POLYGONMACH MAK. SAN. VE T?C. LTD. ?T?.";"http://www.polygonmach.com";"+905456421256";"info@polygonmach.com";"Турция"
"https://catalog.mining-ctt.ru/companies/company/148984-power-machinery-jiangsu-co-ltd.html";"Power Machinery (Jiangsu) Co.,Ltd";"https://www.zysteelrope.com";"+86 514 84219199";"manager@jspowerone.com";"Китай"
"https://catalog.mining-ctt.ru/companies/company/148966-protecfire-beijing-fire-systems-technology-co-ltd.html";"Protecfire (Beijing) Fire Systems Technology Co., Ltd.";"http://www.protecfirechina.cn";"0086 316 5929119";"sales@protecfirechina.cn";"Китай"
"https://catalog.mining-ctt.ru/companies/company/146092-khokhlov-a-m-pst-service-russia.html";"PST";"https://pstrussia.ru";"+79379111236";"info@pstrussia.ru";"Россия"
"https://catalog.mining-ctt.ru/companies/company/151045-qingdao-hawking-machinery-equipment-co-limited.html";"QINGDAO HAWKING MACHINERY EQUIPMENT CO., LIMITED";"http://www.qingdaohawking.com";"+86(532)81691988";"info@qingdaohawking.com";"Китай"
"https://catalog.mining-ctt.ru/companies/company/150547-qingdao-hezhong-machinery-co-ltd.html";"QINGDAO HEZHONG MACHINERY CO., LTD.";"http://www.hezhongmachinery.com";"8353266335";"felix.feng@hezhongmachinery.com";"Китай"
"https://catalog.mining-ctt.ru/companies/company/148996-qingdao-huizhi-runde-international-trade-co-ltd.html";"QINGDAO HUIZHI RUNDE INTERNATIONAL TRADE CO., LTD";"http://ru.lorkelynlaser";"+8618653415313";"admin@locklinyi.com";"Китай"
"https://catalog.mining-ctt.ru/companies/company/147721-qingdao-paguld-intelligent-manufactuing-co-ltd.html";"Qingdao Paguld Intelligent Manufactuing Co.,Ltd";"https://www.paguld.com";"7685539898";"wangpeng@paguld.com";"Китай"
"https://catalog.mining-ctt.ru/companies/company/147736-qingdao-rubber-sixi-hose-co-ltd.html";"Qingdao Rubber SixI Hose Co.,Ltd.";"http://www.xlhose.cn";"86-532-83028372";"wendy@qdhose.cn";"Китай"
"https://catalog.mining-ctt.ru/companies/company/149818-qingdao-tunnel-mine-equipment-technology-co-ltd.html";"Qingdao Tunnel Mine Equipment Technology Co., Ltd.";"https://www.tmgmachinery.com";"8953293354";"tony.jia@tmgmachinery.com";"Китай"
"https://catalog.mining-ctt.ru/companies/company/150787-qingyuan-radia-trading-co-ltd.html";"Qingyuan Radia Trading Co., LTD";"https://www.tongshiautoparts.com";"763-4285811";"wurongjin@tongshirad.com";"Китай"
"https://catalog.mining-ctt.ru/companies/company/147712-qingzhou-haode-filter-technology-co-ltd.html";"QINGZHOU HAODE FILTER TECHNOLOGY CO., LTD.";"http://www.qzhdlqq.com";"86-0536-3290967";"9420749997@qq.com";"Китай"
"https://catalog.mining-ctt.ru/companies/company/146845-qingzhou-hongyuan-vehicle-co-ltd.html";"Qingzhou Hongyuan Vehicle Co., Ltd.,";"";"";"";"Китай"
"https://catalog.mining-ctt.ru/companies/company/149143-qingzhou-keda-environment-protection-machinery-co-ltd.html";"Qingzhou Keda Environment Protection Machinery Co.,Ltd";"http://www.kedadredging.com";"8353690657";"keda@miningmachine.net";"Китай"
"https://catalog.mining-ctt.ru/companies/company/146869-kpig.html";"QPE Гидравлик";"http://www.qpe-brs.ru";"+79031100311";"qpeon@mail.ru";"Россия"
"https://catalog.mining-ctt.ru/companies/company/147592-quangong-machinery-co-ltd.html";"Quangong Machinery Co.,Ltd";"http://en.qzmachine";"86 181 0595 6806";"misha@qzmachine.com";"Китай"
"https://catalog.mining-ctt.ru/companies/company/147703-quanzhou-city-sanlian-machinery-manufacture-co-ltd.html";"QUANZHOU CITY SANLIAN MACHINERY MANUFACTURE CO.,LTD";"http://www.sl-machine.com";"885963776";"allen@sl-machine.com";"Китай"
"https://catalog.mining-ctt.ru/companies/company/149977-quanzhou-hongshengxing-engineering-machinery-co-ltd.html";"QUANZHOU HONGSHENGXING ENGINEERING MACHINERY CO.,LTD";"http://www.qzhsjx.com";"+86-595-22425578";"";"Китай"
"https://catalog.mining-ctt.ru/companies/company/147106-quanzhou-huangshengda-autoparts-industry-co-ltd.html";"QUANZHOU HUANGSHENGDA AUTOPARTS INDUSTRY CO.,LTD";"http://www.hosenda.com";"+8613959928581";"allen@hsdmach.com";"Китай"
"https://catalog.mining-ctt.ru/companies/company/147808-quanzhou-huntwell-trading-co-ltd.html";"QUANZHOU HUNTWELL TRADING CO.,LTD";"https://huntwell.en";"";"";"Китай"
"https://catalog.mining-ctt.ru/companies/company/149908-quanzhou-jiangxin-machinery-co-ltd.html";"QUANZHOU JIANGXIN MACHINERY CO.,LTD.";"http://www.china-jiangxin.com";"+86-595-22425982";"cbt@china-jiangxin.com";"Китай"
"https://catalog.mining-ctt.ru/companies/company/149395-quanzhou-jiusheng-construction-machinery-co-ltd.html";"QUANZHOU JIUSHENG CONSTRUCTION MACHINERY CO.,LTD";"http://www.fjlitai.com";"+86 13506064166";"sales@fjlitai.com";"Китай"
"https://catalog.mining-ctt.ru/companies/company/147568-quanzhou-k-h-parts-co-ltd.html";"Quanzhou K&H Parts. Co. LTD";"http://www.knh-parts.com";"86-595-86202371";"jessica@knh-parts.com";"Китай"
"https://catalog.mining-ctt.ru/companies/company/149380-quanzhou-quanhang-construction-machinery-co-ltd.html";"QUANZHOU QUANHANG CONSTRUCTION MACHINERY CO.,LTD";"http://WWW.CHINA-QHJX.COM";"0592-26556822";"sales-spencer@china-qhjx.com";"Китай"
"https://catalog.mining-ctt.ru/companies/company/148981-rapid-formwork-scaffolding-co-ltd.html";"Rapid Formwork & Scaffolding Co., Ltd.";"https://rapid-scafform.com";"(+86)510-8379 6833";"sales@rapid-scaffold.com";"Китай"
"https://catalog.mining-ctt.ru/companies/company/151027-rapid-speed-navigation-supply-chain-management-xi-an-co-ltd.html";"Rapid Speed Navigation Supply Chain Management(Xi’an) Co.,Ltd.";"http://www.rsnshipping.com";"029-86552815";"info-freight@rsn-logistics.com";"Китай"
"https://catalog.mining-ctt.ru/companies/company/77775-pk-brodvej-ooo.html";"Raywin Powertrain Technology Co., Ltd.";"https://raywin.ru";"+78005510974";"info@raywin.ru";"Россия"
"https://catalog.mining-ctt.ru/companies/company/149035-realtop-heavy-industry-co-ltd.html";"Realtop Heavy Industry Co., Ltd.";"http://www.realtop-machinery.com";"731-82221161";"amy@realtop-machinery.com";"Китай"
"https://catalog.mining-ctt.ru/companies/company/146203-rst-imushchestvo-ooo.html";"RODEN";"https://zsordn.ru";"+73833101919";"info@zsordn.ru";"Россия"
"https://catalog.mining-ctt.ru/companies/company/151003-roenter-group-co-ltd.html";"ROENTER GROUP CO.,LTD";"https://www.roentergroup.com";"+86 15091751923";"jaenter@sxjaenter.com";"Китай"
"https://catalog.mining-ctt.ru/companies/company/147448-rtd-dokum-metal-insaat-otomotiv-ith-ve-ihr-ltd-sti.html";"RTD Dokum Metal Insaat Otomotiv Ith. ve Ihr. Ltd. Sti.";"http://www.rotadokum.com";"+90 332 342 49 61";"info@rotadokum.com";"Турция"
"https://catalog.mining-ctt.ru/companies/company/149200-ruici-metal-products-dalian-co-ltd.html";"RUICI METAL PRODUCTS (DALIAN) CO.,LTD";"http://www.ruiciindustry.com";"898602699";"info@ruiciindustry.com";"Китай"
"https://catalog.mining-ctt.ru/companies/company/110807-avtomarket-ooo.html";"S-OIL SEVEN";"https://avtomarketparts.ru";"8 (495) 187-00-23";"info@avtomarketparts.ru";"Россия"
"https://catalog.mining-ctt.ru/companies/company/149419-sanmak-lighting-co-ltd.html";"SANMAK LIGHTING CO.,LTD";"http://www.sanmak.com";"757 81248088";"info@sanmak.com";"Китай"
"https://catalog.mining-ctt.ru/companies/company/78294-sani-ooo.html";"SANY RUSSIA";"https://sany.ru";"8 (800) 550-75-67";"";"Россия"
"https://catalog.mining-ctt.ru/companies/company/149119-sany-transmission.html";"Sany Transmission";"https://transmission.sany";"";"tianc11@sany.com.cn";"Китай"
"https://catalog.mining-ctt.ru/companies/company/147277-service-exporters-association.html";"SERVICE EXPORTERS ASSOCIATION";"https://hib.org";"";"";"Турция"
"https://catalog.mining-ctt.ru/companies/company/151015-shaanxi-haiduo-railway-technology-development-co-ltd.html";"Shaanxi Haiduo Railway Technology Development Co.,Ltd";"http://www.haiduorailway.com";"+86_29_81876725";"zhao.lifeng@haiduorailway.com";"Китай"
"https://catalog.mining-ctt.ru/companies/company/151024-shaanxi-zhongkuaiyun-logistics-co-ltd.html";"Shaanxi Zhongkuaiyun Logistics Co,Ltd";"http://www.zkywl.com";"4008-363-006";"zky360@163.com";"Китай"
"https://catalog.mining-ctt.ru/companies/company/147775-shaanxi-komatsu-spare-parts-sales-co-ltd.html";"Shaanxi Komatsu Spare Parts Sales Co. Ltd.";"http://www.skcparts.com";"86-29-88428416";"info@skcparts.com";"Китай"
"https://catalog.mining-ctt.ru/companies/company/151012-shaanxi-komatsu-spare-parts-sales-co-ltd.html";"Shaanxi Komatsu Spare Parts Sales Co. Ltd.";"http://www.skcparts.com";"+86-29-88428416";"info@skcparts.com";"Китай"
"https://catalog.mining-ctt.ru/companies/company/146206-konstevo-ooo.html";"Shanding Group";"https://shandinggroup.com";"+8613346261378";"jennybao@sddingyuan.cn";"Китай"
"https://catalog.mining-ctt.ru/companies/company/149758-shandong-fivecreation-construction-machinery-co-ltd.html";"SHANDONG FIVECREATION CONSTRUCTION MACHINERY CO., LTD.";"http://www.fcm.net";"853728022";"zhaochunfeng2007@126.com";"Китай"
"https://catalog.mining-ctt.ru/companies/company/146842-shandong-boer-machinery-equipment-co-ltd.html";"Shandong AnDa Heavy Machinery Group Co., Ltd.";"http://www.adzgjt.com";"400-8539-678";"andazhonggonghr@163.com";"Китай"
"https://catalog.mining-ctt.ru/companies/company/149296-shandong-chenze-steel-co-ltd.html";"SHANDONG CHENZE STEEL CO.,LTD";"https://www.chenzesteel.com";"0086 15969625557";"mary@chenzesteel.com";"Китай"
"https://catalog.mining-ctt.ru/companies/company/147838-shandong-chiron-auto-parts-co-ltd.html";"Shandong Chiron Auto Parts Co.,Ltd";"http://www.chironparts.com";"+86-15069034454";"terry@chironparts.com";"Китай"
"https://catalog.mining-ctt.ru/companies/company/150019-shandong-chufeng-heavy-industry-machinery-co-ltd.html";"Shandong Chufeng Heavy Industry Machinery Co., Ltd";"http://www.cfmglift.com";"+86-531-84481000";"sales@cfmglift.com";"Китай"
"https://catalog.mining-ctt.ru/companies/company/149335-shandong-daixin-intelligent-technology-co-ltd.html";"Shandong Daixin Intelligent Technology Co., Ltd";"http://www.dxznkj.cn";"0086 181 0548 5508";"susan@dxznkj.cn";"Китай"
"https://catalog.mining-ctt.ru/companies/company/146893-shandong-deruna-international-trading-co-ltd.html";"Shandong Deruna International Trading Co.,Ltd";"https://chinaheavytruckparts.com";"+8618653133715";"russia@chinaheavytruckparts.com";"Китай"
"https://catalog.mining-ctt.ru/companies/company/146818-shandong-feihong-engineering-machinery-co-ltd.html";"Shandong Feihong Engineering Machinery Co., Ltd.";"http://www.feihongmachinery.net";"'0086-0537-2238358";"sales@fh-sd.com";"Китай"
"https://catalog.mining-ctt.ru/companies/company/147622-shandong-hanya-heavy-industry-co-ltd.html";"Shandong Hanya Heavy industry Co. LTD";"http://www.tuodazg.com";"8266142308";"sales@tuodazg.com";"Китай"
"https://catalog.mining-ctt.ru/companies/company/149413-shandong-haoke-machinery-equipment-co-ltd.html";"SHANDONG HAOKE MACHINERY EQUIPMENT CO.,LTD.";"http://www.haokemach.com";"806353552";"linjianzhong@hkjx-net.com";"Китай"
"https://catalog.mining-ctt.ru/companies/company/147550-shandong-hengwang-group-co-ltd.html";"Shandong Hengwang Group Co., Ltd.";"https://www.hengwang.cn";"86-(0)537-2883708";"info@hengwang.cn";"Китай"
"https://catalog.mining-ctt.ru/companies/company/147757-shandong-heqiyeya-hydraulic-machinery-equipment-co-ltd.html";"Shandong Heqiyeya Hydraulic Machinery Equipment Co. LTD.";"https://www.hydraulicmotorhq.com";"86-537-2902890";"coralheqi@hydraulicmotorhq.com";"Китай"
"https://catalog.mining-ctt.ru/companies/company/147682-shandong-hightop-group.html";"SHANDONG HIGHTOP GROUP";"https://www.hightopmachinery.com";"86-537 3151560";"artist@sdchinamachine.com";"Китай"
"https://catalog.mining-ctt.ru/companies/company/149410-shandong-hongfang-hydraulic-technology-group-co-ltd.html";"SHANDONG HONGFANG HYDRAULIC TECHNOLOGY GROUP CO.,LTD.";"http://www.hongfanggroup.com";"+8615315152443";"lyma801226@gmail.com";"Китай"
"https://catalog.mining-ctt.ru/companies/company/150526-shandong-huayee-heavy-industry-machinery-group-co-ltd.html";"Shandong Huayee Heavy Industry Machinery Group Co., Ltd.";"http://www.huayee.com";"400-9956-888";"";"Китай"
"https://catalog.mining-ctt.ru/companies/company/149437-shandong-hupnp-machinery-technology-group-co-ltd.html";"Shandong Hupnp Machinery Technology Group Co., Ltd.";"http://www.hupnp.com";"15266546666";"info@hupnp.com";"Китай"
"https://catalog.mining-ctt.ru/companies/company/149752-shandong-jiarun-precision-manufacturing-co-ltd.html";"SHANDONG JIARUN PRECISION MANUFACTURING CO.,LTD";"http://www.jiarunmachinery.com";"+86-13501084404";"sales@jiarunmachinery.com";"Китай"
"https://catalog.mining-ctt.ru/companies/company/149140-shandong-jinyouliang-peeling-milling-equipment-co-ltd.html";"SHANDONG JINYOULIANG PEELING MILLING EQUIPMENT CO., LTD";"http://www.jinyouliang.com";"15668113999";"jinyoulianggaoduan@163.com";"Китай"
"https://catalog.mining-ctt.ru/companies/company/149785-shandong-juning-machinery-co-ltd.html";"SHANDONG JUNING MACHINERY CO.,LTD";"http://www.juningjixie.com";"7853776102";"sales001@juningjixie.com";"Китай"
"https://catalog.mining-ctt.ru/companies/company/149305-shandong-k-long-machinery-trading-co-ltd.html";"SHANDONG K-LONG MACHINERY TRADING CO., LTD";"http://www.klongmachinery.com";"0086-13954412161";"klongmachinery@163.com";"Китай"
"https://catalog.mining-ctt.ru/companies/company/150034-shandong-landworld-commercial-co-ltd.html";"Shandong Landworld Commercial Co., Ltd";"https://rhinoceros.ru";"+7 (909) 630-10-90";"xiniu.excavator@gmail.com";"Китай"
"https://catalog.mining-ctt.ru/companies/company/149422-shandong-ludun-polyurethane-products-co-ltd.html";"Shandong Ludun Polyurethane Products CO., LTD";"http://www.ldgy.cn";"86-0534-5213790";"948889972@qq.com";"Китай"
"https://catalog.mining-ctt.ru/companies/company/149338-shandong-lutong-heavy-industries-machinery-co-ltd.html";"Shandong Lutong Heavy Industries Machinery Co., Ltd.";"http://www.lutongaxle.ru";"0086-05383307919";"info@lutongaxle.com";"Китай"
"https://catalog.mining-ctt.ru/companies/company/149293-shandong-maitesi-heavy-industry-machinery-co-ltd.html";"Shandong Maitesi Heavy Industry Machinery Co., Ltd.";"http://www.ishantui.commaktech";"854712131";"maktech@126.com";"Китай"
"https://catalog.mining-ctt.ru/companies/company/149341-shandong-mingdao-heavy-industry-machinery-co-ltd.html";"Shandong Mingdao Heavy Industry Machinery Co., Ltd.";"http://www.mdcranes.com";"8617863848888";"sales66@mdcranes.com";"Китай"
"https://catalog.mining-ctt.ru/companies/company/150010-shandong-ningjin-xinxing-chemical-co-ltd.html";"SHANDONG NINGJIN XINXING CHEMICAL CO.,LTD.";"http://en.sdxxhg";"8263036307";"amily@sdxxhg.com";"Китай"
"https://catalog.mining-ctt.ru/companies/company/147637-shandong-nuoman-engineering-machinery-co-ltd.html";"SHANDONG NUOMAN ENGINEERING MACHINERY CO.,LTD";"https://qq.com";"8615092798522";"309650355@qq.com";"Китай"
"https://catalog.mining-ctt.ru/companies/company/149179-shandong-ruichen-hydraulic-machinery-manufacturing-co-ltd.html";"Shandong Ruichen Hydraulic Machinery Manufacturing Co., Ltd.";"https://www.rchchydraulics.com";"0086-15665867817";"fenon@rchchydraulics.com";"Китай"
"https://catalog.mining-ctt.ru/companies/company/149332-shandong-ruiding-intelligent-equipment-co-ltd.html";"Shandong Ruiding Intelligent Equipment Co., Ltd";"http://www.rdznzb.com";"8763852399";"dht8866@126.com";"Китай"
"https://catalog.mining-ctt.ru/companies/company/147874-szmc.html";"Shandong Shenzhou Machinery Co., Ltd";"http://www.szqz.com";"86-538-7442383";"szqz@szqz.com.cn";"Китай"
"https://catalog.mining-ctt.ru/companies/company/146854-shandong-superwatt-power-tech-co-ltd.html";"SHANDONG SUPERWATT POWER TECH CO.,LTD";"";"";"";"Китай"
"https://catalog.mining-ctt.ru/companies/company/147580-shandong-tiannuo-construction-machinery-co-ltd.html";"Shandong Tiannuo Construction Machinery Co., Ltd";"http://www.stnd-machinery.com";"86-(0)537-2345016";"arm@stnd-machinery.com";"Китай"
"https://catalog.mining-ctt.ru/companies/company/147772-shandong-tuoda-engineering-equipment-co-ltd.html";"Shandong Tuoda Engineering Equipment Co., Ltd.";"http://www.tuodaee.com";"86-19963550028";"chinatuoda@yeah.net";"Китай"
"https://catalog.mining-ctt.ru/companies/company/148951-shandong-unicon-machinery-equipment-co-ltd.html";"SHANDONG UNICON MACHINERY EQUIPMENT CO., LTD.";"http://www.sadivo.com";"+86-15065453108";"jacky@sadivo.com";"Китай"
"https://catalog.mining-ctt.ru/companies/company/147880-yuangen.html";"Shandong Yuangen Petrochemical Co., Ltd.";"https://en.yuangensh";"'+86-537-2613906";"info@yuangensh.com";"Китай"
"https://catalog.mining-ctt.ru/companies/company/147658-shandong-yunnei-power-co-ltd.html";"SHANDONG YUNNEI POWER CO., LTD";"http://www.sanneypower.com";"7705360903";"sales@sanneypower.com";"Китай"
"https://catalog.mining-ctt.ru/companies/company/147727-shandong-yunyu-machinery-group-co-ltd.html";"Shandong Yunyu Machinery Group Co.,Ltd.";"http://www.yunyujx.com";"86-538-3302973/3302651";"yunyu@yunyujx.com";"Китай"
"https://catalog.mining-ctt.ru/companies/company/149044-shanghai-chip-dance-co-ltd.html";"Shanghai Chip Dance Co.,Ltd.";"http://www.chipdance.com";"8613122550666";"anatoly@chipdance.com";"Китай"
"https://catalog.mining-ctt.ru/companies/company/147811-shanghai-dingyi-fluid-technology-co-ltd.html";"Shanghai Dingyi Fluid Technology Co., Ltd";"http://www.dingyifluid.com";"86-21-54241996";"sales@dingyifluid.com";"Китай"
"https://catalog.mining-ctt.ru/companies/company/147577-shanghai-fanersai-information-technology-co-ltd.html";"Shanghai Fanersai Information Technology Co., Ltd";"https://www.hsco-world.com";"86-(0)21-63804570";"ashley.hu@vseals.cn";"Китай"
"https://catalog.mining-ctt.ru/companies/company/146857-shanghai-kruibe-mechanical-and-electrical-co-ltd.html";"Shanghai Kruibe Mechanical and Electrical Co., Ltd,";"https://kruibe.com";"8613801893123";"cheemy.z@kruibe.com";"Китай"
"https://catalog.mining-ctt.ru/companies/company/149854-shanghai-shibang-machinery-co-ltd.html";"SHANGHAI SHIBANG MACHINERY CO.?LTD.";"http://www.sbm-mill.com";"+86-21-58386186";"mill@sbm-mill.com";"Китай"
"https://catalog.mining-ctt.ru/companies/company/149218-shanghai-xin-sunman-packing-industry-co-ltd.html";"SHANGHAI XIN-SUNMAN PACKING INDUSTRY CO., LTD";"https://www.sunmanpack.com";"797-8227868";"laichongfei@163.com";"Китай"
"https://catalog.mining-ctt.ru/companies/company/149443-shanghai-yanli-construction-machinery-co-ltd.html";"Shanghai Yanli Construction Machinery Co.,Ltd.";"http://ylcmparts.com";"8019307101";"sales@sh-yshuo.com";"Китай"
"https://catalog.mining-ctt.ru/companies/company/149428-shanghai-yizhimai-e-commerce-co-ltd.html";"Shanghai Yizhimai E-Commerce Co., Ltd.";"http";"021-56626882";"";"Китай"
"https://catalog.mining-ctt.ru/companies/company/147805-shanghai-zenith-mineral-co-ltd.html";"Shanghai Zenith Mineral Co.,Ltd.";"https://www.zenithcrusher.com";"86-21-58386256";"info@zenith-crusher.com";"Китай"
"https://catalog.mining-ctt.ru/companies/company/147877-qiulin-pump.html";"Shanxi Qiulin Machinery Co., Ltd.";"http://www.qiulinmc.com";"0086 13453284421 / 0086 354 2411812";"qiulinmc@qiulinmc.com.cn";"Китай"
"https://catalog.mining-ctt.ru/companies/company/149800-shaoxing-jingzhi-machinery-manufacturing-co-ltd.html";"SHAOXING JINGZHI MACHINERY MANUFACTURING CO.,LTD.";"http://www.hydraulicjzjx.com";"705752530";"1018740570@qq.com";"Китай"
"https://catalog.mining-ctt.ru/companies/company/150562-shaoye-ningbo-hydraulic-technology-co-ltd.html";"Shaoye (Ningbo) Hydraulic Technology Co., Ltd";"http://www.shaoyecn.com";"+86 139 6785 8016";"shaoyeningbo@hotmail.com";"Китай"
"https://catalog.mining-ctt.ru/companies/company/149116-shenyang-sanyo-building-machinery-co-ltd.html";"SHENYANG SANYO BUILDING MACHINERY CO.,LTD";"http://www.sys-china.cn";"024-88091064";"sys@sys-china.cn";"Китай"
"https://catalog.mining-ctt.ru/companies/company/146851-shenzhen-aotuoshi-hydraulic-machinery.html";"SHENZHEN AOTUOSHI HYDRAULIC MACHINERY";"";"";"";"Китай"
"https://catalog.mining-ctt.ru/companies/company/147733-shijiazhuang-leili-tools-co-ltd.html";"SHIJIAZHUANG LEILI TOOLS CO.,LTD";"http://www.leilitools.com";"86-311-8986 5438";"andrew@leilitools.com";"Китай"
"https://catalog.mining-ctt.ru/companies/company/147742-shiyan-fuerdun-technology-co-ltd.html";"Shiyan Fuerdun Technology Co., Ltd.";"http://www.fuerdun.com";"719-8459660";"info@fuerdun.com";"Китай"
"https://catalog.mining-ctt.ru/companies/company/147661-shiyan-jingu-automotive-seal-manufact-co-ltd.html";"Shiyan Jingu Automotive Seal Manufact Co., Ltd.";"https://m.en";"7198316636";"nicole.meng@foxmail.com";"Китай"
"https://catalog.mining-ctt.ru/companies/company/150004-shiyan-meiche-industry-and-trade.html";"SHIYAN MEICHE INDUSTRY AND TRADE";"http://www.dfcummins.com";"797852692";"admin@dfcummins.com";"Китай"
"https://catalog.mining-ctt.ru/companies/company/149164-shiyan-qijing-industry-and-tradind-co-ltd.html";"SHIYAN QIJING INDUSTRY AND TRADIND CO.,LTD";"http://WWW.SHIYANQIJING.COM";"0086 13581361677";"management@dongfengpart.net";"Китай"
"https://catalog.mining-ctt.ru/companies/company/147679-sibom-intelligent-equipment-xuzhou-co-ltd.html";"SIBOM Intelligent Equipment (Xuzhou) Co., LTD";"http://sibomrobot.en";"8805210097";"19805210191@163.com";"Китай"
"https://catalog.mining-ctt.ru/companies/company/69780-sigma-ekspo-grup.html";"SIGMA EXPO GROUP";"https://sigma-expo.ru";"+7 (495) 120-37-87";"info@sigma-expo.ru";"Россия"
"https://catalog.mining-ctt.ru/companies/company/147709-sinotech-luton-group-ltd.html";"SINOTECH LUTON GROUP LTD";"https://sinotechgroups.com";"7513252158";"inquiry@sinotechgroups.com";"Китай"
"https://catalog.mining-ctt.ru/companies/company/146113-proektnaya-sreda.html";"SKAI, Проектная среда";"http://skai.online";"8 800 250 60 77";"sales@skai.online";"Россия"
"https://catalog.mining-ctt.ru/companies/company/111170-strojmashservis-ooo.html";"SMS74";"https://sms74.ru";"+7(351)2558889";"sms-chel@mail.ru";"Россия"
"https://catalog.mining-ctt.ru/companies/company/147613-shanghai-new-power-automotive-technology-co-ltd.html";"SNAT";"http://www.sdeciepower.com";"+86 21 60652367";"cs@snat.com";"Китай"
"https://catalog.mining-ctt.ru/companies/company/149407-songte-ltd.html";"SONGTE LTD";"http://www.jnshantui.com";"0537-2782727";"admin@jnshantui.com";"Китай"
"https://catalog.mining-ctt.ru/companies/company/150778-south-surveying-mapping-technology-co-ltd.html";"South Surveying & Mapping Technology Co., Ltd.";"https://www.southinstrument.com";"+86-20-2338088";"mail@southsurvey.com";"Китай"
"https://catalog.mining-ctt.ru/companies/company/147334-soysal-hi-droli-k-eki-pmanlari-i-malat-i-n-aat-i-ve-di-ti-c-ltd-ti.html";"SOYSAL H?DROL?K EK?PMANLARI ?MALAT ?N?AAT ?? VE DI? T?C. LTD. ?T?.";"https://www.soysalparts.com";"+905075627769";"cenk@soysalhidrolik.com";"Турция"
"https://catalog.mining-ctt.ru/companies/company/147451-superel-oto-radyator-san-tic-ltd-sti.html";"Superel Oto Radyator San. Tic. Ltd. Sti.";"http://www.superelradyator.com";"+90 545 344 09 44";"info@superelradyator.com";"Турция"
"https://catalog.mining-ctt.ru/companies/company/149329-tai-an-ocean-pump-co-limited.html";"TAI'AN OCEAN PUMP CO., LIMITED";"http://www.sandpumpmachine.com";"7806285992";"oceanpump14@tsbeng.com";"Китай"
"https://catalog.mining-ctt.ru/companies/company/149431-taian-creave-machine-manufacturing-co-ltd.html";"TAIAN CREAVE MACHINE MANUFACTURING CO.LTD";"http://tacreave.com";"86-0538-8919888";"13562805696@163.com";"Китай"
"https://catalog.mining-ctt.ru/companies/company/147796-taian-jiuzhou-jincheng-machinery-co-ltd.html";"Taian jiuzhou jincheng machinery co.,ltd";"http://www.jinchengjx.cn";"86-538-3610858";"jcjx518@163.com";"Китай"
"https://catalog.mining-ctt.ru/companies/company/149041-taian-yongduo-machinery-manufacturing-co-ltd.html";"Taian Yongduo Machinery Manufacturing Co.,Ltd";"http://www.tayongduo.com";"0538-3611367";"fkzx003@163.com";"Китай"
"https://catalog.mining-ctt.ru/companies/company/150781-taian-yueshou-mixing-equipment-co-ltd.html";"TAIAN YUESHOU MIXING EQUIPMENT CO.,LTD";"https://www.taysmix.com";"(86)538-8628581";"sales@ysmixing.com";"Китай"
"https://catalog.mining-ctt.ru/companies/company/147802-taizhou-eternal-hydraulic-machine-co-ltd.html";"Taizhou Eternal Hydraulic Machine Co. , Ltd";"http://www.etlhyd.com";"86-576-89370768";"info@etlhyd.com";"Китай"
"https://catalog.mining-ctt.ru/companies/company/149092-taizhou-jieba-technology-co-ltd.html";"TAIZHOU JIEBA TECHNOLOGY CO.,LTD";"http://www.zjjieba.cn";"13957613519";"export@zjjieba.cn";"Китай"
"https://catalog.mining-ctt.ru/companies/company/149197-taizhou-tianou-rubber-co-ltd.html";"Taizhou Tianou Rubber Co., Ltd.";"https://www.tianourubbers.com";"738535448";"tianourubber@163.com";"Китай"
"https://catalog.mining-ctt.ru/companies/company/146176-tajfun-rus-ooo.html";"TAJFUN RUS / ТАЙФУН РУС";"http://TAJFUN.RU";"+74956459750";"info@tajfun.ru";"Россия"
"https://catalog.mining-ctt.ru/companies/company/147685-tenglin-electric-shandong-co-ltd.html";"TENGLIN ELECTRIC (SHANDONG) CO., LTD.";"http://www.tenglindianqi.com";"86-536-2132613";"tenglindianqi@163.com";"Китай"
"https://catalog.mining-ctt.ru/companies/company/147754-tengxuan-technology-co-ltd.html";"TENGXUAN TECHNOLOGY CO.,LTD.";"http://www.tengxuan.net";"86-510-68787000";"Alex.zhang@txuan.net";"Китай"
"https://catalog.mining-ctt.ru/companies/company/146188-partnjor.html";"TENYOR";"http://www.tenyor.cn";"+79174933088";"ooo.partner.china@yandex.ru";"Китай"
"https://catalog.mining-ctt.ru/companies/company/150553-tianchang-tianle-machinery-co-ltd.html";"Tianchang Tianle Machinery Co., Ltd.";"http://www.ahtljx.cn";"86-0550-7855788";"";"Китай"
"https://catalog.mining-ctt.ru/companies/company/147790-tianjin-getes-testing-equipment-technology-development-co-ltd.html";"TIANJIN GETES TESTING EQUIPMENT TECHNOLOGY DEVELOPMENT CO., LTD.";"http://www.getestest.com";"8920080168";"zhixiong.cai@getes-china.com";"Китай"
"https://catalog.mining-ctt.ru/companies/company/149059-tianjin-jianfeng-hydraulic-machinery-co-ltd.html";"Tianjin Jianfeng Hydraulic Machinery Co.,Ltd";"https://www.jfblockmachine.ru";"0086-15122965962";"carrie@jfblockmachine.com";"Китай"
"https://catalog.mining-ctt.ru/companies/company/147829-tianjin-wodon-wear-resistant-material-co-ltd.html";"TIANJIN WODON WEAR RESISTANT MATERIAL CO.?LTD";"http://www.chinawodon.com";"86-22-86897973";"cs@chinawodon.com";"Китай"
"https://catalog.mining-ctt.ru/companies/company/149743-tianjin-xinshifeng-hydraulic-machinery-co-ltd.html";"TIANJIN XINSHIFENG HYDRAULIC MACHINERY CO.,LTD";"http://www.tj-zhizhuanji.com";"+86-4001887979";"sfzxc@tj-zhizhuanji.com";"Китай"
"https://catalog.mining-ctt.ru/companies/company/149047-tianjin-yinfeng-intelligent-manufacturing-co-ltd.html";"Tianjin Yinfeng Intelligent Manufacturing Co., Ltd.";"http://www.tyfmachine.com";"8822503068";"tyfmachine@foxmail.com";"Китай"
"https://catalog.mining-ctt.ru/companies/company/146716-veber-bauer-ooo.html";"Tianyi Machinery / ВЕБЕР БАУЭР ООО";"http://www.weber-bauer.ru";"7 916 970 25 17";"info@weber-bauer.ru";"Россия"
"https://catalog.mining-ctt.ru/companies/company/147598-tjk-intelligent-equipment-manufacturing-tianjin-co-ltd.html";"TJK Intelligent Equipment Manufacturing (Tianjin) Co., Ltd,";"http://www.tjkmachinery.com";"86 22 26993766";"xiaoyu.hu@tjkmachinery.com";"Китай"
"https://catalog.mining-ctt.ru/companies/company/150058-to-max.html";"TO MAX";"https://qq.com";"15098765225";"411705847@qq.com";"Китай"
"https://catalog.mining-ctt.ru/companies/company/148963-topsky-industrial-equipment-co-ltd.html";"TOPSKY INDUSTRIAL EQUIPMENT CO.,LTD.";"http://www.lntopsky.com";"0086-24-24323543";"sales@Lntopsky.com";"Китай"
"https://catalog.mining-ctt.ru/companies/company/151936-toughman-heavy-industry-co-ltd.html";"Toughman Heavy Industry co.Ltd";"http://toughman-hi.com";"+852 6588 8736";"huangzilun@toughel.com";"Китай"
"https://catalog.mining-ctt.ru/companies/company/147565-transpower-hydraulic-engineering-xi-an-co-ltd.html";"Transpower Hydraulic Engineering Xi'an Co., Ltd.";"http://www.trans-power.com";"818277962";"wang_feng@trans-power.cn";"Китай"
"https://catalog.mining-ctt.ru/companies/company/149026-tysim-apie.html";"TYSIM&APIE";"http://www.apiepiling.com";"8921287030";"apie@apiepiling.com";"Китай"
"https://catalog.mining-ctt.ru/companies/company/147625-tzco-rus-limited-liability-company.html";"Tzco Rus Limited Liability Company";"http://www.tzcorussia.ru";"79154150894";"info@tzcorussia.ru";"Китай"
"https://catalog.mining-ctt.ru/companies/company/149986-uniway-machinery-co-limited.html";"UNIWAY MACHINERY CO.,LIMITED";"http://www.uniwaypart.com";"+86-13538787656";"jack@uniwaypart.com";"Китай"
"https://catalog.mining-ctt.ru/companies/company/110489-uzauto-trailer.html";"UzAuto TRAILER";"https://uzautotrailer.uz";"8 71 202-88-66";"info@trailer.uz";"Узбекистан"
"https://catalog.mining-ctt.ru/companies/company/149533-wagnermaier.html";"WAGNERMAIER";"https://wagnermaier.com/ru";"+7 (85552) 4-47-75";"info@wagnermaier.com";"Россия"
"https://catalog.mining-ctt.ru/companies/company/150052-wanxiang.html";"WANXIANG";"";"";"";"Китай"
"https://catalog.mining-ctt.ru/companies/company/149932-wenzhou-aulet-technology-co-ltd.html";"WENZHOU AULET TECHNOLOGY CO., LTD";"http://www.huatui.com";"7-88624645";"info@huatui.com";"Китай"
"https://catalog.mining-ctt.ru/companies/company/149215-wenzhou-dima-filtration-system-technology-co-ltd.html";"Wenzhou Dima Filtration System Technology Co., Ltd.";"http://www.dimafilter.com";"8066388168";"harmon@dimafilter.com";"Китай"
"https://catalog.mining-ctt.ru/companies/company/149779-wenzhou-juelong-auto-parts-co-ltd.html";"WENZHOU JUELONG AUTO PARTS CO.,LTD";"http://www.juelongfiltration.com";"+86-13958891106";"jl2@juelongfilter.com";"Китай"
"https://catalog.mining-ctt.ru/companies/company/150226-wenzhou-meric-hydraulic-technology-co-ltd.html";"Wenzhou Meric Hydraulic Technology Co., Ltd.";"https://www.meric.cn";"7-88915122";"sales1@meric.cn";"Китай"
"https://catalog.mining-ctt.ru/companies/company/147604-wenzhou-ouchai-technology-co-ltd.html";"WENZHOU OUCHAI TECHNOLOGY CO.,LTD.";"http://www.octensioner.com";"7-5818028886-15224158821";"ouchai02@163.com";"Китай"
"https://catalog.mining-ctt.ru/companies/company/149812-wenzhou-ousite-auto-parts-co-ltd.html";"WENZHOU OUSITE AUTO PARTS CO.,LTD.";"http://www.ostautoparts.com";"+86-13173566866";"Jane@rayfauto.com";"Китай"
"https://catalog.mining-ctt.ru/companies/company/149326-wenzhou-weilasi-filter-technology-co-ltd.html";"WENZHOU WEILASI FILTER TECHNOLOGY CO., LTD.";"http://www.weilasigroup.com";"+86 13626553372";"carolcai@weilasigroup.com";"Китай"
"https://catalog.mining-ctt.ru/companies/company/147109-wenzhou-xunyuan-auto-parts-co-ltd.html";"WENZHOU XUNYUAN AUTO PARTS CO.,LTD";"http://rycomtech.com";"+8615068729421";"sale2@xy-airspring.com";"Китай"
"https://catalog.mining-ctt.ru/companies/company/149398-wisher.html";"Wisher";"http://www.wisher-ng.comwww";"15662524666";"wangxiaonan@wisherpower.com";"Китай"
"https://catalog.mining-ctt.ru/companies/company/149191-world-machinery-solutions-co-limited.html";"WORLD MACHINERY SOLUTIONS CO.,LIMITED";"http://www.worldmachinerysolutions.com";"021-50905538";"Accounting@machinewms.com";"Китай"
"https://catalog.mining-ctt.ru/companies/company/149155-wuhu-guangyuan-hydraulic-technology-co-ltd.html";"Wuhu Guangyuan Hydraulic Technology Co., Ltd.";"http://www.puruisi-filter.com";"758433933";"jiahui.l@whgyyy.cc";"Китай"
"https://catalog.mining-ctt.ru/companies/company/146299-telestak-ooo.html";"WUXI CXTCM";"https://wuxi-plants.ru";"+7-812-600-4417";"dy@wuxi-plants.ru";"Китай"
"https://catalog.mining-ctt.ru/companies/company/148954-wuxi-dunyu-heavy-industry-technology-co-ltd.html";"Wuxi Dunyu Heavy Industry Technology Co., Ltd.";"http://www.wxdunyu.com";"0086-13083986788";"sales@dunyudrillingrig.com";"Китай"
"https://catalog.mining-ctt.ru/companies/company/150661-wuxi-grandtec-drilling-machinery-co-ltd.html";"WUXI GRANDTEC DRILLING MACHINERY CO., LTD.";"http://www.top-hammer.com";"0086-13382229559";"524382772@qq.com";"Китай"
"https://catalog.mining-ctt.ru/companies/company/149923-wuxi-jinlianshun-aluminum-co-ltd.html";"WUXI JINLIANSHUN ALUMINUM CO.,LTD";"http://www.jlsheatexchanger.com";"8914157685";"russell.guo@jlsheatexchanger.com";"Китай"
"https://catalog.mining-ctt.ru/companies/company/146068-profstroj.html";"Wuxi PRD New Energy Technology Co., Ltd.";"";"";"";"Россия"
"https://catalog.mining-ctt.ru/companies/company/149374-wuxi-zhongben-special-section-tube-co-ltd.html";"Wuxi Zhongben Special Section Tube CO.,LTD";"http://www.wxzbyx.com";"86-0510-83206011";"jiangdaod@sina.com";"Китай"
"https://catalog.mining-ctt.ru/companies/company/149287-wuxi-east-ai-machinery-technology-co-ltd.html";"WUXI EAST AI MACHINERY TECHNOLOGY CO., LTD";"http://www.east-ai.com";"0086 13151947880";"info@east-ai.com";"Китай"
"https://catalog.mining-ctt.ru/companies/company/150523-agro-avto.html";"X5 Transport";"https://x5.ru";"8 (800) 505-90-26";"info.X5logistics@x5.ru";"Россия"
"https://catalog.mining-ctt.ru/companies/company/146104-syagong-rus-ooo.html";"XGMA";"https://texbaza-group.ru";"+7 (495)923-66-36";"pe@texbaza.com";"Россия"
"https://catalog.mining-ctt.ru/companies/company/151030-xi-an-daon-supply-chain-co-ltd.html";"Xi'an Daon Supply Chain Co., Ltd";"https://qq.com";"13316272913";"495389595@qq.com";"Китай"
"https://catalog.mining-ctt.ru/companies/company/151009-xi-an-duonengyun-logistics-technology-co-ltd.html";"Xi'an Duonengyun Logistics Technology Co., Ltd";"https://www.duotrans.cn";"779521238";"chinaautotown@163.com";"Китай"
"https://catalog.mining-ctt.ru/companies/company/151006-xi-an-huafei-aviation-service-co-ltd.html";"Xi'an Huafei Aviation Service Co., Ltd.";"http://www.huafeihk.com";"8629060877 029-8928778";"huafeizhouji@huafeihf.com";"Китай"
"https://catalog.mining-ctt.ru/companies/company/147619-xi-an-silver-horse-industrial-development-co-ltd.html";"Xi'an Silver Horse Industrial Development Co., Ltd.";"http://www.xaymgs.com";"700228779";"xaym@xaym.com";"Китай"
"https://catalog.mining-ctt.ru/companies/company/149023-xiamen-aosif-engineering-ltd.html";"XIAMEN AOSIF ENGINEERING LTD";"http://www.aosif.com";"0592-2620111";"aosif@aosif.com.cn";"Китай"
"https://catalog.mining-ctt.ru/companies/company/147607-xiamen-yulong-machinery-co-ltd.html";"Xiamen Yulong Machinery Co.,Ltd.";"http://www.xmyulong.com";"86-(0)592-6360508, 86-13559227856";"xm-sales1@xmyulong.com";"Китай"
"https://catalog.mining-ctt.ru/companies/company/149938-xiangyang-zheyikang-auto-parts-co-ltd.html";"XIANGYANG ZHEYIKANG AUTO PARTS CO., LTD";"http://www.zkengineparts.com";"8871056866";"tony@zhongkang.net.cn";"Китай"
"https://catalog.mining-ctt.ru/companies/company/147817-xingtai-city-changnai-sealing-co-ltd.html";"Xingtai city Changnai sealing Co., Ltd.";"http://www.anruichi.cn";"7734519972";"arc@anruichi.cn";"Китай"
"https://catalog.mining-ctt.ru/companies/company/149062-xinjiang-huali-huafu-equipment-co-ltd.html";"Xinjiang Huali huafu Equipment Co., Ltd.";"https://163.com";"+86 13904513008";"lizewei-mail@163.com";"Китай"
"https://catalog.mining-ctt.ru/companies/company/147547-xinxiang-zhenhua-radiator-co-ltd-zhcooler.html";"Xinxiang ZhenHua Radiator Co.,Ltd (ZHCOOLER)";"http://www.zhcooler.com";"86-15603820837";"zhcooler@zhcooler.com";"Китай"
"https://catalog.mining-ctt.ru/companies/company/149992-xsh-hydraulic-technology-jingzhou-co-ltd.html";"XSH HYDRAULIC TECHNOLOGY (JINGZHOU) CO., LTD.";"http://www.ycgearpumps.cn";"+86-15090824407";"yichengsale01@shycsm.com.cn";"Китай"
"https://catalog.mining-ctt.ru/companies/company/147112-xuancheng-donghai-automotive-steering-components-co-ltd.html";"Xuancheng Donghai Automotive steering Components Co., Ltd.";"http://www.donhi.cc";"2303509";"dingfeng111@vip.163.com";"Китай"
"https://catalog.mining-ctt.ru/companies/company/149002-xuzhou-bob-lift-construction-machinery-co-ltd.html";"Xuzhou BOB-LIFT Construction Machinery Co., Ltd.";"http://www.boblift.com";"+8615852499415";"crane@boblift.com";"Китай"
"https://catalog.mining-ctt.ru/companies/company/148999-xuzhou-f-man-lorrycrance-co-ltd.html";"Xuzhou F-man Lorrycrance Co., Ltd.";"https://www.fumancrane.com";"8619052530870";"fumansales001@gmail.com";"Китай"
"https://catalog.mining-ctt.ru/companies/company/147751-xuzhou-fenghe-intelligent-technology-co-ltd.html";"XUZHOU FENGHE INTELLIGENT TECHNOLOGY CO.,LTD";"http://www.fhzn-machinery.com";"86-0516-80278853";"allen.guo@xzhzzc.com";"Китай"
"https://catalog.mining-ctt.ru/companies/company/147739-xuzhou-global-precision-steel-tube-co-ltd.html";"Xuzhou Global Precision Steel Tube Co.,Ltd";"http://www.global-steeltube.com";"8361281832";"qqt1@globaltube.cn";"Китай"
"https://catalog.mining-ctt.ru/companies/company/148975-xuzhou-haoyi-construction-machinery-technology-co-ltd.html";"Xuzhou HAOYI Construction Machinery Technology Co.,Ltd";"http://www.cranehaoy.com";"0086-13655206174";"sunnyji6174@foxmail.com";"Китай"
"https://catalog.mining-ctt.ru/companies/company/147640-xuzhou-hcn-attachments-manufacture-co-ltd.html";"XUZHOU HCN ATTACHMENTS MANUFACTURE CO.,LTD";"https://www.hcn-atta.cn";"86-13270368826";"sales@hcn-tech.com";"Китай"
"https://catalog.mining-ctt.ru/companies/company/149545-xuzhou-mook-electro-hydraulic-control-co-ltd.html";"Xuzhou Mook Electro-hydraulic Control Co., Ltd.";"http://mooksys.com";"+79250428182";"";"Китай"
"https://catalog.mining-ctt.ru/companies/company/148972-xuzhou-saiyue-construction-machinery-co-ltd.html";"XUZHOU SAIYUE CONSTRUCTION MACHINERY CO., LTD";"http://www.xzsaiyue.com";"0086-516-83312335";"info@xzsaiyue.com";"Китай"
"https://catalog.mining-ctt.ru/companies/company/147628-xuzhou-shenwei-foundation-machinery-technology-co-ltd.html";"XUZHOU SHENWEI FOUNDATION MACHINERY TECHNOLOGY CO.,LTD";"http://www.kellybar.com";"8361394593";"info@kellybar.com";"Китай"
"https://catalog.mining-ctt.ru/companies/company/147322-yal-in-dorse-damper-san-ti-c-ltd-ti.html";"YALCIN TRAILER";"https://yalcintrailer.com";"+902127353949";"info@yalcintrailer.com";"Турция"
"https://catalog.mining-ctt.ru/companies/company/149983-yancheng-xinsisheng-metal-products-co-ltd.html";"YANCHENG XINSISHENG METAL PRODUCTS CO.,LTD";"http://www.xinmach.com";"8751455138";"backycai@outlook.com";"Китай"
"https://catalog.mining-ctt.ru/companies/company/149089-yanpai-filtration-technology-co-ltd.html";"YANPAI FILTRATION TECHNOLOGY CO.,LTD";"http://www.yanpai.com";"0086-21-63061376";"info@yanpai.com";"Китай"
"https://catalog.mining-ctt.ru/companies/company/149344-yantai-zhongxinda-hydraulic-equipment-co-ltd.html";"YANTAI ZHONGXINDA HYDRAULIC EQUIPMENT CO.,LTD.";"http://www.zxd-attachments.com";"0086 15965154461";"ytzhongxinda@aliyun.com";"Китай"
"https://catalog.mining-ctt.ru/companies/company/149281-yantai-chongpo-construction-machinery-co-ltd.html";"Yantai Chongpo Construction Machinery Co.,LTD";"http://CHONGPOMACH.COM";"8615853596676";"WAYNE@CHONGPO-MACHINERY.COM";"Китай"
"https://catalog.mining-ctt.ru/companies/company/149356-yantai-gaohong-hydraulic-technology-co-ltd.html";"Yantai Gaohong Hydraulic Technology Co., Ltd.";"https://en.gaohongyeya";"86?0535?3410879";"excava@ytgaohong.com";"Китай"
"https://catalog.mining-ctt.ru/companies/company/149404-yantai-hongfang-hydraulic-technology-co-ltd.html";"YANTAI HONGFANG HYDRAULIC TECHNOLOGY CO.,LTD.";"http://www.hongfanggroup.com";"+8615315152443";"lyma801226@gmail.com";"Китай"
"https://catalog.mining-ctt.ru/companies/company/149104-yantai-saidy-heavy-industries-co-ltd.html";"YANTAI SAIDY HEAVY INDUSTRIES CO., LTD.";"https://saidy.en";"8853578860";"trade01@saidy.cn";"Китай"
"https://catalog.mining-ctt.ru/companies/company/149320-yantai-sanyu-science-technology-innovation-co-ltd.html";"Yantai Sanyu Science & Technology Innovation Co.,Ltd";"http://WWW.SANYUEQUIPMENT.COM";"8615153502056";"ALICE@YTSANYU.COM";"Китай"
"https://catalog.mining-ctt.ru/companies/company/149203-yantai-zhongyu-aeronautical-hydraulics-co-ltd.html";"Yantai Zhongyu Aeronautical Hydraulics Co., Ltd.";"http://www.ytzhongyu.com";"0535-6353456";"hangkongren@126.com";"Китай"
"https://catalog.mining-ctt.ru/companies/company/149770-yinchuan-weili-transmission-technology-co-ltd.html";"Yinchuan Weili Transmission Technology Co.,Ltd.";"http://www.weili.com";"+86-15009516964";"jiangqiang@weili.com";"Китай"
"https://catalog.mining-ctt.ru/companies/company/149248-yiwu-muhan-trading-company.html";"YIWU MUHAN TRADING COMPANY";"https://163.com";"16696593026";"16696593026@163.com";"Китай"
"https://catalog.mining-ctt.ru/companies/company/146803-yixing-jrn-cryogenic-technology-co.html";"Yixing JRN Cryogenic Technology Co.";"https://www.wxjlcooler.com";"826198900";"xuzhichao@wxjlcooler.com";"Китай"
"https://catalog.mining-ctt.ru/companies/company/146809-zhangjiagang-free-zone-yonda-machinery-co-ltd.html";"YONDA MACHINERY";"http://www.yondacm.com";"+86-512-58321371";"export@yondacm.com";"Китай"
"https://catalog.mining-ctt.ru/companies/company/147760-youlu-shanglai-fluid-technology-shanghai-co-ltd.html";"YOULU SHANGLAI Fluid Technology (Shanghai)Co., Ltd";"http://www.ugw-hose.com";"86-021-63335991";"sales@ugw-hose.com";"Китай"
"https://catalog.mining-ctt.ru/companies/company/149314-yuhuan-honglu-machinery-co-ltd.html";"YUHUAN HONGLU MACHINERY CO., LTD.";"http://www.zjhonglu.com";"86-576-87336616";"sales@zjhonglu.com";"Китай"
"https://catalog.mining-ctt.ru/companies/company/149158-yuhuan-jinaofeng-machinery-co-ltd.html";"Yuhuan Jinaofeng Machinery Co., Ltd";"http://www.cnjaf.com";"0086-576-87506800";"jaf1855@cnjaf.com";"Китай"
"https://catalog.mining-ctt.ru/companies/company/149821-yuhuan-jinhua-machinery-co-ltd.html";"YUHUAN JINHUA MACHINERY CO., LTD.";"http://www.yhjinhua.com";"7826792056";"sales@yhjinhua.com";"Китай"
"https://catalog.mining-ctt.ru/companies/company/149935-yutian-hengtong-spring-shock-absorber-co-ltd.html";"YUTIAN HENGTONG SPRING SHOCK ABSORBER CO.,LTD";"http://www.thtth.cn";"+86-315-6106835";"htzsw@thtth.cn";"Китай"
"https://catalog.mining-ctt.ru/companies/company/147853-yuyao-sanheng-hydraulic-pipe-fitting-co-ltd.html";"Yuyao Sanheng Hydraulic Pipe Fitting Co., Ltd";"https://www.sanhenghydraulic.com";"86-13957464646";"kxf@yuyaosanheng.com";"Китай"
"https://catalog.mining-ctt.ru/companies/company/149944-yuyao-yide-fluid-power-co-ltd.html";"YUYAO YIDE FLUID POWER CO.,LTD.";"http://www.ydfluid.com";"+86 574 6260 2932";"yide@ydfluid.com";"Китай"
"https://catalog.mining-ctt.ru/companies/company/149392-zaozhuang-gushan-rubber-co-ltd.html";"ZAOZHUANG GUSHAN RUBBER CO.,LTD";"http://www.gushanxiangjiao.com";"0632-3713977";"zzhjxzz@163.com";"Китай"
"https://catalog.mining-ctt.ru/companies/company/147847-zhejiang-a-star-cooling-systems-co-ltd.html";"Zhejiang A-Star Cooling Systems Co.,Ltd";"http://www.astarcooling.com";"";"zhifan.wang@dsgroup.cc";"Китай"
"https://catalog.mining-ctt.ru/companies/company/147670-zhejiang-acme-precision-manufacture-co-ltd.html";"Zhejiang ACME Precision Manufacture Co., Ltd";"http://www.acmebearing.ru";"8367377795";"dcacme@acmekent.com";"Китай"
"https://catalog.mining-ctt.ru/companies/company/150007-zhejiang-chuangli-automotive-air-conditioner-co-ltd.html";"ZHEJIANG CHUANGLI AUTOMOTIVE AIR CONDITIONER CO,.LTD";"http://www.zjclkt.com";"+86-578 7218773";"sales@zjclkt.com";"Китай"
"https://catalog.mining-ctt.ru/companies/company/148960-zhejiang-deqing-huayang-technology-co-ltd.html";"ZHEJIANG DEQING HUAYANG TECHNOLOGY CO.,LTD";"https://www.hytowercrane.com";"86-572-8088988";"huayang@hytowercrane.com";"Китай"
"https://catalog.mining-ctt.ru/companies/company/148987-zhejiang-donghao-heavy-industry-technology-co-ltd.html";"ZHEJIANG DONGHAO HEAVY INDUSTRY TECHNOLOGY CO.. LTD";"http://donghao-bit.com";"735631888";"will@donghao-bit.com";"Китай"
"https://catalog.mining-ctt.ru/companies/company/149953-zhejiang-fonho-automotive-co-ltd.html";"ZHEJIANG FONHO AUTOMOTIVE CO., LTD";"http://www.fonho.com";"+86-576 87607777";"info@fonho.com";"Китай"
"https://catalog.mining-ctt.ru/companies/company/147781-zhejiang-gaoyu-hydraulic-electromechanical-co-ltd.html";"Zhejiang Gaoyu Hydraulic Electromechanical Co., Ltd.";"http://www.zjgaoyu.com";"86-576-89397878";"info@zjgaoyu.com";"Китай"
"https://catalog.mining-ctt.ru/companies/company/147832-zhejiang-groupstar-automotive-lamp-co-ltd.html";"Zhejiang Groupstar Automotive Lamp Co.,Ltd";"http://www.led-auto-lamps.com";"86-574-62499389";"hillton@cngroupstar.com";"Китай"
"https://catalog.mining-ctt.ru/companies/company/149020-zhejiang-haiwei-packaging-co-ltd.html";"Zhejiang Haiwei Packaging Co., Ltd.";"http://cn.hwpackagingltd";"+86 15967135158";"hw_pack@163.com";"Китай"
"https://catalog.mining-ctt.ru/companies/company/149830-zhejiang-headman-filtration-technology-co-ltd.html";"Zhejiang Headman Filtration Technology Co., Ltd.";"http://www.headmamfilter.com";"+86-573-83287182";"lxh@headman.cc";"Китай"
"https://catalog.mining-ctt.ru/companies/company/147673-zhejiang-jiaxing-tuyue-imp-exp-co-ltd.html";"ZHEJIANG JIAXING TUYUE IMP?EXP CO., LTD";"https://www.tuyue-bearing.com";"86-573-82646333";"export@zjraise.cn";"Китай"
"https://catalog.mining-ctt.ru/companies/company/149176-zhejiang-lifeng-machinery-parts-co-ltd.html";"Zhejiang Lifeng Machinery Parts Co.,Ltd";"https://www.lefong.com";"7357807405";"sales3@lefongfilter.com";"Китай"
"https://catalog.mining-ctt.ru/companies/company/147835-zhejiang-linrui-auto-electric-appliance-co-ltd.html";"Zhejiang Linrui Auto Electric Appliance Co., Ltd";"http://www.wzlinrui.com";"7357751598";"tina@wzlinrui.com";"Китай"
"https://catalog.mining-ctt.ru/companies/company/147088-zhejiang-microlift-co-ltd.html";"Zhejiang Microlift Co., Ltd";"http://www.microlift.cn";"0571-28860630";"export@microlift.cn";"Китай"
"https://catalog.mining-ctt.ru/companies/company/149815-zhejiang-mocar-filtration-technology-co-ltd.html";"ZHEJIANG MOCAR FILTRATION TECHNOLOGY CO.,LTD.";"http://www.mocar-filter.com";"7-13758407125";"info@chinagreenfil.com";"Китай"
"https://catalog.mining-ctt.ru/companies/company/147778-zhejiang-nowvow-mechanical-and-electrical-corp-ltd.html";"Zhejiang Nowvow Mechanical and Electrical Corp.,Ltd";"http://www.novawinch.com";"86-579-82262697";"zhanglt@nowvow.net";"Китай"
"https://catalog.mining-ctt.ru/companies/company/149776-zhejiang-santian-oil-filter-co-ltd.html";"ZHEJIANG SANTIAN OIL FILTER CO.,LTD.";"http://www.santianfilter.net";"0578-7218488";"admin@santianfilter.net";"Китай"
"https://catalog.mining-ctt.ru/companies/company/147730-zhejiang-senstren-technology-co-ltd.html";"Zhejiang Senstren Technology Co.,Ltd";"http://www.senstren.com";"86-575-88593644";"global@senstren.com";"Китай"
"https://catalog.mining-ctt.ru/companies/company/149071-zhejiang-topwe-tools-manufacturing-co-ltd.html";"Zhejiang Topwe Tools Manufacturing Co.,Ltd";"http://WWW.TOPWETOOLS.COM";"0086-579-87236972";"ben@topwetools.com";"Китай"
"https://catalog.mining-ctt.ru/companies/company/149302-zhejiang-weidun-machinery-technology-co-ltd.html";"ZHEJIANG WEIDUN MACHINERY TECHNOLOGY CO.,LTD";"https://www.weidunsci-tech.com";"86-0575-82720916";"leela_ye@chinaweidun.com";"Китай"
"https://catalog.mining-ctt.ru/companies/company/149833-zhejiang-yingdeer-sealing-parts-co-ltd.html";"ZHEJIANG YINGDEER SEALING PARTS CO., LTD";"https://www.indelsealing.com";"7-62690077";"sales001@indelseals.com";"Китай"
"https://catalog.mining-ctt.ru/companies/company/149767-zhejiang-zhenhang-industrial-group-co-ltd.html";"ZHEJIANG ZHENHANG INDUSTRIAL GROUP CO., LTD";"http://www.zhenhangfilter.com";"+86-578-2976888";"sale06@greenfilter.cn";"Китай"
"https://catalog.mining-ctt.ru/companies/company/149878-zhejiang-zhuoneng-machinery-manufacturing-co-ltd.html";"ZHEJIANG ZHUONENG MACHINERY MANUFACTURING CO., LTD.";"http://www.zjzhuon.com";"8205784490";"mushuang@zjzhuon.com";"Китай"
"https://catalog.mining-ctt.ru/companies/company/149107-zhengzhou-corin-machinery-co-ltd.html";"ZHENGZHOU CORIN MACHINERY CO., LTD.";"http://www.corinmac.com";"86-371-86227375";"corin@corinmac.com";"Китай"
"https://catalog.mining-ctt.ru/companies/company/149368-zhengzhou-sinoma-engineering-technology-co-ltd.html";"Zhengzhou Sinoma Engineering Technology Co., Ltd";"http://ww.zzzcgroup";"86-371-61171998";"sales@zzzcgroup.com";"Китай"
"https://catalog.mining-ctt.ru/companies/company/149371-zhengzhou-windbell-machinery-co-ltd.html";"Zhengzhou Windbell Machinery Co.,Ltd";"http://www.wbcompressor.net";"0086-371-55638315";"info@wbcompressor.net";"Китай"
"https://catalog.mining-ctt.ru/companies/company/149365-zhengzhou-zhongcheng-lubrication-technology-co-ltd.html";"Zhengzhou Zhongcheng Lubrication Technology Co.,Ltd";"https://www.zclube.com";"400-8567-507/86-155 3818 5372";"zcsales@zclube.com";"Китай"
"https://catalog.mining-ctt.ru/companies/company/147544-zhihe-transmission-equipment-shandong-co-ltd.html";"Zhihe Transmission Equipment(Shandong) Co.,Ltd";"https://ru.tazhjx";"86 133-8538-5900";"zhuzw@tazhjx.com";"Китай"
"https://catalog.mining-ctt.ru/companies/company/149698-zhonggou-heilongjiang-investment-development-group-co-ltd.html";"ZhongGou(Heilongjiang) Investment Development Group Co., Ltd.";"http://www.chbay.net";"0086-82292577";"zhaowenliang@qb-lt.com";"Китай"
"https://catalog.mining-ctt.ru/companies/company/147676-zhuji-huihuang-hardware-co-ltd.html";"ZHUJI HUIHUANG HARDWARE CO.,LTD";"http://WWW.ZJHUIHUANG.COM";"86-0575-87865123";"admin@zjcongfa.com";"Китай"
"https://catalog.mining-ctt.ru/companies/company/147745-zhuji-sanma-machinery-co-ltd.html";"Zhuji Sanma Machinery Co.,ltd";"http://www.zjchuanteng.com";"0086 15336753598";"peggyfangfang@gmail.com";"Китай"
"https://catalog.mining-ctt.ru/companies/company/149449-zhumadian-dali-tianjun-special-vehicle-manufacturing-co-ltd.html";"Zhumadian Dali Tianjun Special Vehicle Manufacturing Co., Ltd.";"http://www.zmdtjcl.com";"+86?0396?3600555";"zack.ge@zmdtjcl.com";"Китай"
"https://catalog.mining-ctt.ru/companies/company/149146-zhuzhou-cemented-carbide-group-corp-ltd.html";"ZHUZHOU CEMENTED CARBIDE GROUP CORP. LTD.";"https://www.chinacarbide.com/ZCCC.html";"731-28261442";"zccc@chinacarbide.com";"Китай"
"https://catalog.mining-ctt.ru/companies/company/147337-zi-m-m-hendi-sli-k-tasarim-maki-ne-i-malat-i-n-aat-di-ti-caret-ltd-ti.html";"Z?M M?HEND?SL?K TASARIM MAK?NE ?MALAT ?N?AAT DI? T?CARET LTD. ?T?.";"http://www.zim.com";"+90 312 395 1310";"zim@zim.com.tr";"Турция"
"https://catalog.mining-ctt.ru/companies/company/149989-zmte-group.html";"ZMTE GROUP";"http://www.zmter.com";"+86-10-85999984";"info@zmter.com";"Китай"
"https://catalog.mining-ctt.ru/companies/company/39207-zumlion-khevi-industri-rus-ooo.html";"ZOOMLION";"https://zoomlion.ru";"8 (800) 511-50-75";"info-rus@zoomlion.com";"Россия"
"https://catalog.mining-ctt.ru/companies/company/78144-linkor-ooo.html";"ZVENO";"http://Zveno.ru";"+79025011205";"peo@zveno.ru";"Россия"
"https://catalog.mining-ctt.ru/companies/company/146059-kistoun-avto.html";"«Кистоун Авто»";"https://altaitrucks.ru";"8 (800) 777-75-86";"docs@altaitrucks.ru";"Россия"
"https://catalog.mining-ctt.ru/companies/company/110972-npp-kontaktmodul-ooo.html";"«НПП «Контактмодуль» ООО";"http://nppcontact.by";"+375173992261";"mail@nppcontact.by";"Беларусь"
"https://catalog.mining-ctt.ru/companies/company/119784-avg-eksl-ooo.html";"АВГ Автокомпоненты, ООО";"http://www.avgaxle.ru";"+79823111587";"ptashkoaa@avgaxle.ru";"Россия"
"https://catalog.mining-ctt.ru/companies/company/147079-avgidravlik.html";"АВГИДРАВЛИК";"http://av-hydraulic.com";"+79900220542";"avh.zavod@mail.ru";"Россия"
"https://catalog.mining-ctt.ru/companies/company/146863-avtobaki-ooo.html";"Автобаки ООО";"";"";"";"Россия"
"https://catalog.mining-ctt.ru/companies/company/146866-avtobaki-ooo.html";"АвтоБаки ООО";"https://avto-baki.ru";"8 (800) 333-20-69";"sales@avto-baki.ru";"Россия"
"https://catalog.mining-ctt.ru/companies/company/110828-avtodetal-m-ooo.html";"АВТОДЕТАЛЬ-М";"https://avtodetal.net";"8 (800) 505-40-61";"info@autodetal.net";"Россия"
"https://catalog.mining-ctt.ru/companies/company/119766-avtodizel-yamz-pao.html";"АВТОДИЗЕЛЬ (ЯМЗ) ПАО";"http://www.ymzmotor.ru";"+7 (4852) 58-81-20";"motor_ymz@ymzmotor.ru";"Россия"
"https://catalog.mining-ctt.ru/companies/company/77556-avtodizelpart-ooo.html";"АвтоДизельПарт, ООО";"https://autodieselpart.ru";"+7-916-601-28-88";"partner@autodieselpart.ru";"Россия"
"https://catalog.mining-ctt.ru/companies/company/150031-avtozapchast-ooo-autopart-llc-yanshi.html";"АВТОЗАПЧАСТЬ ООО (AUTOPART LLC (YANSHI)";"http://yanshi.shop";"+74957689835";"yanshi@avtzp.ru";"Россия"
"https://catalog.mining-ctt.ru/companies/company/77061-chajka-nn-ooo.html";"Автомобильный Завод ""Чайка-Сервис """;"https://www.chaika-service.ru";"+7 800-700-22-09";"info@chaika-service.ru";"Россия"
"https://catalog.mining-ctt.ru/companies/company/146170-avtoparts.html";"АВТОПАРТС";"";"";"";"Россия"
"https://catalog.mining-ctt.ru/companies/company/146023-avtopriyut-ooo.html";"АВТОПРИЮТ ООО";"https://autopriyut.ru";"8-800-550-19-13";"info@autopriyut.ru";"Россия"
"https://catalog.mining-ctt.ru/companies/company/147397-td-komavto.html";"АВТОТОР";"http://www.avtotor.ru";"";"fleet@avtotor.ru";"Россия"
"https://catalog.mining-ctt.ru/companies/company/110735-agromast-ooo.html";"АГРОМАСТ";"http://www.agromast.ru";"8 800 234 91 19";"online@agromast.ru";"Россия"
"https://catalog.mining-ctt.ru/companies/company/146032-aeolus-tajr-rus-ooo.html";"АЕОЛУС ТАЙР РУС ООО";"";"";"";"Россия"
"https://catalog.mining-ctt.ru/companies/company/77022-td-az-ural-ooo.html";"АЗ УРАЛ, АО";"http://uralaz.ru";"8(3513)55-37-00";"SecrUral@uralaz.ru";"Россия"
"https://catalog.mining-ctt.ru/companies/company/149719-ajkastoms-logistiks.html";"АйКастомс";"https://icustoms.ru";"8 800 551-51-47";"info@icustoms.ru";"Россия"
"https://catalog.mining-ctt.ru/companies/company/147091-kheli-evraziya.html";"АЙПИЭМ";"https://ipm-ru.ru";"+74994604560";"sales@ipm-ru.ru";"Россия"
"https://catalog.mining-ctt.ru/companies/company/150238-akvatekhnologii.html";"АКВАТЕХНОЛОГИИ";"";"";"";""
"https://catalog.mining-ctt.ru/companies/company/110783-akkurajd-uilz-russia-ooo.html";"АККУРАЙД УИЛЗ РУССИА ООО";"http://www.accuridecorp.ru";"+79600493986";"info@accuridecorp.ru";"Россия"
"https://catalog.mining-ctt.ru/companies/company/146152-aktio-rus-ooo.html";"АКТИО РУС ООО";"https://sunward-actio.ru";"+7 495 54 500 54";"sunward@actio.ru";"Россия"
"https://catalog.mining-ctt.ru/companies/company/147412-aktio-rus-ooo.html";"АКТИО РУС ООО";"https://kanat-actio.ru";"+7 495 54 500 54";"info@kanat-actio.ru";"Россия"
"https://catalog.mining-ctt.ru/companies/company/81643-altajburmash.html";"АлтайБурМаш, ООО";"https://www.abm22.ru";"+7-800-201-26-19";"altbm22@mail.ru";"Россия"
"https://catalog.mining-ctt.ru/companies/company/111065-albrekhta-ooo.html";"АЛЬБРЕХТА ООО";"https://albrehta.net";"+74955544178";"office@albrehta.net";"Россия"
"https://catalog.mining-ctt.ru/companies/company/110756-alfa-avto-ooo.html";"АЛЬФА АВТО";"https://alfaavto-com.ru";"+79293802284";"pr.alfaavto@gmail.com";"Россия"
"https://catalog.mining-ctt.ru/companies/company/77865-am-rus-ooo.html";"АМ РУС, ООО";"http://www.umrus.ru";"+79196825150";"aidarbox@mail.ru";"Россия"
"https://catalog.mining-ctt.ru/companies/company/146167-amkodor-elastomer.html";"Амкодор-Эластомер";"https://elastomer.by";"+375171621600";"info@elastomer.by";"Беларусь"
"https://catalog.mining-ctt.ru/companies/company/78330-sinosan-grupp-ooo.html";"АММА Констракшн Машинери (""Барк Инжиниринг"", ООО)";"https://barkeng.ru";"+7 (3952) 48-48-12";"info@barkeng.ru";"Россия"
"https://catalog.mining-ctt.ru/companies/company/146020-amt-n-v.html";"АМТ Н.В.";"http://www.amt-nv.ru";"+78002003147";"info@amt-nv.ru";"Россия"
"https://catalog.mining-ctt.ru/companies/company/77868-antares-nt-ooo.html";"АНТАРЕС-НТ";"https://antares-nt.ru";"+7 (800) 550-56-51";"ant@antares-nt.com";"Россия"
"https://catalog.mining-ctt.ru/companies/company/146128-kemz-ao.html";"АО ""КЭМЗ""";"https://anttech.ru";"";"sales@kemz.org";"Россия"
"https://catalog.mining-ctt.ru/companies/company/146482-grit-ooo.html";"АО «СовПлим»";"http://sovplym.ru";"+78123350033";"info@sovplym.ru";"Россия"
"https://catalog.mining-ctt.ru/companies/company/113030-beretta-konkrit-tekhnolodzhi.html";"АО «Ярстройтехника»";"https://yarst.ru";"8 (800) 234-91-54";"info@yarst.ru";"Россия"
"https://catalog.mining-ctt.ru/companies/company/150535-ao-sberbank-lizing.html";"АО Сбербанк Лизинг";"";"";"";""
"https://catalog.mining-ctt.ru/companies/company/77874-arkaim-ooo.html";"АРКАИМ, ООО";"http://arkaimspb.ru";"+78126144424";"mail@arkaimspb.ru";"Россия"
"https://catalog.mining-ctt.ru/companies/company/77877-arlift-interneshnl-ooo.html";"АРЛИФТ";"http://www.arlift.ru";"88005551928";"info@arlift.ru";"Россия"
"https://catalog.mining-ctt.ru/companies/company/146041-arsiej-ooo.html";"АРСИЭЙ ООО";"";"";"";"Россия"
"https://catalog.mining-ctt.ru/companies/company/147892-rosma.html";"Ассоциация СРО ""РОСМА""";"https://nprosma.ru";"+79167820648";"nprosma@yandex.ru";"Россия"
"https://catalog.mining-ctt.ru/companies/company/146164-atlant-trejlers-ooo.html";"АТЛАНТ ТРЕЙЛЕРС ООО";"https://atlant-trailers.ru";"+7 914 703-09-04";"info@atlant-vostok.ru";"Россия"
"https://catalog.mining-ctt.ru/companies/company/77889-atm-ooo.html";"АТМ";"http://www.voltag.ru";"+7(495)660-22-00";"st@voltag.ru";"Россия"
"https://catalog.mining-ctt.ru/companies/company/151912-ates.html";"АТЭС";"";"";"";"Россия"
"https://catalog.mining-ctt.ru/companies/company/150196-nazarov-p-a-ip-b-b-trejler.html";"Б.Б. Трейлер (Назаров П.А ИП)";"http://bbtreiler.ru";"89262961337";"bbtreiler@yandex.ru";"Россия"
"https://catalog.mining-ctt.ru/companies/company/80379-bajkal-servis-tk-ooo.html";"БАЙКАЛ СЕРВИС ТК, ООО";"https://www.baikalsr.ru";"+7 (495) 995-08-09";"info@baikalsr.ru";"Россия"
"https://catalog.mining-ctt.ru/companies/company/77901-baumekh-ooo.html";"БАУМЕХ, ООО";"https://baumech.ru";"+78002226909";"info@baumech.ru";"Россия"
"https://catalog.mining-ctt.ru/companies/company/110321-bg-tuls-msi-ooo.html";"БГ-ТУЛС-МСИ ООО";"https://bg-tools.ru";"+74955171738";"bur@bg-tools.ru";"Россия"
"https://catalog.mining-ctt.ru/companies/company/147343-belpromimpeks.html";"Белпромимпэкс";"https://bpi-hydro.by";"+375(29)123-85-77";"guz@bpi.by";"Беларусь"
"https://catalog.mining-ctt.ru/companies/company/77907-bergbau-indastrial-grupp-ooo.html";"БЕРГБАУ ИНДАСТРИАЛ ГРУПП";"https://berggroup.com";"+7(499) 397-72-30";"info@berggroup.ru";"Россия"
"https://catalog.mining-ctt.ru/companies/company/146215-apa-ooo.html";"БЕТОНГЛАВМАШ (ООО «Азиатский Промышленный Альянс»)";"http://www.betonglavmash.ru";"79143519999";"betonglavmash@mail.ru";"Россия"
"https://catalog.mining-ctt.ru/companies/company/79635-mixon-srl.html";"Бетонмаш";"https://betonmash.ru";"+74957965410";"office@betonmash.ru";"Россия"
"https://catalog.mining-ctt.ru/companies/company/146065-bik-inform-ooo.html";"БИК-ИНФОРМ ООО";"https://progmatic-cctv.ru";"+78124479555";"info@progmatic-cctv.ru";"Россия"
"https://catalog.mining-ctt.ru/companies/company/146236-bl-servis-ooo.html";"БЛ СЕРВИС ООО";"http://bl-service.ru";"8 800 700-96-07";"info@bl-service.ru";"Россия"
"https://catalog.mining-ctt.ru/companies/company/110729-td-blik-ooo.html";"БЛИК ООО";"http://blikchelny.ru";"+78552445544";"Blikchelny@mail.ru";"Россия"
"https://catalog.mining-ctt.ru/companies/company/147094-blek-inzhiniring.html";"БЛЭК ИНЖИНИРИНГ";"http://www.red-bug.ru";"88002221045";"info@redenco.ru";"Россия"
"https://catalog.mining-ctt.ru/companies/company/77916-blyumak-ooo.html";"БЛЮМАК";"https://www.blumaq.com/rus/about";"+7 921 931-36-48";"elizaveta.kondakova@blumaq.com";"Россия"
"https://catalog.mining-ctt.ru/companies/company/76893-bonum-ooo.html";"БОНУМ";"https://www.bonum-trailer.ru";"8 (863) 310-01-22";"content@bonum-trailer.ru";"Россия"
"https://catalog.mining-ctt.ru/companies/company/76896-bpv-ost-ooo.html";"БПВ-ОСТ";"http://www.bpw-ost.ru";"+7 495 77 161 77";"info@bpw-ost.ru";"Россия"
"https://catalog.mining-ctt.ru/companies/company/151939-avtostil-ooo-bus-motors-group.html";"БУС МОТОРС";"http://WWW.BUSMOTORS.RU";"8(925)767-88-00";"busmotors@bk.ru";"Россия"
"https://catalog.mining-ctt.ru/companies/company/146323-varsopromtorg-ooo.html";"ВАРСОПРОМТОРГ ООО";"http://www.bapco.ru";"+79017157991";"sp@bapco.ru";"Россия"
"https://catalog.mining-ctt.ru/companies/company/146161-vega-ooo.html";"ВЕГА ООО";"";"";"";"Россия"
"https://catalog.mining-ctt.ru/companies/company/147073-vezdekhody-burlak-ooo.html";"ВЕЗДЕХОДЫ БУРЛАК ООО";"https://burlakoffroad.com/ru";"+7 (3522) 200-555";"sales@burlakoffroad.ru";"Россия"
"https://catalog.mining-ctt.ru/companies/company/77928-verkon-tekhnika-ooo.html";"ВЕРКОН-техника, ООО";"https://verkon.tech";"+7 (495) 023-19-99";"alexkor78@yandex.ru";"Россия"
"https://catalog.mining-ctt.ru/companies/company/112493-vkt-ooo.html";"ВКТ ООО";"https://vikingkran.ru";"8 (800) 550-05-22";"info@vikingkran.ru";"Россия"
"https://catalog.mining-ctt.ru/companies/company/146788-trojka-ooo.html";"ВолгаАвтоПром";"https://www.metalloobrabotka63.ru";"+79272020520";"olga_29081983@mail.ru";"Россия"
"https://catalog.mining-ctt.ru/companies/company/147511-vomz-steelbear-oao.html";"ВОМЗ (STEELBEAR) АО";"https://steelbear.ru";"79211141958";"reklama_pt@steelbear.ru";"Россия"
"https://catalog.mining-ctt.ru/companies/company/110993-vpk-robototekhnika-ooo.html";"ВПК РОБОТОТЕХНИКА ООО";"https://gk-vpk.ru";"8 (495) 225-52-74";"sale@gk-vpk.ru";"Россия"
"https://catalog.mining-ctt.ru/companies/company/77097-vrti-ooo.html";"ВРТИ";"https://weichairus.ru";"+74997032265";"secretary@weichairus.ru";"Россия"
"https://catalog.mining-ctt.ru/companies/company/146779-velmo-ooo.html";"ВЭЛМО РУС ООО";"https://valmo-rus.ru";"8 800 777 54 29";"sp@valmo.trade";"Россия"
"https://catalog.mining-ctt.ru/companies/company/112496-gakz-ao.html";"Галичский автокрановый завод - Галичанин";"http://www.gakz.ru";"89108058228";"salegakz@yandex.ru";"Россия"
"https://catalog.mining-ctt.ru/companies/company/147082-geomash-ao.html";"Геомаш АО";"http://www.geomash.ru";"+79031348590";"marketing@geomash.ru";"Россия"
"https://catalog.mining-ctt.ru/companies/company/110360-geostrojizyskaniya-ooo.html";"ГЕОСТРОЙИЗЫСКАНИЯ ООО";"https://www.gsi.ru";"+7 (495) 921-22-08";"zao@gsi.ru";"Россия"
"https://catalog.mining-ctt.ru/companies/company/114702-geostronis-ooo.html";"ГЕОСТРОНИС ООО";"https://geostronis.ru";"8-800-250-6677";"info@geostronis.ru";"Россия"
"https://catalog.mining-ctt.ru/companies/company/147871-gesem.html";"ГЕСЕМ";"https://www.gesem.ru";"+7(495)374-82-64";"info@gesem.ru";"Россия"
"https://catalog.mining-ctt.ru/companies/company/146035-gidravlika-mekhservis.html";"Гидравлика МехСервис";"https://gidravlika-ms.ru";"+74951086288";"info@gidravlika-ms.ru";"Россия"
"https://catalog.mining-ctt.ru/companies/company/146884-gidrosistema-ip-makarchuk-v-a.html";"ГИДРО-СИСТЕМА";"http://gidro-sistema.ru";"+79092755557";"mva@gidro-sistema.ru";"Россия"
"https://catalog.mining-ctt.ru/companies/company/86222-gidromash-im-v-i-luzyanina.html";"ГИДРОМАШ ИМ. В.И. ЛУЗЯНИНА";"https://www.hydromash.ru";"+7 (831) 439-24-17";"exp-mk@hydromash.ru";"Россия"
"https://catalog.mining-ctt.ru/companies/company/80430-gidromotors-ooo.html";"ГИДРОМОТОРС, ООО";"http://www.gidro-motors.ru";"+78124006969";"info@gidromotors.spb.ru";"Россия"
"https://catalog.mining-ctt.ru/companies/company/111212-gidront-ooo.html";"ГИДРОНТ ООО";"https://www.hydront.ru";"+7 (343) 222-00-21";"info@hydront.ru";"Россия"
"https://catalog.mining-ctt.ru/companies/company/77484-gidroremservis-td-ooo.html";"ГИДРОРЕМСЕРВИС ТД, ООО";"https://grs-zavod.ru";"8 (800) 444-02-24";"info@grs-zavod.ru";"Россия"
"https://catalog.mining-ctt.ru/companies/company/146230-so-eksponent-gidrosklada-xintai.html";"ГИДРОСКЛАД + XINTAI";"https";"+74952450044";"info@hydrosklad.com";"Россия"
"https://catalog.mining-ctt.ru/companies/company/77961-gidrotekh-grupp-ooo.html";"ГИДРОТЕХ ГРУПП, ООО";"http://gidrotekh.com";"+7 (499) 341-73-72";"info@gidrotekh.com";"Россия"
"https://catalog.mining-ctt.ru/companies/company/149710-gidrotekhmash-ooo-pkf.html";"ГИДРОТЕХМАШ ПКФ ООО";"https://gidro-tm.ru";"+7(343) 304-64-70";"gidro-tm@mail.ru";"Россия"
"https://catalog.mining-ctt.ru/companies/company/77964-gidrofob-ooo.html";"ГИДРОФОБ, ООО";"https://zavodgnb.ru";"+7 8005001541";"info@zavodgnb.ru";"Россия"
"https://catalog.mining-ctt.ru/companies/company/77967-gidroel-inzhiniring-ooo.html";"ГидроЭл Инжиниринг";"https://hydroel-shop.ru";"+7(495)374-88-74";"info@hydroel.com";"Россия"
"https://catalog.mining-ctt.ru/companies/company/110327-baztyub.html";"ГК ""БАЗ""";"https://baz.by";"+375 (44) 762-84-28";"bazdormash@yandex.ru";"Беларусь"
"https://catalog.mining-ctt.ru/companies/company/111119-npp-kvalitet-ooo.html";"ГК ""КВАЛИТЕТ""";"http://wwww.npp";"8-800-100-11-88";"info@npp-qualitet.ru";"Россия"
"https://catalog.mining-ctt.ru/companies/company/78138-larssen-servis-ooo.html";"ГК ""ЛАРССЕН ГРУПП""";"http://www.larssengroup.ru";"+79852877070";"paa.larssen@mail.ru";"Россия"
"https://catalog.mining-ctt.ru/companies/company/150184-avtomakon.html";"ГК АВТОМАКОН";"https://robot.automacon";"+7 (495) 664-23-93";"its@automacon.ru";"Россия"
"https://catalog.mining-ctt.ru/companies/company/146878-rostar-npo-ooo.html";"ГК Ростар";"https://www.rostar.biz";"8 800 200-29-19";"rostar@rmsh.ru";"Россия"
"https://catalog.mining-ctt.ru/companies/company/146221-gk-sdm-ooo.html";"ГК СДМ ООО";"";"";"";"Россия"
"https://catalog.mining-ctt.ru/companies/company/146044-glejsko-ooo.html";"ГЛЭЙСКО ООО";"https://glaceco.ru";"+7 (831) 275-83-13";"info@glaceco.ru";"Россия"
"https://catalog.mining-ctt.ru/companies/company/147070-gornaya-promyshlennost.html";"Горная промышленность";"https://mining-media.ru";"+7 (499) 237-03-11";"info@mining-media.ru";"Россия"
"https://catalog.mining-ctt.ru/companies/company/111089-gpfk-ao.html";"Горнопромышленная финансовая компания";"https://gpfk.ru";"88007771560";"info@gpfk.ru";"Россия"
"https://catalog.mining-ctt.ru/companies/company/146053-az-naz-ooo.html";"Горьковский автозавод";"https://nizhautoplant.ru";"+78312809300";"stt-client@stt.ru";"Россия"
"https://catalog.mining-ctt.ru/companies/company/146026-gpb-komplekt-ao.html";"ГПБ КОМПЛЕКТ АО";"";"";"";"Россия"
"https://catalog.mining-ctt.ru/companies/company/110990-gruppa-nanotekh-ojl-ooo.html";"ГРУППА НАНОТЕХ-ОЙЛ ООО";"http://www.group-nanotech.ru";"+79031257203";"konstantin.kopylov@group-nanotech.ru";"Россия"
"https://catalog.mining-ctt.ru/companies/company/77985-gst-npo-ooo.html";"ГСТ НПО, ООО";"https://gst-system.ru";"+78002506240";"";"Россия"
"https://catalog.mining-ctt.ru/companies/company/110837-gud-king-ru-ooo.html";"ГУДКИНГ РУСЬ ООО";"https://goodkingtools.ru";"+79164582442";"elena.dushina@goodking.ru";"Россия"
"https://catalog.mining-ctt.ru/companies/company/77994-dvi-evrotekh-ooo.html";"ДВИ ЕВРОТЕХ";"http://www.dvieurotech.com";"+7 (926) 062-38-30";"info@dvieurotech.com";"Россия"
"https://catalog.mining-ctt.ru/companies/company/147424-kvs-media.html";"ДВИЖОК";"https://dvizhok.su";"+7(812)448-57-87";"dvigokmagazin@mail.ru";"Россия"
"https://catalog.mining-ctt.ru/companies/company/78000-ddv-ooo.html";"ДДВ, ООО";"https://dwtxs.ru";"+74953573327";"sales@dwtxs.ru";"Россия"
"https://catalog.mining-ctt.ru/companies/company/146239-detalink.html";"ДЕТАЛИНК";"http://detalink.ru";"+74959375544";"sales@detalink.ru";"Россия"
"https://catalog.mining-ctt.ru/companies/company/147067-dzhak-avtomobil-ooo.html";"ДЖАК АВТОМОБИЛЬ ООО";"https://jaccar.ru";"8 800 511 56 19";"marketing@jacrus.ru";"Россия"
"https://catalog.mining-ctt.ru/companies/company/146770-larssen-servis-ooo.html";"Джи Пи Вибро";"http://www.gpvibro.ru";"+7 499 755-71-61";"gpvibro@yandex.ru";"Россия"
"https://catalog.mining-ctt.ru/companies/company/111149-dzhi-en-vi-ojl-grupp-ooo.html";"ДЖИ ЭН ВИ ОЙЛ ГРУПП";"https://gnvoil.ru";"";"info@gnvoil.ru";"Россия"
"https://catalog.mining-ctt.ru/companies/company/146320-di-aj-vaj-tulz.html";"ДИ АЙ ВАЙ ТУЛЗ";"https://ragetools.ru";"+7 (812) 448-78-57";"sales@viratools.ru";"Россия"
"https://catalog.mining-ctt.ru/companies/company/146752-dis-grupp.html";"ДИС ГРУПП";"https://deesfilters.ru";"+7 (3843) 204-904";"info@deesgroup.ru";"Россия"
"https://catalog.mining-ctt.ru/companies/company/150217-dkm-servis-ooo.html";"ДКМ Сервис ООО";"https://yandex.ru";"+79062469344";"komiagin@yandex.ru";"Россия"
"https://catalog.mining-ctt.ru/companies/company/110366-dokart-profi-ooo.html";"ДОКАРТ ПРОФИ ООО";"https://dokartprofi.ru";"8 800 700-19-60";"edl@dokartspb.ru";"Россия"
"https://catalog.mining-ctt.ru/companies/company/80280-doring-ooo.html";"ДОРИНГ, ООО";"https://doring.ru";"+7 (495) 788-92-97";"info@doring.ru";"Россия"
"https://catalog.mining-ctt.ru/companies/company/78024-zavod-dorozhnykh-mashin-ooo.html";"ДОРМАШИНА";"https://dormashina.ru";"8-800-333-91-95";"dm@dormashina.ru";"Россия"
"https://catalog.mining-ctt.ru/companies/company/110960-dorelektromash.html";"ДОРЭЛЕКТРОМАШ";"https://beldem.ru";"+375 (1776) 3 62 01/02/03";"beldem@beldem.ru";"Беларусь"
"https://catalog.mining-ctt.ru/companies/company/110957-dst-desna-ooo.html";"ДСТ ДЕСНА ООО";"https://td-desna.com";"8 800 600 99 77";"info@td-desna.com";"Россия"
"https://catalog.mining-ctt.ru/companies/company/78495-ersiem-ooo.html";"ДСТ-УРАЛ, ООО";"http://tm10.ru";"+7 (800) 500-61-45";"info@tm10.ru";"Россия"
"https://catalog.mining-ctt.ru/companies/company/113840-duet-gidravlik-ooo.html";"ДУЭТ ГИДРАВЛИК ООО";"http://www.duet-gidravlika.ru";"+7 903 827-88-88";"duet-gidravlika@yandex.ru";"Россия"
"https://catalog.mining-ctt.ru/companies/company/78015-demz-oao.html";"ДЭМЗ, ОАО";"http://demz.by";"+375445685605";"marketing@demz.by";"Беларусь"
"https://catalog.mining-ctt.ru/companies/company/93699-evrokara-plyus.html";"ЕВРОКАРА-ПЛЮС";"https://eurocaraplus.ru";"8 800 555 77 01";"info@eurocaraplus.ru";"Россия"
"https://catalog.mining-ctt.ru/companies/company/146017-evromash-ooo.html";"ЕВРОМАШ ООО";"http://ate.aero";"+375172213227";"info@ate.aero";"Беларусь"
"https://catalog.mining-ctt.ru/companies/company/110888-khamidulin-aleksandr-sergeevich.html";"ЕВРОЭЛЕМЕНТ";"http://www.euroelement.com";"+73843921333";"info@euroelement.com";"Россия"
"https://catalog.mining-ctt.ru/companies/company/147004-ao-izdatelstvo-dorogi.html";"Журнал ""Автомобильные дороги""";"https://www.avtodorogi-magazine.ru";"+79265571133";"katechaika@mail.ru";"Россия"
"https://catalog.mining-ctt.ru/companies/company/147019-zhurnal-osnovnye-sredstva-stt-gruzovik-press-kv-ak-sklad-i-tekhnika-log-ooo-ria-r-o-s-s-biznes.html";"Журнал Основные Средства";"http://os1.ru";"+74956385445";"info@rosb.ru";"Россия"
"https://catalog.mining-ctt.ru/companies/company/150028-za-rulem-ooo.html";"ЗА РУЛЕМ ООО";"https://www.zr.ru";"+7 495 7838941";"gorokhova@zr.ru";"Россия"
"https://catalog.mining-ctt.ru/companies/company/147115-avtotreker.html";"ЗАВГАР ОНЛАЙН";"https://zavgar.online/";"8 800 551 22 17";"help@zavgar.online";"Россия"
"https://catalog.mining-ctt.ru/companies/company/146962-ooo-zavod-vsesezonnykh-dorozhnykh-mashin.html";"Завод всесезонных дорожных машин, ООО";"https://zavodsa.ru";"8-800-550-7377";"sp.agregat@zavodsa.ru";"Россия"
"https://catalog.mining-ctt.ru/companies/company/111314-zavod-kdm-ooo.html";"Завод КДМ, ООО";"http://kdmsmolensk.ru";"812)27-02-42";"zavod@kdmsmolensk.ru";"Россия"
"https://catalog.mining-ctt.ru/companies/company/111203-rds-servis-ooo.html";"Завод СОЛОМАТИК";"https://solomatic.ru";"8 800 555 73 40";"sale@solomatic.ru";"Россия"
"https://catalog.mining-ctt.ru/companies/company/39516-ooo-khajvej-mashineri-zavod-tatmash.html";"Завод ТАТМАШ";"https://tatmash.ru";"+7 (843) 208-66-88";"info@tatmash.ru";"Россия"
"https://catalog.mining-ctt.ru/companies/company/146146-zavod-terrafrigo-ooo.html";"ЗАВОД ТЕРРАФРИГО ООО";"http://terrafrigo.ru";"+78002345188";"reviakina.o@terrafrigo.ru";"Россия"
"https://catalog.mining-ctt.ru/companies/company/121428-ooo-inel-displej.html";"Завод Технических Полимерных Изделий";"https://ztpi.ru";"+7(499) 350-22-00";"zakaz@ztpi.ru";"Россия"
"https://catalog.mining-ctt.ru/companies/company/78315-servis-parts-logistiks-ooo.html";"ЗАПЧАСТЬ.РФ";"https://zapchastrf.ru";"8 (800) 222-70-69";"info@zapchastrf.ru";"Россия"
"https://catalog.mining-ctt.ru/companies/company/146782-zdt-region-45-ooo.html";"ЗДТ РЕГИОН 45 ООО";"https://45-reg.ru";"+7 (3522) 449-000";"office@45-reg.ru";"Россия"
"https://catalog.mining-ctt.ru/companies/company/112508-zelenaya-mashina.html";"Зеленая машина";"https://greencarpro.com";"+74952214696";"info@greencarpro.com";"Россия"
"https://catalog.mining-ctt.ru/companies/company/147415-zenit-oao.html";"ЗЕНИТ ОАО";"http://zenit.by";"+375222738945";"zenit@zenit.by";"Беларусь"
"https://catalog.mining-ctt.ru/companies/company/114704-zzbo-ooo.html";"ЗЗБО";"https://zzbo.ru";"+7 (351) 200-36-68";"info@zzbo.ru";"Россия"
"https://catalog.mining-ctt.ru/companies/company/78039-ziptekh-servis-ooo.html";"ЗИПТЕХ-СЕРВИС ООО";"https://www.zipteh.ru";"+7 (495) 663-99-38";"zip12@zipteh.ru";"Россия"
"https://catalog.mining-ctt.ru/companies/company/78042-zkm-ooo.html";"ЗКМ, ООО";"https://zkmgidro.ru";"+7 (499) 769-21-30";"info@zkmgidro.ru";"Россия"
"https://catalog.mining-ctt.ru/companies/company/150046-zmt-ooo.html";"ЗМТ ООО";"https://zmtrus.ru";"8 800 222-59-35";"sale@atvrusak.ru";"Россия"
"https://catalog.mining-ctt.ru/companies/company/110852-zts-ooo.html";"ЗТС ООО";"https://zoomlion-dealer.ru";"+79219401447";"info@zts-spb.ru";"Россия"
"https://catalog.mining-ctt.ru/companies/company/78048-idp-ooo.html";"ИДП, ООО";"https://aossparts.ru";"+79857350404";"ceo.idp777@gmail.com";"Россия"
"https://catalog.mining-ctt.ru/companies/company/78057-its-ooo.html";"ИмпортТехСнаб";"https://importtehsnab.ru";"+78125953500";"sales@importtehsnab.ru";"Россия"
"https://catalog.mining-ctt.ru/companies/company/111047-ingri-ooo.html";"ИНГРИ";"https://www.ingri.ru";"";"";"Россия"
"https://catalog.mining-ctt.ru/companies/company/146074-inotekh.html";"ИНОТЕХ";"https://inotekh.com";"7 (917) 386-06-01";"info@inotekh.com";"Россия"
"https://catalog.mining-ctt.ru/companies/company/146326-raumart-plyus.html";"Интерком Лада";"https://intercom.vin";"";"";"Россия"
"https://catalog.mining-ctt.ru/companies/company/80394-intekhkranservis-ooo.html";"ИНТЕХСЕРВИС";"https://intexgk.ru";"8-800-222-98-33";"info@intexgk.ru";"Россия"
"https://catalog.mining-ctt.ru/companies/company/146719-ip-pronin-a-v.html";"ИП ПРОНИН А.В.";"";"";"";"Россия"
"https://catalog.mining-ctt.ru/companies/company/146029-ip-smirnov-ruslan-yurevich.html";"ИП Смирнов Руслан Юрьевич";"https://rugise.ru";"+79524841496";"rusgidroservis@bk.ru";"Россия"
"https://catalog.mining-ctt.ru/companies/company/112451-ist-avtozapchast-ooo.html";"ИСТ АВТОЗАПЧАСТЬ, ООО";"http";"+79057766997";"carruchi01@mail.ru";"Россия"
"https://catalog.mining-ctt.ru/companies/company/62688-istk.html";"ИСТК";"http://www.istk.ru";"8 800 200 46 16";"info@istk.ru";"Россия"
"https://catalog.mining-ctt.ru/companies/company/110474-kamaz-pao.html";"КАМАЗ ПАО";"http://www.kamaz.ru";"8-800-555-00-99";"callcentre@kamaz.org";"Россия"
"https://catalog.mining-ctt.ru/companies/company/112499-kamsparts-ooo.html";"КАМСПАРТС ООО";"https://spb.camsparts";"+7-812-915-56-41";"info@camsparts.ru";"Россия"
"https://catalog.mining-ctt.ru/companies/company/151192-kamss-ooo.html";"КАМСС ООО";"http://www.kamss.ru";"+7-3843-993-555";"info@kamss.net";"Россия"
"https://catalog.mining-ctt.ru/companies/company/78537-kanzhuntekhno-ooo.html";"КАНЖУНТЕХНО, ООО";"http://www.runding.ru";"+7 909 259-19-18";"runding99@yandex.ru";"Россия"
"https://catalog.mining-ctt.ru/companies/company/147025-karganomika-ao.html";"Каргономика";"https://www.cargonomica.com";"8 (800) 101-18-96";"info@cargonomica.com";"Россия"
"https://catalog.mining-ctt.ru/companies/company/146143-karmin-avto-ooo.html";"КАРМИН-АВТО ООО";"http://karminparts.ru";"+78007004990";"mail@karminavto.ru";"Россия"
"https://catalog.mining-ctt.ru/companies/company/111002-prokashev-vladimir-arkadevich.html";"Каскад ГК";"https://etp.avto";"+79123334376";"93p.e@mail.ru";"Россия"
"https://catalog.mining-ctt.ru/companies/company/111053-tk-kaskad-ooo.html";"КАСКАД ТК ООО";"http://cascadegroup.ru";"+78124907590";"order@cascadegroup.ru";"Россия"
"https://catalog.mining-ctt.ru/companies/company/113678-kato-ooo.html";"КАТО ООО";"https://katoltd.ru";"+7 (495) 204-17-59";"1526@katoltd.ru";"Россия"
"https://catalog.mining-ctt.ru/companies/company/78081-kvintmadi-ao.html";"КВИНТМАДИ, АО";"http://lonmadi.ru";"8-800-333-56-63";"info@kwintmadi.ru";"Россия"
"https://catalog.mining-ctt.ru/companies/company/78084-kgs-ooo.html";"КГС, ООО";"https://kgs-ural.ru";"8 (800) 600-74-65";"info@kgs-ural.ru";"Россия"
"https://catalog.mining-ctt.ru/companies/company/78087-kentek-ao.html";"КЕНТЕК";"http://kentek.ru";"88123260712";"info@kentek.ru";"Россия"
"https://catalog.mining-ctt.ru/companies/company/78096-kinovo-rus-ooo.html";"КИНОВО РУС, ООО";"https://keenovo.ru";"+73432078858";"info@keenovo.ru";"Россия"
"https://catalog.mining-ctt.ru/companies/company/113920-kitavtozap-ooo.html";"КИТАВТОЗАП ООО";"http://kit-avtozap.ru";"+79165433333";"kitavtozap.ru@mail.ru";"Россия"
"https://catalog.mining-ctt.ru/companies/company/114544-kitstrojservis-ooo.html";"КитСтройСервис ООО";"http://kaitong.ru";"+79119215145";"evgeniya@kaitong.ru";"Россия"
"https://catalog.mining-ctt.ru/companies/company/146071-klassik-kazan.html";"Классик Казань";"https://t.me/klassikkzn";"+79991560999";"info@klassik-kazan.ru";"Россия"
"https://catalog.mining-ctt.ru/companies/company/146305-kometa-ooo.html";"КОМЕТА ООО";"";"";"";"Россия"
"https://catalog.mining-ctt.ru/companies/company/111092-komi-on-ooo.html";"КОМИ ОН, ООО";"https://comione.ru/about";"+9104982620";"info@comion.ru";"Россия"
"https://catalog.mining-ctt.ru/companies/company/78105-kompaniya-impart-ooo.html";"КОМПАНИЯ ИМПАРТ, ООО";"https://impart.online";"88005506474";"help@impart.online";"Россия"
"https://catalog.mining-ctt.ru/companies/company/146737-o3-koutings-ooo.html";"Компания О3";"https://o3.com";"+74957868935";"hello@O3.com";"Россия"
"https://catalog.mining-ctt.ru/companies/company/78108-kompaniya-promyshlennyj-meridian-ooo.html";"КОМПАНИЯ ПРОМЫШЛЕННЫЙ МЕРИДИАН, ООО";"https://uralmachine.ru";"+7(342)200-95-57";"contact@uralmachine.ru";"Россия"
"https://catalog.mining-ctt.ru/companies/company/80950-kompozit-npo-ooo.html";"КОМПОЗИТ НПО, ООО";"https://composit-tracks.ru";"+7 (4712) 200600";"info@composit-tracks.com";"Россия"
"https://catalog.mining-ctt.ru/companies/company/78120-korrus-tekhniks-ooo.html";"КОРРУС - ТЕХНИКС ООО";"https://www.korrus.ru";"+7 (495) 156-02-20";"info@korrus.ru";"Россия"
"https://catalog.mining-ctt.ru/companies/company/146797-kredo-dialog.html";"КРЕДО-ДИАЛОГ";"https://credo-dialogue.ru";"+74999616102";"public@credo-dialogue.com";"Россия"
"https://catalog.mining-ctt.ru/companies/company/152104-kredo-dialog.html";"КРЕДО-ДИАЛОГ";"https://credo-dialogue.ru";"+74999616102";"public@credo-dialogue.com";"Россия"
"https://catalog.mining-ctt.ru/companies/company/78552-kepm-ooo.html";"КузбассЭнергоПромМаш";"http://radiator42.ru";"+79913723525";"info@radiator42.ru";"Россия"
"https://catalog.mining-ctt.ru/companies/company/78561-kunfeng-rus-ooo.html";"КУНФЕНГ РУС, ООО";"https://qunfeng.ru";"8 800 775 87 53";"contact@qunfeng.ru";"Россия"
"https://catalog.mining-ctt.ru/companies/company/146764-curetec.html";"Кюретек (Шанхай) Нью Энерджи Текнолоджи Ко.";"https://www.curetec-china.com";"+8613564559929";"tech@curetec-china.com";"Китай"
"https://catalog.mining-ctt.ru/companies/company/82225-tlk-get.html";"Литейное производство ТЛК ГЕТ";"https://gk-tlk.ru";"+79069962327";"info@gk-tlk.ru";"Россия"
"https://catalog.mining-ctt.ru/companies/company/147037-logistika-360.html";"Логистика 360";"https://logistics360.ru";"+7(495)109-69-59";"info@logistics360.ru";"Россия"
"https://catalog.mining-ctt.ru/companies/company/147046-logistika-budushchego.html";"ЛОГИСТИКА БУДУЩЕГО. Бизнес-конференции";"http://logconf.ru";"+79221202056";"ts@ekbpromo.ru";""
"https://catalog.mining-ctt.ru/companies/company/146872-lonmadi-ao.html";"ЛОНМАДИ АО";"http://lonmadi.ru";"+78003335663";"info@lonmadi.ru";"Россия"
"https://catalog.mining-ctt.ru/companies/company/78525-lorri-servis-plyus-ooo.html";"Лорри Агро, ООО";"https://lorry-gsk.ru";"+74012306461";"gorbachev@lorry-group.ru";"Россия"
"https://catalog.mining-ctt.ru/companies/company/78624-lude-kaz-sovmestnoe-predpriyatie-too.html";"ЛУДЭ-КАЗ Совместное предприятие";"http://ludekaz.com";"+77753826501";"sp-lude-kaz@mail.ru";"Казахстан"
"https://catalog.mining-ctt.ru/companies/company/111224-lgru-ooo.html";"Люгонг Машинери Рус";"http://www.liugongrussia.ru";"8 (800) 101-77-79";"info@liugongrussia.ru";"Россия"
"https://catalog.mining-ctt.ru/companies/company/146761-m-odin-ooo.html";"М ОДИН ООО";"https://burmolot.ru";"+79817929977";"info@burmolot.ru";"Россия"
"https://catalog.mining-ctt.ru/companies/company/111074-bagnyuk-valerij-nikolaevich-ip.html";"М-Конструктор";"https://m-konstruktor.ru";"(81153) 6-10-05";"info@m-konstruktor.ru";"Россия"
"https://catalog.mining-ctt.ru/companies/company/77421-magistral-nn-ooo.html";"МАГИСТРАЛЬ-НН, ООО";"https://magistral-nn.ru";"+78312554747";"mail@magistral-nn.ru";"Россия"
"https://catalog.mining-ctt.ru/companies/company/78159-mad-master-ooo.html";"МАД МАСТЕР, ООО";"http://www.mudmaster.ru";"+7 (495) 269-90-90";"info@mudmaster.ru";"Россия"
"https://catalog.mining-ctt.ru/companies/company/146140-maz-zapchast-ooo.html";"МАЗ-ЗАПЧАСТЬ ООО";"http://www.mazzapchast.ru";"+7495 925-00-55";"info@mazzapchast.ru";"Россия"
"https://catalog.mining-ctt.ru/companies/company/150529-maks-media-grupp-ooo.html";"МАКС МЕДИА ГРУПП ООО";"https://a-kt.ru";"+74959559080";"red@maks-m.com";"Россия"
"https://catalog.mining-ctt.ru/companies/company/78582-maksprom-ooo.html";"МАКСПРОМ, ООО";"http://mxxprom.ru";"+79250428182";"order@mxxprom.ru";"Россия"
"https://catalog.mining-ctt.ru/companies/company/110927-malko-ooo.html";"МАЛКО ООО";"https://onnentalo.ru";"+7 (800) 234-60-22";"malco@onnentalo.ru";"Россия"
"https://catalog.mining-ctt.ru/companies/company/151645-manak-avto-ao.html";"МАНАК АВТО АО";"https://manac-tsr.ru/contact";"8 991 405-65-85";"info@manac-auto.com";"Россия"
"https://catalog.mining-ctt.ru/companies/company/78162-mashida-pk-ooo.html";"МАШИДА ПК, ООО";"http://mashida.ru";"8 495 019 37 87";"officemashida@gmail.com";"Россия"
"https://catalog.mining-ctt.ru/companies/company/150805-merkator-kholding.html";"МЕРКАТОР ХОЛДИНГ";"https://merkatorgroup.ru";"+7 (495) 933 72 79";"holding@merkatorgroup.ru";"Россия"
"https://catalog.mining-ctt.ru/companies/company/150235-mekhanoremontnyj-zavod-pro.html";"МЕХАНОРЕМОНТНЫЙ ЗАВОД ПРО";"";"";"";""
"https://catalog.mining-ctt.ru/companies/company/76863-mikron-oz-ao.html";"МИКРОН ОПЫТНЫЙ ЗАВОД";"https://ozm.ru";"8 (800) 505 25 20";"micron@ozm.ru";"Россия"
"https://catalog.mining-ctt.ru/companies/company/77709-mmk-ooo.html";"ММК, ООО";"http://mmksystems.ru";"+74955323152";"info@mmksystems.ru";"Россия"
"https://catalog.mining-ctt.ru/companies/company/150220-mozbt.html";"МОЗБТ";"http://www.mozbt.com";"+74955879067";"info@mozbt.com";"Россия"
"https://catalog.mining-ctt.ru/companies/company/150163-motor-ooo.html";"МОТОР ООО";"https://motortm.ru";"+7 (910) 640-99-99";"motor-tech@bk.ru";"Россия"
"https://catalog.mining-ctt.ru/companies/company/110912-ms-parts-ooo.html";"МС ПАРТС";"https://74parts.ru";"+7-922-233-3386";"mc@74parts.ru";"Россия"
"https://catalog.mining-ctt.ru/companies/company/111140-mft-ooo.html";"МФТ, ООО";"https://m-ft.ru";"8 (800) 707 68 14";"sale@m-ft.ru";"Россия"
"https://catalog.mining-ctt.ru/companies/company/147886-naast.html";"НААСТ";"http://www.naast.ru";"89064186473";"forum@naast.ru";"Россия"
"https://catalog.mining-ctt.ru/companies/company/77427-nak-interneshnl-ooo.html";"НАК ИНТЕРНЭШНЛ, ООО";"https://nakrus.ru";"+7 495-791-19-30";"info@nakrus.ru";"Россия"
"https://catalog.mining-ctt.ru/companies/company/112811-ati-ooo-npf.html";"Научно-производственная фирма АТИ";"http://www.npf-ati.ru";"+73433046400";"info@npf-ati.ru";"Россия"
"https://catalog.mining-ctt.ru/companies/company/110375-ng-prom-ooo.html";"НГ-ПРОМ ООО";"https://ng-prom.ru";"+7 (800) 300-62-06";"info@ng-prom.ru";"Россия"
"https://catalog.mining-ctt.ru/companies/company/78189-neviz-ooo.html";"НЕВИЗ, ООО";"https://neviz.ru";"+7 (812) 453-16-36";"info@neviz.ru";"Россия"
"https://catalog.mining-ctt.ru/companies/company/76971-novatek-spg-toplivo-ooo.html";"НОВАТЭК-СПГ ТОПЛИВО";"https://novatek-spgt.ru";"+7 (495) 730-60-00";"LNGsale@novatek.ru";"Россия"
"https://catalog.mining-ctt.ru/companies/company/146224-noveks-endzhin-sistems-ooo.html";"НОВЭКС ЭНДЖИН СИСТЕМС ООО";"http://www.nvx.ru";"+7(343)288-75-76";"";"Россия"
"https://catalog.mining-ctt.ru/companies/company/60375-nonius-inzhiniring.html";"Нониус Инжиниринг";"http://www.noniusgroup.ru";"+78123136598";"sales@noniusgroup.ru";"Россия"
"https://catalog.mining-ctt.ru/companies/company/78684-nt-kontakt-ooo.html";"НТ КОНТАКТ ООО";"http://www.ntcontact.ru";"+7 (812) 740-10-95";"sales@ntcontact.ru";"Россия"
"https://catalog.mining-ctt.ru/companies/company/78195-ntes-npo-ooo.html";"НТЭС НПО, ООО";"https://front-men.ru";"+7 917 269 33 32";"SALE@FRONT-MEN.RU";"Россия"
"https://catalog.mining-ctt.ru/companies/company/80980-nemo-ooo.html";"НЭМО, ООО";"https://nemo.autos";"88005006090";"poi@nemo.autos";"Россия"
"https://catalog.mining-ctt.ru/companies/company/149557-oao-baaz.html";"ОАО ""БААЗ""";"http://www.baaz.by";"+375 29 528 0929";"marketing@baaz.by";"Беларусь"
"https://catalog.mining-ctt.ru/companies/company/149566-oao-brestmash.html";"ОАО ""Брестмаш""";"http://www.bmz.by";"+375 162 93 22 42";"bmz@inbox.ru";"Беларусь"
"https://catalog.mining-ctt.ru/companies/company/119748-maz-oao.html";"ОАО ""МАЗ"" - управляющая компания холдинга ""БЕЛАВТОМАЗ""";"http://maz.by";"+375172172222";"office@maz.by";"Беларусь"
"https://catalog.mining-ctt.ru/companies/company/149551-oao-taim.html";"ОАО ""ТАиМ""";"http://www.taim.by";"+375 225 73 55 73";"marketing1@taim.by";"Беларусь"
"https://catalog.mining-ctt.ru/companies/company/147034-nm-ooo.html";"ОБЩЕСТВО С ОГРАНИЧЕННОЙ ОТВЕТСТВЕННОСТЬЮ ""НЕФТЕКАМСКИЕ МАНИПУЛЯТОРЫ""";"https://mirek.su";"+79279296710";"Mirek02@yandex.ru";"Россия"
"https://catalog.mining-ctt.ru/companies/company/146050-oag-ooo.html";"Объединенная Автобусная Группа";"http://www.bus.ru";"";"";"Россия"
"https://catalog.mining-ctt.ru/companies/company/146317-oleokit-ooo-tpk.html";"ОЛЕОКИТ ТПК ООО";"https://oleokit.ru";"8 800 250-40-31";"info@oleokit.ru";"Россия"
"https://catalog.mining-ctt.ru/companies/company/78660-olert-marketing-ooo.html";"ОЛЕРТ МАРКЕТИНГ ООО";"http://www.ohlert.ru";"+74959612061";"info@ohlert.ru";"Россия"
"https://catalog.mining-ctt.ru/companies/company/150043-oli-moska.html";"ОЛИ МОСКА";"http://www.olirussia.ru";"+7(495) 641-57-75";"info@olirussia.ru";"Россия"
"https://catalog.mining-ctt.ru/companies/company/83498-olimp-ooo.html";"ОЛИМП, ООО";"https://olimp.bz";"8 499 648 78 77";"info@olimp.bz";""
"https://catalog.mining-ctt.ru/companies/company/120874-ooo-amfibiya.html";"ООО ""АМФИБИЯ""";"https://boatswain.org";"+79106481518";"glaz-69@yandex.ru";"Россия"
"https://catalog.mining-ctt.ru/companies/company/112271-100fejs-ooo.html";"ООО ""100ФЭЙС""";"https://arctic-bear.ru";"";"info@arctic-bear.ru";"Россия"
"https://catalog.mining-ctt.ru/companies/company/146887-avto-vorld-ooo.html";"ООО ""Авто Ворлд""";"https://www.avto.world";"+7 (812) 339-18-03";"sale@avto.world";"Россия"
"https://catalog.mining-ctt.ru/companies/company/152101-ooo-baltijskij-lizing.html";"ООО ""Балтийский лизинг""";"https://www.baltlease.ru";"8 (800) 222–0–555";"spb@baltlease.ru";"Россия"
"https://catalog.mining-ctt.ru/companies/company/146038-vs-mashineri-rus.html";"ООО ""ВС МАШИНЕРИ РУС""";"http://winstar-machinery.ru";"+74993717229";"ws.machinery.rus@yandex.ru";"Россия"
"https://catalog.mining-ctt.ru/companies/company/39123-gidrodrajv-ooo.html";"ООО ""Гидродрайв""";"https://jse.group";"+7 (343) 3-860-560";"sale@jse.group";"Россия"
"https://catalog.mining-ctt.ru/companies/company/147883-global-proekt.html";"ООО ""Глобал Проект""";"";"";"";"Россия"
"https://catalog.mining-ctt.ru/companies/company/110351-zavod-strojtekhnika-ooo.html";"ООО ""ЗАВОД СТРОЙТЕХНИКА""";"https://rifey-official.ru";"";"";"Россия"
"https://catalog.mining-ctt.ru/companies/company/147493-ooo-kompaniya-evroimpuls.html";"ООО ""Компания ЕвроИмпульс""";"https://evroimpuls.ru";"";"";"Россия"
"https://catalog.mining-ctt.ru/companies/company/119736-zavod-epl-ooo.html";"ООО ""Мелитопольский завод турбокомпрессоров""";"https://turbokom.ru";"+79373818466";"turbocom.ved@gmail.com";"Россия"
"https://catalog.mining-ctt.ru/companies/company/77742-pervouralskij-avtoagregatnyj-zavod-ooo.html";"ООО ""ПААЗ""";"http://www.paaz.ru";"7 (3439) 66 -44-77";"";"Россия"
"https://catalog.mining-ctt.ru/companies/company/147148-partmajn.html";"ООО ""ПАРТМАЙН""";"https://partmine.ru";"8 800 101-61-84";"info@partmine.ru";"Россия"
"https://catalog.mining-ctt.ru/companies/company/78222-proekt-sistemy-ooo.html";"ООО ""ПРОЕКТ СИСТЕМЫ""";"https://psystems.pro";"+7 (343) 372-52-92";"info@psystems.pro";"Россия"
"https://catalog.mining-ctt.ru/companies/company/147097-puls.html";"ООО ""ПУЛЬС""";"https://pullse.ru";"+79031502217";"sales@pullse.ru";"Россия"
"https://catalog.mining-ctt.ru/companies/company/150658-ooo-sinobum.html";"ООО ""Синобум""";"http://www.sinoboom.com";"";"info-sinobum@mail.ru";"Китай"
"https://catalog.mining-ctt.ru/companies/company/146047-smart-traks-ooo.html";"ООО ""Смарт Тракс""";"https://faw-tiger.ru";"+79179182626";"info@smartrucks.ru";"Россия"
"https://catalog.mining-ctt.ru/companies/company/111116-st-mashin-ooo.html";"ООО ""СТ-МАШИН""";"https://stmachine.ru";"+74951365095";"info@stmachine.ru";"Россия"
"https://catalog.mining-ctt.ru/companies/company/150040-stv.html";"ООО ""СТВ""";"https://sinotrukvostok.ru";"88002509520";"info@sinotrukvostok.ru";"Россия"
"https://catalog.mining-ctt.ru/companies/company/39201-zavod-strojtekhnika-rifej-ooo.html";"ООО ""СТРОЙТЕХ""";"https://stroiteh.ru";"8 495 79 79 245";"aaz-st@bk.ru";"Россия"
"https://catalog.mining-ctt.ru/companies/company/146332-tekhpartner-ooo.html";"ООО ""ТЕХПАРТНЕР"" & HENAN HYMA INDUSTRY CO.,LDT.";"https://techpartner.ru";"+7 (812) 449-20-70";"info@techpartner.ru";"Россия"
"https://catalog.mining-ctt.ru/companies/company/79302-khartung-ooo.html";"ООО ""ХАРТУНГ""";"https://kolesa.hartung";"+7 495 664-23-84";"kolesa@hartung.ru";"Россия"
"https://catalog.mining-ctt.ru/companies/company/147340-shtammen-ooo.html";"ООО ""ШТАММЕН""";"http://www.shtammen.ru";"+79191014094";"info@shtammen.ru";"Россия"
"https://catalog.mining-ctt.ru/companies/company/147010-ooo-5k.html";"ООО «5К»";"https://5koleso.ru/avtopark-page";"+7 499 455-16-63";"info@5koleso.ru";"Россия"
"https://catalog.mining-ctt.ru/companies/company/146968-ooo-bur-instrument-eksport.html";"ООО «Бур-Инструмент Экспорт»";"http://dsc-pride.ru";"+7 922 699-20-11";"info@bi-export.ru";"Россия"
"https://catalog.mining-ctt.ru/companies/company/147016-ooo-izdatelstvo-promogrupp-media.html";"ООО «ИЗДАТЕЛЬСТВО ПРОМОГРУПП МЕДИА»";"";"";"";"Россия"
"https://catalog.mining-ctt.ru/companies/company/147007-ooo-lider-media.html";"ООО «ЛИДЕР-МЕДИА»";"https://spec-technika.ru";"+73433467099";"lider@media-l.ru";"Россия"
"https://catalog.mining-ctt.ru/companies/company/147013-ooo-otraslevaya-media-korporatsiya-derzhava.html";"ООО «ОТРАСЛЕВАЯ МЕДИА-КОРПОРАЦИЯ «ДЕРЖАВА»";"https://dorvest.ru";"+7 (812) 320-04-09";"center@dorvest.ru";"Россия"
"https://catalog.mining-ctt.ru/companies/company/146194-ooo-staker.html";"ООО «СТАКЕР»";"https://www.telestacker.ru";"+7-495-211-69-59";"sales@telestacker.ru";"Россия"
"https://catalog.mining-ctt.ru/companies/company/146698-ooo-tekhno-koleso.html";"ООО «Техно Колесо»";"http://www.tecw.ru";"+79251013030";"tk@tecw.ru";"Россия"
"https://catalog.mining-ctt.ru/companies/company/146959-ooo-tekhtron-tt.html";"ООО «Техтрон-Тт»";"https://textron-zapchasti.ru";"+7-351-7-000-201";"sales@tehtt.com";"Россия"
"https://catalog.mining-ctt.ru/companies/company/146965-ooo-chmz-eksport.html";"ООО «ЧМЗ-Экспорт»";"https://chmz.org";"+7 (351) 240-00-10";"marketing@chmz.org";"Россия"
"https://catalog.mining-ctt.ru/companies/company/150211-ooo-dzhosen-rus.html";"ООО Джосен Рус";"http://www.zxrubber.com";"+79959214876";"daniil@zxrubber.com";"Китай"
"https://catalog.mining-ctt.ru/companies/company/81433-doz.html";"ООО ДОЗ (ГК ТЕХНОPARTS)";"http://technoparts.pro";"+79230007071";"info@technoparts.pro";"Россия"
"https://catalog.mining-ctt.ru/companies/company/113934-evro-marin.html";"ООО Евро-Марин";"http://ascom-russia.ru";"+79857745655";"info@evro-marine.ru";"Россия"
"https://catalog.mining-ctt.ru/companies/company/146731-td-kontinent-ooo.html";"ООО Кеафлекс";"https://keaflex.ru";"8-800-250-67-50";"Info@keaflex.ru";"Россия"
"https://catalog.mining-ctt.ru/companies/company/146218-kordstar-ooo.html";"ООО КОРДСТАР";"https://cordstar.ru";"+7 (495) 150-92-22";"info@cordstar.ru";"Россия"
"https://catalog.mining-ctt.ru/companies/company/147022-ooo-npk-gemos-limited.html";"ООО НПК «ГЕМОС ЛИМИТЕД»";"";"";"";"Россия"
"https://catalog.mining-ctt.ru/companies/company/146974-ooo-npp-rezonans.html";"ООО НПП «Резонанс»";"http://www.rez.ru";"+7 (351) 731-30-00";"rez@rez.ru";"Россия"
"https://catalog.mining-ctt.ru/companies/company/110687-okv-sibir-ooo.html";"ООО ОКВ СИБИРЬ";"https://okvsiberia.ru";"+79144376111";"okvsiberia@yandex.ru";"Россия"
"https://catalog.mining-ctt.ru/companies/company/146179-opalubka-domstroj-ooo.html";"ООО ОПАЛУБКА-ДОМСТРОЙ";"https://www.opalubka-domstroy.ru";"88004444110";"info@opalubka-domstroy.ru";"Россия"
"https://catalog.mining-ctt.ru/companies/company/146725-sds-ooo.html";"ООО СибирьДизельСистемы";"https://sibirdizelsystems.ru";"+79830056888";"sibirdizelsistemy@yandex.ru";"Россия"
"https://catalog.mining-ctt.ru/companies/company/146977-ooo-td-uralkran.html";"ООО ТД «УРАЛКРАН»";"http://www.uralkran.ru";"+73512113105";"mail@uralkran.ru";"Россия"
"https://catalog.mining-ctt.ru/companies/company/146758-td-gidravlika.html";"ООО Торговый дом ""Гидравлика""";"http://www.tdgidravlika.ru";"7(800) 222-29-78";"gidravlikatver@yandex.ru";"Россия"
"https://catalog.mining-ctt.ru/companies/company/146233-ukhp-amdor-ooo.html";"ООО УХП-АМДОР";"http://www.amdor.ru";"+79220375322";"amdor@ucp.ru";"Россия"
"https://catalog.mining-ctt.ru/companies/company/146800-elros-ooo.html";"ООО ЭЛРОС";"http://elros.su";"+79637562419";"v.kurdyuk@gmail.com";"Россия"
"https://catalog.mining-ctt.ru/companies/company/39762-ooo-byanki-tekhnologii-zhbi.html";"ООО Бьянки Технологии ЖБИ";"https://www.bianchitech.ru";"+79686364837";"sales@bianchitech.ru";"Россия"
"https://catalog.mining-ctt.ru/companies/company/150724-oriens-ooo.html";"ОРИЕНС ООО";"";"";"";"Россия"
"https://catalog.mining-ctt.ru/companies/company/1064-pao-mzik.html";"ПАО ""МЗИК""";"http://www.zik-ekb.ru";"+7 343 329-52-93";"zikpto@mail.utk.ru";"Россия"
"https://catalog.mining-ctt.ru/companies/company/119802-paradavto-m-ooo.html";"ПАРАДАВТО-М";"https://avior-auto.ru";"+7 (985) 970-47-60";"info@avior-auto.ru";"Россия"
"https://catalog.mining-ctt.ru/companies/company/146119-pauer-inzhiniring-ooo.html";"ПАУЭР ИНЖИНИРИНГ ООО";"http://pe-group.ru";"+79093087070";"marat.shagiakhmetov@pe-group.ru";"Россия"
"https://catalog.mining-ctt.ru/companies/company/151198-ip-lysenko.html";"ПДР ЦЕНТР";"http://PDRC.RU";"+74957907091";"";"Россия"
"https://catalog.mining-ctt.ru/companies/company/110309-peterburgskij-traktornyj-zavod-ao.html";"ПЕТЕРБУРГСКИЙ ТРАКТОРНЫЙ ЗАВОД АО";"";"";"";"Россия"
"https://catalog.mining-ctt.ru/companies/company/110693-pk-anker-geo-ooo.html";"ПК АНКЕР ГЕО";"https://anker-pk.ru";"+7(812) 677-41-00";"mail@anker-pk.ru";"Россия"
"https://catalog.mining-ctt.ru/companies/company/77871-psm-ooo.html";"Пневмостроймашина";"https://www.psm-hydraulics.ru";"+7 (343) 229-91-00";"market@psmural.ru";"Россия"
"https://catalog.mining-ctt.ru/companies/company/77475-khold.html";"Подшипник Волга";"https://pdsar.biz";"+7 (8452) 25-75-33";"site@pdsar.ru";"Россия"
"https://catalog.mining-ctt.ru/companies/company/78690-polar-gidravlika-ooo.html";"Полар Гидравлика";"https://www.polar-hydraulics.com";"+74959818036";"info@polar-hydraulics.com";"Россия"
"https://catalog.mining-ctt.ru/companies/company/77079-politrans-pkf-ooo.html";"ПОЛИТРАНС ПКФ, ООО";"http://www.politrans.ru";"8 800 55 01 777";"info@politrans.ru";"Россия"
"https://catalog.mining-ctt.ru/companies/company/78228-promradiator-nk-ooo.html";"ПРОМРАДИАТОР-НК";"https://hono-r.com";"8-800-500-86-65";"sales@hono-r.com";"Россия"
"https://catalog.mining-ctt.ru/companies/company/115598-promtekh.html";"ПРОМТЕХ";"https://promteh-nn.ru";"88005000765";"info.com@promteh-nn.ru";"Россия"
"https://catalog.mining-ctt.ru/companies/company/151930-terra-tuls.html";"ПроТех Машинс & Риппа";"https://protechmachines.ru";"89691291162";"info@protechmachines.ru";"Россия"
"https://catalog.mining-ctt.ru/companies/company/78231-professional-ooo.html";"ПРОФЕССИОНАЛ, ООО";"http://profdst.ru";"8-800-775-80-50";"info@profdst.ru";"Россия"
"https://catalog.mining-ctt.ru/companies/company/146185-professionalnye-tekhnologii.html";"Профессиональные технологии";"https://elephant-sky.ru";"+7 (912) 180-05-63";"sales@elephant-sky.ru";"Россия"
"https://catalog.mining-ctt.ru/companies/company/146212-pt-yug-ooo.html";"ПТ-ЮГ ООО";"https://pmix53.ru";"+7(938)868-30-73";"pr@pmix53.ru";"Россия"
"https://catalog.mining-ctt.ru/companies/company/78240-ptk-gidrofors-ooo.html";"ПТК ГИДРОФОРС";"https://hydro-force.ru";"+7 (495) 663-37-02";"info@hydro-force.ru";"Россия"
"https://catalog.mining-ctt.ru/companies/company/146062-ptk-prioritet-ooo.html";"ПТК ПРИОРИТЕТ ООО";"https://rusklad.ru";"8-800-201-32-32";"info@rusklad.ru";"Россия"
"https://catalog.mining-ctt.ru/companies/company/110363-pts-strojtekh-ooo.html";"ПЦ СТРОЙТЕХ ООО";"https://pc-st.ru";"8 (800) 600-47-13";"info@pc-st.ru";"Россия"
"https://catalog.mining-ctt.ru/companies/company/146107-r-avto.html";"Р-АВТО";"";"";"";"Россия"
"https://catalog.mining-ctt.ru/companies/company/110333-rajtekhi-mashiny-ooo.html";"РАЙТЕХИ МАШИНЫ ООО";"http://www.raytechi.ru";"+79296356199";"info@raytechi.ru";"Россия"
"https://catalog.mining-ctt.ru/companies/company/146767-rasskat.html";"Раскат";"http://www.oao-raskat.ru";"";"";"Россия"
"https://catalog.mining-ctt.ru/companies/company/110492-remdizel-ao.html";"РЕМДИЗЕЛЬ";"http://rdkamaz.ru";"88006006370";"sales@rdkamaz.ru";"Россия"
"https://catalog.mining-ctt.ru/companies/company/147040-sovet-professionalov-po-tsepyam-postavok-ip-tashbaev.html";"Ресурс Логистик";"";"";"";"Россия"
"https://catalog.mining-ctt.ru/companies/company/78282-reshke-rus-ooo.html";"РЕШКЕ РУС, ООО";"https://reschke.ru";"88002501702";"info@reschke.ru";"Россия"
"https://catalog.mining-ctt.ru/companies/company/78285-rmr-servis-ooo.html";"РМР СЕРВИС, ООО";"http://www.rmr-servis.ru";"+7 (963) 781-72-12";"info@rmr-servis.ru";"Россия"
"https://catalog.mining-ctt.ru/companies/company/150037-rosneft.html";"РН-Смазочные материалы";"https://rosneft-lubricants.ru/about";"+74995177668";"hotline@rosneft.ru";"Россия"
"https://catalog.mining-ctt.ru/companies/company/110402-berezhlivyj-sklad-ooo.html";"РОББОКС АО";"http://www.robbox.ru";"88005503300";"info@robbox.ru";"Россия"
"https://catalog.mining-ctt.ru/companies/company/110597-romanov-ao.html";"РОМАНОВ АО";"https://baz.ru";"+78123133580";"docs@baz-auto.ru";"Россия"
"https://catalog.mining-ctt.ru/companies/company/150517-ron-ooo.html";"РОН ООО";"https://mail.ru";"89952218768";"kostya_afanasev_83@mail.ru";"Россия"
"https://catalog.mining-ctt.ru/companies/company/110495-rs-ooo.html";"РС ООО";"https://rsk28.ru";"+79244441156";"fengtai2@yandex.ru";"Россия"
"https://catalog.mining-ctt.ru/companies/company/146986-rtts-ooo.html";"РТЦ ООО";"";"";"";"Россия"
"https://catalog.mining-ctt.ru/companies/company/146137-kompaniya-sim-avto-ooo.html";"Русбизнесавто | LGCE";"https://www.rbauto.ru";"+74956656741";"pr@rbauto.ru";"Россия"
"https://catalog.mining-ctt.ru/companies/company/150208-rusbiznesavto.html";"Русбизнесавто | LGMG";"https://www.rbauto.ru/brands/lgmg";"+74956656741";"pr@rbauto.ru";"Россия"
"https://catalog.mining-ctt.ru/companies/company/78093-kz-rostselmash-ooo.html";"РУСМАШСЕРВИС";"https://rostselmash.com";"+7(800)250-60-04";"rostselmash@oaorsm.ru";"Россия"
"https://catalog.mining-ctt.ru/companies/company/110297-rustorg-ooo-td.html";"РУСТОРГ ООО ТД";"http://www.tdrustorg.ru";"+74959847819";"marketing@tdrustorg.ru";"Россия"
"https://catalog.mining-ctt.ru/companies/company/150721-rustrak-ooo.html";"РУСТРАК ООО";"";"";"";"Россия"
"https://catalog.mining-ctt.ru/companies/company/113502-rekfork-ooo.html";"РЭКФОРК ООО";"https://rackfork.ru";"8 (800) 250 50 04";"info@rackfork.ru";"Россия"
"https://catalog.mining-ctt.ru/companies/company/78297-sanlong-rus-ooo.html";"САНЛОНГ РУС, ООО";"https://sunlong-group.com";"+79676238525";"sunlongrus@mail.ru";"Россия"
"https://catalog.mining-ctt.ru/companies/company/150223-satek-tm.html";"САТЕК ТМ";"https://satectm.com";"+7 (812) 612-1185";"info@satectm.com";"Россия"
"https://catalog.mining-ctt.ru/companies/company/147508-mozer-ooo.html";"СВ-ХИМ";"https://sv-him.ru";"+7 (831) 336-59-30";"info@mozer-oil.ru";"Россия"
"https://catalog.mining-ctt.ru/companies/company/78300-svarog-ooo.html";"СВАРОГ, ООО";"https://svarogrvd.ru";"+74959263011";"admindir@him-msk.ru";"Россия"
"https://catalog.mining-ctt.ru/companies/company/147934-svtk.html";"СВТК";"https://foresttank.ru";"+79217161548";"foresttank@mail.ru";"Россия"
"https://catalog.mining-ctt.ru/companies/company/111251-sdm-ooo.html";"СДМ, ООО";"https://umg-sdm.com";"8 (800) 250-49-55";"info@umg.ru";"Россия"
"https://catalog.mining-ctt.ru/companies/company/110891-sdmiks-ooo.html";"СДМИКС";"https://www.sdmix.ru";"8 (495) 645-62-94";"rusoffice@sdmix.cn";"Россия"
"https://catalog.mining-ctt.ru/companies/company/39474-profsistemy-ooo.html";"СДМС ООО";"http";"+74952043526";"info@sdms.su";"Россия"
"https://catalog.mining-ctt.ru/companies/company/146095-sdek-global-ooo.html";"СДЭК-ГЛОБАЛ ООО";"https://cdek.ru";"+7 (495) 009-04-05";"msk-fil@cdek.ru";"Россия"
"https://catalog.mining-ctt.ru/companies/company/115508-severstal-menedzhment.html";"Северсталь-метиз";"https://metiz.severstal";"+78202539191";"info@severstalmetiz.com";"Россия"
"https://catalog.mining-ctt.ru/companies/company/111245-selteks-ooo.html";"СЕЛТЕКС";"https://www.seltex.ru";"+74992880710";"vd@seltex.com";"Россия"
"https://catalog.mining-ctt.ru/companies/company/39444-sense-gnb-ooo.html";"СЕНСЕ ГНБ ООО";"http://sense-hdd.ru";"+7 (8422) 45-72-00";"info@sense-hdd.ru";"Россия"
"https://catalog.mining-ctt.ru/companies/company/146695-sense-inzhiniring-ooo.html";"СЕНСЕ ИНЖИНИРИНГ ООО";"";"";"";"Россия"
"https://catalog.mining-ctt.ru/companies/company/113036-si-dzhi-em-ooo.html";"СИ ДЖИ ЭМ ООО";"https://cgm-srl.ru";"+7 800 777-92-67";"info@cgm-srl.ru";"Россия"
"https://catalog.mining-ctt.ru/companies/company/78342-smk-ooo.html";"СИБИРСКАЯ МАШИНОСТРОИТЕЛЬНАЯ КОМПАНИЯ (SIMACO)";"https://smc.tomsk";"+7 (3822) 701-133";"simaco@simaco.tomsk.ru";"Россия"
"https://catalog.mining-ctt.ru/companies/company/146296-siboma-tranzit-ooo.html";"СИБОМА-ТРАНЗИТ ООО";"";"";"";"Россия"
"https://catalog.mining-ctt.ru/companies/company/147421-siver.html";"СИВЕР";"http://siver.ru";"+74842791804";"info@siver.ru";"Россия"
"https://catalog.mining-ctt.ru/companies/company/77013-silk-vej-ooo.html";"СИЛК ВЭЙ, ООО";"https://gkgross.ru";"88002224095";"info@gkgross.ru";"Россия"
"https://catalog.mining-ctt.ru/companies/company/110717-sinotrak-rus-ooo.html";"СИНОТРАК РУС";"https://sitrak.ru";"8 (495) 105-88-99";"info@sitrak.ru";"Россия"
"https://catalog.mining-ctt.ru/companies/company/77004-rusman-ooo.html";"СИТИТРАК";"http://citytruck.ru";"+79126883220";"citytruck1@mail.ru";"Россия"
"https://catalog.mining-ctt.ru/companies/company/78333-sk-inzhiniring-ooo.html";"СК ИНЖИНИРИНГ, ООО";"https://ck-engineering.ru";"+74957255526";"y.osychenko@ck-engineering.ru";"Россия"
"https://catalog.mining-ctt.ru/companies/company/111077-kranmash-ooo-sk.html";"СК КРАНМАШ";"http://sk-kranmash.ru";"+74956460820";"6460820@mail.ru";"Россия"
"https://catalog.mining-ctt.ru/companies/company/146182-skajbum-ooo.html";"СКАЙБУМ. Самоходные подъемники";"https://sky-boom.ru";"+7 (495) 532-88-84";"info@sky-boom.ru";"Россия"
"https://catalog.mining-ctt.ru/companies/company/110909-skajtekh-kompani-ooo.html";"СКАЙТЕХ КОМПАНИ ООО";"https://mantall.ru";"+79033416688";"info@mantall.ru";"Россия"
"https://catalog.mining-ctt.ru/companies/company/110546-sk-trejd-ooo.html";"СКАНКОД";"http://www.scancode.ru";"+79854205344";"adv@scancode.ru";"Россия"
"https://catalog.mining-ctt.ru/companies/company/78336-skat-ooo.html";"СКАТ, ООО";"http://www.scat-co.ru";"+7 (495) 211-22-93";"info@scat-co.ru";"Россия"
"https://catalog.mining-ctt.ru/companies/company/146980-ooo-skb-induktsya.html";"СКБ";"https://skbind.ru";"+73512184140";"info@skbind.ru";"Россия"
"https://catalog.mining-ctt.ru/companies/company/110966-skb-4-ooo.html";"СКБ - 4 ООО";"http://www.skb-4.ru";"+7-495-902-51-98";"sales@skb-4.com";"Россия"
"https://catalog.mining-ctt.ru/companies/company/85066-skb-kontur.html";"СКБ Контур";"https://www.kontur.ru";"+7 (343) 2284915";"kostareva@skbkontur.ru";"Россия"
"https://catalog.mining-ctt.ru/companies/company/146077-smazka-ru.html";"СМАЗКА.РУ";"https://smazka.ru";"+78127862733";"partner@smazka.ru";"Россия"
"https://catalog.mining-ctt.ru/companies/company/111182-smart-grupp-ooo.html";"СМАРТ-ГРУПП";"https://smcontrols.ru";"+79111694894";"kirill@smcontrols.ru";"Россия"
"https://catalog.mining-ctt.ru/companies/company/110411-smol-mash-ooo.html";"СМОЛ МАШ";"http://www.smolmash.ru";"8(916)609-98-19";"otd@smolmash.ru";"Россия"
"https://catalog.mining-ctt.ru/companies/company/146263-snabavto.html";"СНАБАВТО";"https://snabavto.com";"+74952120635";"info@snabavto.com";"Россия"
"https://catalog.mining-ctt.ru/companies/company/150703-sova-motors-ooo.html";"СОВА МОТОРС, ООО";"https://sovamotors.com";"+7 (495) 157-28-88";"";"Россия"
"https://catalog.mining-ctt.ru/companies/company/78348-sovremennye-tekhnologii-gidravlikov-ooo.html";"СОВРЕМЕННЫЕ ТЕХНОЛОГИИ ГИДРАВЛИКОВ";"https://gidravlikov.ru";"+7 (495) 505-63-23";"sales@gidravlikov.ru";"Россия"
"https://catalog.mining-ctt.ru/companies/company/147475-sovremennye-tekhnologii-ns-ooo.html";"СОВРЕМЕННЫЕ ТЕХНОЛОГИИ НС ООО";"http://www.creativetechnologyns.ru";"+7 (495) 181-23-88";"office@creativetechnologyns.ru";"Россия"
"https://catalog.mining-ctt.ru/companies/company/146278-spejs-yunit-ooo.html";"СПЕЙС-ЮНИТ ООО";"https://www.space-unit.ru";"+79999097582";"info@space-unit.ru";"Россия"
"https://catalog.mining-ctt.ru/companies/company/110684-spetszapchast40-ooo.html";"СПЕЦЗАПЧАСТЬ40 ООО";"http://www.reduktor40.ru";"88003018242";"reductorsale@mail.ru";"Россия"
"https://catalog.mining-ctt.ru/companies/company/78354-spetsteka-ooo.html";"СПЕЦТЕКА";"https://pro-keeper.com";"+79147219767";"sales@pro-keeper.com";"Россия"
"https://catalog.mining-ctt.ru/companies/company/111068-spetstekhnika-ooo-ufa.html";"СПЕЦТЕХНИКА ООО (Уфа)";"http://mmaks.ru/";"+7 927 306-72-95";"market@mmaks.ru";"Россия"
"https://catalog.mining-ctt.ru/companies/company/146293-spk-resurs-ooo.html";"СПК РЕСУРС ООО";"https://spk-resource.ru";"+74952114333";"info@spk-resource.ru";"Россия"
"https://catalog.mining-ctt.ru/companies/company/146701-npo-splav-im-a-n-ganicheva-ao.html";"СПЛАВ им. А.Н. Ганичева, НПО, АО";"http://www.splav.org";"+7(4872) 25-55-64";"nevmerzhitskiy.dn@splavtula.ru";"Россия"
"https://catalog.mining-ctt.ru/companies/company/111218-sst-ooo.html";"ССТ";"https://cct-drill.ru";"+73422584202";"info@cct-drill.ru";"Россия"
"https://catalog.mining-ctt.ru/companies/company/110921-standart-ooo.html";"СТАНДАРТ ООО";"https://standart.rf";"+79253038169";"standart.rf@inbox.ru";"Россия"
"https://catalog.mining-ctt.ru/companies/company/110801-stk-lider-ooo.html";"СТК - ЛИДЕР";"http://www.lider-dsk.com";"+79152097000";"777@lider-dsk.com";"Россия"
"https://catalog.mining-ctt.ru/companies/company/39039-strojimporttekhnika.html";"СтройИмпортТехника";"https://shantui-sit.ru";"+7(495) 662-64-61";"info@shantui-sit.ru";"Россия"
"https://catalog.mining-ctt.ru/companies/company/78375-strojmashservis-zao.html";"СТРОЙМАШСЕРВИС, ЗАО";"http://zao-sms.ru";"+74957856575";"info@zao-sms.ru";"Россия"
"https://catalog.mining-ctt.ru/companies/company/146692-strojmashservis.html";"СТРОЙМАШСЕРВИС, ЗАО";"http://zao-sms.ru";"+74957856575";"info@zao-sms.ru";"Россия"
"https://catalog.mining-ctt.ru/companies/company/146101-strojpromkapital-ooo.html";"СТРОЙПРОМКАПИТАЛ ООО";"http://skladspk.ru";"+7 (499) 409-17-10";"stroipromcapital@mail.ru";"Россия"
"https://catalog.mining-ctt.ru/companies/company/147496-stt.html";"СТТ";"https://stt.ru";"8 800 700-07-47";"stt-client@stt.ru";"Россия"
"https://catalog.mining-ctt.ru/companies/company/77571-suprotek-nptk-ooo.html";"СУПРОТЕК НПТК, ООО";"https://suprotec.ru";"8 800 200 06 61";"spb@suprotec.ru";"Россия"
"https://catalog.mining-ctt.ru/companies/company/146338-sts-ooo.html";"СЦ ООО";"https://station-centre.ru";"+79855257573";"info@station-centre.ru";"Россия"
"https://catalog.mining-ctt.ru/companies/company/112286-syujgun-ru-ooo.html";"СЮЙГУН РУ ООО";"http://www.xcmg-ru.ru";"+7 (495) 995-26-33";"info@xcmg-ru.ru";"Россия"
"https://catalog.mining-ctt.ru/companies/company/146116-syujgun-ru-ooo.html";"СЮЙГУН РУ ООО";"http://www.xcmg-ru.ru";"+7 (495) 995-26-33";"info@xcmg-ru.ru";"Россия"
"https://catalog.mining-ctt.ru/companies/company/86252-tatpolimer-tpk.html";"ТАТПОЛИМЕР ТПК";"https://tm-part.ru";"+7 800 234-27-17";"info@tm-part.ru";"Россия"
"https://catalog.mining-ctt.ru/companies/company/146056-tverstrojmash.html";"Тверьстроймаш";"https://tverstroymash.ru";"+7 4822 735 735";"info@tverstroymash.ru";"Россия"
"https://catalog.mining-ctt.ru/companies/company/146311-td-soyuzgidravlika-zao.html";"ТД СОЮЗГИДРАВЛИКА ЗАО";"http://www.belar.ru";"+7(4722) 21-13-59";"unionhyd@mail.ru";"Россия"
"https://catalog.mining-ctt.ru/companies/company/110810-teploavto-ooo.html";"ТЕПЛОАВТО ООО";"https://autoteplo.com";"8 800-700-45-90";"info@autoteplo.com";"Россия"
"https://catalog.mining-ctt.ru/companies/company/146173-grit-ooo.html";"Тепловые Системы ООО";"https://tepsys.ru";"88006002757";"info@tepsys.ru";"Россия"
"https://catalog.mining-ctt.ru/companies/company/78642-terrusstroj-ooo.html";"ТЕРРУССТРОЙ, ООО";"https://terrusstroy.com";"+79689865080";"sale01@regkran.ru";"Россия"
"https://catalog.mining-ctt.ru/companies/company/111242-tekhzapchast-ooo.html";"ТЕХЗАПЧАСТЬ ООО";"https://tzpch.ru";"";"";"Россия"
"https://catalog.mining-ctt.ru/companies/company/78399-tekhmashyunit-ooo.html";"ТЕХМАШЮНИТ";"http://hyundai-tmu.ru";"88007006009";"hyundai@t-m-u.ru";"Россия"
"https://catalog.mining-ctt.ru/companies/company/147226-tekhno-gm.html";"Техно-ГМ";"http://texno-gm.com";"+7 (351) 734-98-80";"info@texno-gm.com";"Россия"
"https://catalog.mining-ctt.ru/companies/company/111179-ooo-tekhnopark-impuls.html";"Технопарк ""Импульс""";"https://www.impulse.su";"8 800 222 35 41";"mail@impulse.su";"Россия"
"https://catalog.mining-ctt.ru/companies/company/39387-tekhnopromeksport-ooo.html";"Технопромэкспорт ООО";"";"";"";"Россия"
"https://catalog.mining-ctt.ru/companies/company/111233-tekhnotrejd-ooo.html";"ТЕХНОТРЕЙД";"https://rudingli.ru";"+7 (495) 967-08-47";"info@rudingli.ru";"Россия"
"https://catalog.mining-ctt.ru/companies/company/147001-tiziko-rus.html";"ТИЗИКО РУС";"";"";"";"Россия"
"https://catalog.mining-ctt.ru/companies/company/110795-tim-grupp-ooo.html";"ТИМ ГРУПП";"https://mantor.pro";"+7 (932) 603-36-55";"tim@mantor.pro";"Россия"
"https://catalog.mining-ctt.ru/companies/company/110387-tk-tsentr-ooo.html";"ТК-ЦЕНТР ООО";"http://www.tk-center.ru";"+7 495 921-25-60";"sales@tk-center.ru";"Россия"
"https://catalog.mining-ctt.ru/companies/company/146335-tl-ooo.html";"ТЛ ООО";"https://traceline.ru";"+7 (495) 162-90-85";"info@traceline.ru";"Россия"
"https://catalog.mining-ctt.ru/companies/company/110999-mpz-ooo.html";"ТМПЗ МЕХАНИКА";"https://tmpz-m.ru";"+7 (495) 476-62-20";"info@tmpz-m.ru";"Россия"
"https://catalog.mining-ctt.ru/companies/company/78417-topverk-rus-ooo.html";"ТОПВЕРК РУС";"https://topwerk.ru";"+7 (4872) 510 633";"info@topwerk.ru";"Россия"
"https://catalog.mining-ctt.ru/companies/company/150232-tortekhmash-ooo.html";"ТорТехМаш ООО";"https://bk.ru";"+79157201313";"tortehmash@bk.ru";"Россия"
"https://catalog.mining-ctt.ru/companies/company/119478-trakpart-ooo.html";"ТРАКПАРТ ООО";"https://truckpart.info";"8-800-333-24-30";"cco@truckpart.info";"Россия"
"https://catalog.mining-ctt.ru/companies/company/78420-trakresurs-region-ooo.html";"ТРАКРЕСУРС-РЕГИОН";"https://www.liftnet.ru";"88001005727";"mail@liftnet.ru";"Россия"
"https://catalog.mining-ctt.ru/companies/company/146125-trakresurs-region-ooo.html";"ТРАКРЕСУРС-РЕГИОН ООО";"https://www.liftnet.ru";"+78001005727";"";"Россия"
"https://catalog.mining-ctt.ru/companies/company/146098-translogistika-trans-avto.html";"ТРАНС-АВТО";"https://tr-auto.ru";"+74959718607";"info@tr-auto.ru";"Россия"
"https://catalog.mining-ctt.ru/companies/company/147100-transportnyj-tsentr-ooo.html";"Транспортный центр ООО";"https://www.tc-bus.ru";"8 (800) 250-28-26";"info@gktc.ru";"Россия"
"https://catalog.mining-ctt.ru/companies/company/146197-tris.html";"ТРИС";"http://tris-msk.ru";"+74993910143";"bb@tris-msk.ru";"Россия"
"https://catalog.mining-ctt.ru/companies/company/39339-ttm-ooo.html";"ТТМ ООО";"https://fjttm.ru";"+78462060403";"info@fj-ttm.ru";"Россия"
"https://catalog.mining-ctt.ru/companies/company/110708-tfk-mashineri-ooo.html";"ТФК-МАШИНЕРИ ООО";"https://tfc-machinery.com";"+7 930 128-29-41";"sales@tfc-machinery.com";"Россия"
"https://catalog.mining-ctt.ru/companies/company/80454-udt-tekhnika-ooo.html";"УДТ-ТЕХНИКА, ООО";"https://www.udt-technika.ru";"+7 (499) 685-45-00";"info@udt-technika.ru";"Россия"
"https://catalog.mining-ctt.ru/companies/company/151909-universitet-sinergiya.html";"Университет Синергия";"";"";"";"Россия"
"https://catalog.mining-ctt.ru/companies/company/78216-po-urdyuga-ooo.html";"УРДЮГА, ООО";"http://www.Urduga.ru";"8-800-700-92-49";"info@urduga.ru";"Россия"
"https://catalog.mining-ctt.ru/companies/company/146329-ufagidromash.html";"УФАГИДРОМАШ";"http://ufagidromash.ru";"+73476343576";"tender@ufagidromash.ru";"Россия"
"https://catalog.mining-ctt.ru/companies/company/146344-khaj-solyushen-ooo.html";"ХАЙ СОЛЮШЭН ООО";"https://hisolution.ru";"+79120373302";"tst@hisolution.ru";"Россия"
"https://catalog.mining-ctt.ru/companies/company/113772-khalkor-ooo.html";"ХАЛКОР";"https://sunward-rf.ru";"8 (800) 550-02-01";"hal-kor@mail.ru";"Россия"
"https://catalog.mining-ctt.ru/companies/company/146134-amkodor-bryansk-ooo.html";"Холдинг ""АМКОДОР""";"http://amkodor.by";"+375 (17) 308-33-00";"kanz@amkodor.by";"Беларусь"
"https://catalog.mining-ctt.ru/companies/company/77826-mmz-imeni-s-i-vavilova-upravlyayushchaya-kompaniya-kholdinga-belomo.html";"Холдинг ""БелОМО""";"http://belomo.by";"+375173254470";"uts.belomo@mail.ru";"Беларусь"
"https://catalog.mining-ctt.ru/companies/company/146989-khongyan-ooo.html";"ХОНГЯН ООО";"http://www.hongyan.ru";"+79145501323";"sales@hongyan.ru";"Россия"
"https://catalog.mining-ctt.ru/companies/company/151264-mezhdunarodnaya-korporatsiya-roikhol-obukhov-ooo.html";"ХУАНХАЙ";"https://huanghai-motors.ru";"8(495)1657624";"";"Россия"
"https://catalog.mining-ctt.ru/companies/company/115492-khenpu-tekhnologii.html";"ХЭНПУ ТЕХНОЛОГИИ (HENGPU)";"https://www.hengputechnology.ru";"+7 (999) 668-98-66";"tools@hengpu.ru";"Россия"
"https://catalog.mining-ctt.ru/companies/company/78471-tsema-bearing-ooo.html";"ЦЕМА-БЕАРИНГ,ООО";"http://www.cema-bearing.com";"8-800-600-51-72";"info@cema-bearing.ru";"Россия"
"https://catalog.mining-ctt.ru/companies/company/110504-tsentromash-ooo.html";"ЦЕНТРОМАШ ООО";"http://Centromash.ru";"+37529 1114747";"info@centromash.by";"Беларусь"
"https://catalog.mining-ctt.ru/companies/company/80727-kamaz-digital.html";"Цифровая платформа КАМАЗ";"https://kamazdigital.ru";"+7 (499) 4954405";"hello@kamazdigital.ru";"Россия"
"https://catalog.mining-ctt.ru/companies/company/150193-logotrans.html";"ЦЛР Групп";"http://clrgroup.ru";"+7 (495) 540-55-67";"sales@clrgroup.ru";"Россия"
"https://catalog.mining-ctt.ru/companies/company/117492-chajna-forklift-sibir.html";"Чайна Форклифт";"https://asiamh.ru";"8(800)775-79-18";"info@asiamh.ru";"Россия"
"https://catalog.mining-ctt.ru/companies/company/78480-chzsa-ooo.html";"Чебоксарский завод силовых агрегатов, ООО";"https://chzsa.ru";"+7 (835) 220-42-43";"mail@chzsa.ru";"Россия"
"https://catalog.mining-ctt.ru/companies/company/151057-ooo-chelyabinskij-zavod-avtoservisnogo-oborudovaniya.html";"Челябинский завод автосервисного оборудования, ООО";"http://www.chzao.ru";"+7 (351) 210-23-21";"oborud@chzao.ru";"Россия"
"https://catalog.mining-ctt.ru/companies/company/85060-chelyabinskij-kompressornyj-zavod.html";"Челябинский Компрессорный Завод";"http://chkz.ru";"+7 (351) 2165050";"market@chkz.ru";"Россия"
"https://catalog.mining-ctt.ru/companies/company/146773-sinovej-grupp-ooo.html";"ШАКМАН МОТОРС ООО";"https://www.shacman.ru";"";"info@shacman.ru";"Россия"
"https://catalog.mining-ctt.ru/companies/company/77769-shakman-rus-ooo.html";"ШАКМАН РУС, ООО";"";"";"";"Россия"
"https://catalog.mining-ctt.ru/companies/company/111101-shzpi-oao.html";"ШЗПИ";"http://shzpi.ru";"+7(35245) 2 -71-30";"shzpi.secretary@gmail.com";"Россия"
"https://catalog.mining-ctt.ru/companies/company/146791-shturman-rus.html";"ШТУРМАН РУС";"http://www.shtur.ru";"+7 962 9910 666";"info@shtur.ru";"Россия"
"https://catalog.mining-ctt.ru/companies/company/150550-ekvinet-td.html";"ЭКВИНЕТ";"https://equinet.ru";"8 (495) 664-21-41";"info@equinet.ru";"Россия"
"https://catalog.mining-ctt.ru/companies/company/78636-ekspertsil-ooo.html";"ЭКСПЕРТСИЛ, ООО";"https://expertseals.ru";"+7495 626 5722";"info@expertseals.ru";"Россия"
"https://catalog.mining-ctt.ru/companies/company/147889-elektronnye-propuska.html";"Электронные пропуска";"";"";"";""
"https://catalog.mining-ctt.ru/companies/company/78489-elin-tekhno-moskva-ooo.html";"ЭЛИН-ТЕХНО";"https://www.elintechno.ru";"+7(499)922-01-25";"mail@elintechno.ru";"Россия"
"https://catalog.mining-ctt.ru/companies/company/110696-eltorg-ooo.html";"ЭЛЬТОРГ ООО";"https://jcbzapchasti.ru";"7 965 171 73 85";"zapchastijcb@bk.ru";"Россия"
"https://catalog.mining-ctt.ru/companies/company/110846-eleskyu-ooo.html";"ЭЛЭСКЬЮ ООО";"https://www.lsq-coupling.ru";"88005504939";"lsq.m@mail.ru";"Россия"
"https://catalog.mining-ctt.ru/companies/company/146089-energo-resurs-grupp-erg.html";"ЭНЕРГО РЕСУРС ГРУПП (ЭРГ)";"http://www.ergooil.ru";"+7 (977)347-83-38";"ta@ergooil.ru";"Россия"
"https://catalog.mining-ctt.ru/companies/company/146785-energomash-zao.html";"ЭНЕРГОМАШ ЗАО";"http://www.12v.ru";"+7 (484) 258-07-31";"info@12v.ru";"Россия"
"https://catalog.mining-ctt.ru/companies/company/146308-mnpo-energospetstekhnika-ao.html";"ЭНЕРГОСПЕЦТЕХНИКА";"https://spectech.ru";"+74959212229";"zakaz@spectech.ru";"Россия"
"https://catalog.mining-ctt.ru/companies/company/146110-profajti-ooo.html";"ЮС АВТО";"https://us-doc.ru";"+7 495 1260685";"soft@usavto.pro";"Россия"
